group,training_seed,candidate,best_feasible_luts,best_levels,feasible
A,10,0,365,4,True
A,10,1,337,4,True
A,10,2,337,4,True
A,10,3,328,4,True
A,10,4,321,4,True
A,10,5,321,4,True
A,10,6,321,4,True
A,10,7,321,4,True
A,10,8,321,4,True
A,10,9,321,4,True
A,10,10,321,4,True
A,10,11,321,4,True
A,10,12,321,4,True
A,10,13,321,4,True
A,10,14,321,4,True
A,10,15,321,4,True
A,10,16,321,4,True
A,10,17,321,4,True
A,10,18,320,4,True
A,10,19,320,4,True
A,10,20,320,4,True
A,10,21,320,4,True
A,10,22,320,4,True
A,10,23,320,4,True
A,10,24,320,4,True
A,10,25,320,4,True
A,10,26,320,4,True
A,10,27,320,4,True
A,10,28,320,4,True
A,10,29,320,4,True
A,10,30,320,4,True
A,10,31,320,4,True
A,10,32,320,4,True
A,10,33,320,4,True
A,10,34,320,4,True
A,10,35,320,4,True
A,10,36,320,4,True
A,10,37,320,4,True
A,10,38,320,4,True
A,10,39,319,4,True
A,10,40,316,4,True
A,10,41,316,4,True
A,10,42,316,4,True
A,10,43,316,4,True
A,10,44,316,4,True
A,10,45,316,4,True
A,10,46,316,4,True
A,10,47,316,4,True
A,10,48,316,4,True
A,10,49,315,4,True
A,10,50,312,4,True
A,10,51,312,4,True
A,10,52,312,4,True
A,10,53,312,4,True
A,10,54,312,4,True
A,10,55,312,4,True
A,10,56,312,4,True
A,10,57,312,4,True
A,10,58,312,4,True
A,10,59,312,4,True
A,10,60,312,4,True
A,10,61,312,4,True
A,10,62,312,4,True
A,10,63,312,4,True
A,10,64,312,4,True
A,10,65,312,4,True
A,10,66,312,4,True
A,10,67,312,4,True
A,10,68,312,4,True
A,10,69,312,4,True
A,10,70,312,4,True
A,10,71,312,4,True
A,10,72,312,4,True
A,10,73,312,4,True
A,10,74,312,4,True
A,10,75,312,4,True
A,10,76,312,4,True
A,10,77,312,4,True
A,10,78,312,4,True
A,10,79,312,4,True
A,10,80,312,4,True
A,10,81,312,4,True
A,10,82,312,4,True
A,10,83,312,4,True
A,10,84,312,4,True
A,10,85,312,4,True
A,10,86,312,4,True
A,10,87,312,4,True
A,10,88,312,4,True
A,10,89,312,4,True
A,10,90,312,4,True
A,10,91,312,4,True
A,10,92,312,4,True
A,10,93,312,4,True
A,10,94,312,4,True
A,10,95,312,4,True
A,10,96,312,4,True
A,10,97,312,4,True
A,10,98,312,4,True
A,10,99,312,4,True
A,10,100,312,4,True
A,10,101,312,4,True
A,10,102,312,4,True
A,10,103,312,4,True
A,10,104,312,4,True
A,10,105,312,4,True
A,10,106,312,4,True
A,10,107,312,4,True
A,10,108,312,4,True
A,10,109,312,4,True
A,10,110,312,4,True
A,10,111,312,4,True
A,10,112,312,4,True
A,10,113,312,4,True
A,10,114,312,4,True
A,10,115,312,4,True
A,10,116,312,4,True
A,10,117,312,4,True
A,10,118,312,4,True
A,10,119,312,4,True
A,10,120,312,4,True
A,10,121,312,4,True
A,10,122,312,4,True
A,10,123,312,4,True
A,10,124,312,4,True
A,10,125,312,4,True
A,10,126,312,4,True
A,10,127,312,4,True
A,10,128,312,4,True
A,10,129,312,4,True
A,10,130,312,4,True
A,10,131,312,4,True
A,10,132,312,4,True
A,10,133,312,4,True
A,10,134,312,4,True
A,10,135,312,4,True
A,10,136,312,4,True
A,10,137,312,4,True
A,10,138,312,4,True
A,10,139,312,4,True
A,10,140,312,4,True
A,10,141,312,4,True
A,10,142,312,4,True
A,10,143,312,4,True
A,10,144,312,4,True
A,10,145,312,4,True
A,10,146,312,4,True
A,10,147,312,4,True
A,10,148,312,4,True
A,10,149,312,4,True
A,10,150,312,4,True
A,10,151,312,4,True
A,10,152,312,4,True
A,10,153,312,4,True
A,10,154,312,4,True
A,10,155,312,4,True
A,10,156,312,4,True
A,10,157,312,4,True
A,10,158,312,4,True
A,10,159,312,4,True
A,10,160,312,4,True
A,10,161,312,4,True
A,10,162,312,4,True
A,10,163,312,4,True
A,10,164,312,4,True
A,10,165,312,4,True
A,10,166,312,4,True
A,10,167,312,4,True
A,10,168,312,4,True
A,10,169,312,4,True
A,10,170,312,4,True
A,10,171,312,4,True
A,10,172,312,4,True
A,10,173,312,4,True
A,10,174,312,4,True
A,10,175,312,4,True
A,10,176,312,4,True
A,10,177,312,4,True
A,10,178,312,4,True
A,10,179,312,4,True
A,10,180,312,4,True
A,10,181,312,4,True
A,10,182,312,4,True
A,10,183,312,4,True
A,10,184,312,4,True
A,10,185,312,4,True
A,10,186,312,4,True
A,10,187,312,4,True
A,10,188,312,4,True
A,10,189,312,4,True
A,10,190,312,4,True
A,10,191,312,4,True
A,10,192,312,4,True
A,10,193,312,4,True
A,10,194,312,4,True
A,10,195,312,4,True
A,10,196,312,4,True
A,10,197,312,4,True
A,10,198,312,4,True
A,10,199,312,4,True
A,10,200,312,4,True
A,10,201,312,4,True
A,10,202,312,4,True
A,10,203,312,4,True
A,10,204,312,4,True
A,10,205,312,4,True
A,10,206,312,4,True
A,10,207,312,4,True
A,10,208,312,4,True
A,10,209,312,4,True
A,10,210,312,4,True
A,10,211,312,4,True
A,10,212,312,4,True
A,10,213,312,4,True
A,10,214,312,4,True
A,10,215,312,4,True
A,10,216,312,4,True
A,10,217,312,4,True
A,10,218,312,4,True
A,10,219,312,4,True
A,10,220,312,4,True
A,10,221,312,4,True
A,10,222,312,4,True
A,10,223,312,4,True
A,10,224,312,4,True
A,10,225,312,4,True
A,10,226,312,4,True
A,10,227,312,4,True
A,10,228,312,4,True
A,10,229,312,4,True
A,10,230,312,4,True
A,10,231,312,4,True
A,10,232,312,4,True
A,10,233,312,4,True
A,10,234,312,4,True
A,10,235,312,4,True
A,10,236,312,4,True
A,10,237,312,4,True
A,10,238,312,4,True
A,10,239,312,4,True
A,10,240,312,4,True
A,10,241,312,4,True
A,10,242,312,4,True
A,10,243,312,4,True
A,10,244,312,4,True
A,10,245,312,4,True
A,10,246,312,4,True
A,10,247,312,4,True
A,10,248,312,4,True
A,10,249,312,4,True
A,10,250,312,4,True
A,10,251,312,4,True
A,10,252,312,4,True
A,10,253,312,4,True
A,10,254,312,4,True
A,10,255,312,4,True
A,10,256,312,4,True
A,10,257,312,4,True
A,10,258,312,4,True
A,10,259,312,4,True
A,10,260,312,4,True
A,10,261,312,4,True
A,10,262,312,4,True
A,10,263,312,4,True
A,10,264,312,4,True
A,10,265,312,4,True
A,10,266,312,4,True
A,10,267,312,4,True
A,10,268,312,4,True
A,10,269,312,4,True
A,10,270,312,4,True
A,10,271,312,4,True
A,10,272,312,4,True
A,10,273,312,4,True
A,10,274,312,4,True
A,10,275,312,4,True
A,10,276,312,4,True
A,10,277,312,4,True
A,10,278,312,4,True
A,10,279,312,4,True
A,10,280,312,4,True
A,10,281,312,4,True
A,10,282,312,4,True
A,10,283,312,4,True
A,10,284,312,4,True
A,10,285,312,4,True
A,10,286,312,4,True
A,10,287,312,4,True
A,10,288,312,4,True
A,10,289,312,4,True
A,10,290,312,4,True
A,10,291,312,4,True
A,10,292,312,4,True
A,10,293,312,4,True
A,10,294,312,4,True
A,10,295,312,4,True
A,10,296,312,4,True
A,10,297,312,4,True
A,10,298,312,4,True
A,10,299,312,4,True
A,10,300,312,4,True
A,10,301,312,4,True
A,10,302,312,4,True
A,10,303,312,4,True
A,10,304,312,4,True
A,10,305,312,4,True
A,10,306,312,4,True
A,10,307,312,4,True
A,10,308,312,4,True
A,10,309,312,4,True
A,10,310,312,4,True
A,10,311,312,4,True
A,10,312,312,4,True
A,10,313,312,4,True
A,10,314,312,4,True
A,10,315,312,4,True
A,10,316,312,4,True
A,10,317,312,4,True
A,10,318,312,4,True
A,10,319,312,4,True
A,10,320,312,4,True
A,10,321,312,4,True
A,10,322,312,4,True
A,10,323,312,4,True
A,10,324,312,4,True
A,10,325,312,4,True
A,10,326,312,4,True
A,10,327,312,4,True
A,10,328,312,4,True
A,10,329,312,4,True
A,10,330,312,4,True
A,10,331,312,4,True
A,10,332,312,4,True
A,10,333,312,4,True
A,10,334,312,4,True
A,10,335,312,4,True
A,10,336,312,4,True
A,10,337,312,4,True
A,10,338,312,4,True
A,10,339,312,4,True
A,10,340,312,4,True
A,10,341,312,4,True
A,10,342,312,4,True
A,10,343,312,4,True
A,10,344,312,4,True
A,10,345,312,4,True
A,10,346,312,4,True
A,10,347,312,4,True
A,10,348,312,4,True
A,10,349,312,4,True
A,10,350,312,4,True
A,10,351,312,4,True
A,10,352,312,4,True
A,10,353,312,4,True
A,10,354,312,4,True
A,10,355,312,4,True
A,10,356,312,4,True
A,10,357,312,4,True
A,10,358,312,4,True
A,10,359,312,4,True
A,10,360,312,4,True
A,10,361,312,4,True
A,10,362,312,4,True
A,10,363,312,4,True
A,10,364,312,4,True
A,10,365,312,4,True
A,10,366,312,4,True
A,10,367,312,4,True
A,10,368,312,4,True
A,10,369,312,4,True
A,10,370,312,4,True
A,10,371,312,4,True
A,10,372,312,4,True
A,10,373,312,4,True
A,10,374,312,4,True
A,10,375,312,4,True
A,10,376,312,4,True
A,10,377,312,4,True
A,10,378,312,4,True
A,10,379,312,4,True
A,10,380,312,4,True
A,10,381,312,4,True
A,10,382,312,4,True
A,10,383,312,4,True
A,10,384,312,4,True
A,10,385,312,4,True
A,10,386,312,4,True
A,10,387,312,4,True
A,10,388,312,4,True
A,10,389,312,4,True
A,10,390,312,4,True
A,10,391,312,4,True
A,10,392,312,4,True
A,10,393,312,4,True
A,10,394,312,4,True
A,10,395,312,4,True
A,10,396,312,4,True
A,10,397,312,4,True
A,10,398,312,4,True
A,10,399,312,4,True
A,10,400,312,4,True
A,10,401,312,4,True
A,10,402,312,4,True
A,10,403,312,4,True
A,10,404,312,4,True
A,10,405,312,4,True
A,10,406,312,4,True
A,10,407,312,4,True
A,10,408,312,4,True
A,10,409,312,4,True
A,10,410,312,4,True
A,10,411,312,4,True
A,10,412,312,4,True
A,10,413,312,4,True
A,10,414,312,4,True
A,10,415,312,4,True
A,10,416,312,4,True
A,10,417,312,4,True
A,10,418,312,4,True
A,10,419,312,4,True
A,10,420,312,4,True
A,10,421,312,4,True
A,10,422,312,4,True
A,10,423,312,4,True
A,10,424,312,4,True
A,10,425,312,4,True
A,10,426,312,4,True
A,10,427,312,4,True
A,10,428,312,4,True
A,10,429,312,4,True
A,10,430,312,4,True
A,10,431,312,4,True
A,10,432,312,4,True
A,10,433,312,4,True
A,10,434,312,4,True
A,10,435,312,4,True
A,10,436,312,4,True
A,10,437,312,4,True
A,10,438,312,4,True
A,10,439,312,4,True
A,10,440,312,4,True
A,10,441,312,4,True
A,10,442,312,4,True
A,10,443,312,4,True
A,10,444,312,4,True
A,10,445,312,4,True
A,10,446,312,4,True
A,10,447,312,4,True
A,10,448,312,4,True
A,10,449,312,4,True
A,10,450,312,4,True
A,10,451,312,4,True
A,10,452,312,4,True
A,10,453,312,4,True
A,10,454,312,4,True
A,10,455,312,4,True
A,10,456,312,4,True
A,10,457,312,4,True
A,10,458,312,4,True
A,10,459,312,4,True
A,10,460,312,4,True
A,10,461,312,4,True
A,10,462,312,4,True
A,10,463,312,4,True
A,10,464,312,4,True
A,10,465,312,4,True
A,10,466,312,4,True
A,10,467,312,4,True
A,10,468,312,4,True
A,10,469,312,4,True
A,10,470,312,4,True
A,10,471,312,4,True
A,10,472,312,4,True
A,10,473,312,4,True
A,10,474,312,4,True
A,10,475,312,4,True
A,10,476,312,4,True
A,10,477,310,4,True
A,10,478,310,4,True
A,10,479,310,4,True
A,10,480,310,4,True
A,10,481,310,4,True
A,10,482,310,4,True
A,10,483,310,4,True
A,10,484,310,4,True
A,10,485,310,4,True
A,10,486,310,4,True
A,10,487,310,4,True
A,10,488,310,4,True
A,10,489,310,4,True
A,10,490,310,4,True
A,10,491,310,4,True
A,10,492,310,4,True
A,10,493,310,4,True
A,10,494,310,4,True
A,10,495,310,4,True
A,10,496,310,4,True
A,10,497,310,4,True
A,10,498,310,4,True
A,10,499,310,4,True
A,10,500,310,4,True
A,10,501,310,4,True
A,10,502,310,4,True
A,10,503,310,4,True
A,10,504,310,4,True
A,10,505,310,4,True
A,10,506,310,4,True
A,10,507,310,4,True
A,10,508,310,4,True
A,10,509,310,4,True
A,10,510,310,4,True
A,10,511,310,4,True
A,10,512,310,4,True
A,10,513,310,4,True
A,10,514,310,4,True
A,10,515,310,4,True
A,10,516,310,4,True
A,10,517,310,4,True
A,10,518,310,4,True
A,10,519,310,4,True
A,10,520,310,4,True
A,10,521,310,4,True
A,10,522,310,4,True
A,10,523,310,4,True
A,10,524,310,4,True
A,10,525,310,4,True
A,10,526,310,4,True
A,10,527,310,4,True
A,10,528,310,4,True
A,10,529,310,4,True
A,10,530,310,4,True
A,10,531,310,4,True
A,10,532,310,4,True
A,10,533,310,4,True
A,10,534,310,4,True
A,10,535,310,4,True
A,10,536,310,4,True
A,10,537,310,4,True
A,10,538,310,4,True
A,10,539,310,4,True
A,10,540,310,4,True
A,10,541,310,4,True
A,10,542,310,4,True
A,10,543,310,4,True
A,10,544,310,4,True
A,10,545,310,4,True
A,10,546,310,4,True
A,10,547,310,4,True
A,10,548,310,4,True
A,10,549,310,4,True
A,10,550,310,4,True
A,10,551,310,4,True
A,10,552,310,4,True
A,10,553,310,4,True
A,10,554,310,4,True
A,10,555,310,4,True
A,10,556,310,4,True
A,10,557,310,4,True
A,10,558,310,4,True
A,10,559,310,4,True
A,10,560,310,4,True
A,10,561,310,4,True
A,10,562,310,4,True
A,10,563,310,4,True
A,10,564,310,4,True
A,10,565,310,4,True
A,10,566,310,4,True
A,10,567,310,4,True
A,10,568,310,4,True
A,10,569,310,4,True
A,10,570,310,4,True
A,10,571,310,4,True
A,10,572,310,4,True
A,10,573,310,4,True
A,10,574,310,4,True
A,10,575,310,4,True
A,10,576,310,4,True
A,10,577,310,4,True
A,10,578,310,4,True
A,10,579,310,4,True
A,10,580,310,4,True
A,10,581,310,4,True
A,10,582,310,4,True
A,10,583,310,4,True
A,10,584,310,4,True
A,10,585,310,4,True
A,10,586,310,4,True
A,10,587,310,4,True
A,10,588,310,4,True
A,10,589,310,4,True
A,10,590,310,4,True
A,10,591,310,4,True
A,10,592,310,4,True
A,10,593,310,4,True
A,10,594,310,4,True
A,10,595,310,4,True
A,10,596,310,4,True
A,10,597,310,4,True
A,10,598,310,4,True
A,10,599,310,4,True
A,10,600,310,4,True
A,10,601,310,4,True
A,10,602,310,4,True
A,10,603,310,4,True
A,10,604,310,4,True
A,10,605,310,4,True
A,10,606,310,4,True
A,10,607,310,4,True
A,10,608,310,4,True
A,10,609,310,4,True
A,10,610,310,4,True
A,10,611,310,4,True
A,10,612,310,4,True
A,10,613,310,4,True
A,10,614,310,4,True
A,10,615,310,4,True
A,10,616,310,4,True
A,10,617,310,4,True
A,10,618,310,4,True
A,10,619,310,4,True
A,10,620,310,4,True
A,10,621,310,4,True
A,10,622,310,4,True
A,10,623,310,4,True
A,10,624,310,4,True
A,10,625,310,4,True
A,10,626,310,4,True
A,10,627,310,4,True
A,10,628,310,4,True
A,10,629,310,4,True
A,10,630,310,4,True
A,10,631,310,4,True
A,10,632,310,4,True
A,10,633,310,4,True
A,10,634,310,4,True
A,10,635,310,4,True
A,10,636,310,4,True
A,10,637,310,4,True
A,10,638,310,4,True
A,10,639,310,4,True
A,10,640,310,4,True
A,10,641,310,4,True
A,10,642,310,4,True
A,10,643,310,4,True
A,10,644,310,4,True
A,10,645,310,4,True
A,10,646,310,4,True
A,10,647,310,4,True
A,10,648,310,4,True
A,10,649,310,4,True
A,10,650,310,4,True
A,10,651,310,4,True
A,10,652,310,4,True
A,10,653,310,4,True
A,10,654,310,4,True
A,10,655,310,4,True
A,10,656,310,4,True
A,10,657,310,4,True
A,10,658,310,4,True
A,10,659,310,4,True
A,10,660,310,4,True
A,10,661,310,4,True
A,10,662,310,4,True
A,10,663,310,4,True
A,10,664,310,4,True
A,10,665,310,4,True
A,10,666,310,4,True
A,10,667,310,4,True
A,10,668,310,4,True
A,10,669,310,4,True
A,10,670,310,4,True
A,10,671,310,4,True
A,10,672,310,4,True
A,10,673,310,4,True
A,10,674,310,4,True
A,10,675,310,4,True
A,10,676,310,4,True
A,10,677,310,4,True
A,10,678,310,4,True
A,10,679,310,4,True
A,10,680,310,4,True
A,10,681,310,4,True
A,10,682,310,4,True
A,10,683,310,4,True
A,10,684,310,4,True
A,10,685,310,4,True
A,10,686,310,4,True
A,10,687,310,4,True
A,10,688,310,4,True
A,10,689,310,4,True
A,10,690,310,4,True
A,10,691,310,4,True
A,10,692,310,4,True
A,10,693,310,4,True
A,10,694,310,4,True
A,10,695,310,4,True
A,10,696,310,4,True
A,10,697,310,4,True
A,10,698,310,4,True
A,10,699,309,4,True
A,10,700,309,4,True
A,10,701,309,4,True
A,10,702,309,4,True
A,10,703,309,4,True
A,10,704,309,4,True
A,10,705,309,4,True
A,10,706,309,4,True
A,10,707,309,4,True
A,10,708,309,4,True
A,10,709,309,4,True
A,10,710,309,4,True
A,10,711,309,4,True
A,10,712,309,4,True
A,10,713,309,4,True
A,10,714,309,4,True
A,10,715,309,4,True
A,10,716,309,4,True
A,10,717,309,4,True
A,10,718,309,4,True
A,10,719,309,4,True
A,10,720,309,4,True
A,10,721,309,4,True
A,10,722,309,4,True
A,10,723,309,4,True
A,10,724,309,4,True
A,10,725,309,4,True
A,10,726,309,4,True
A,10,727,309,4,True
A,10,728,309,4,True
A,10,729,309,4,True
A,10,730,309,4,True
A,10,731,309,4,True
A,10,732,309,4,True
A,10,733,309,4,True
A,10,734,309,4,True
A,10,735,309,4,True
A,10,736,309,4,True
A,10,737,309,4,True
A,10,738,309,4,True
A,10,739,309,4,True
A,10,740,309,4,True
A,10,741,309,4,True
A,10,742,309,4,True
A,10,743,309,4,True
A,10,744,309,4,True
A,10,745,309,4,True
A,10,746,309,4,True
A,10,747,309,4,True
A,10,748,309,4,True
A,10,749,309,4,True
A,10,750,309,4,True
A,10,751,309,4,True
A,10,752,309,4,True
A,10,753,309,4,True
A,10,754,309,4,True
A,10,755,309,4,True
A,10,756,309,4,True
A,10,757,309,4,True
A,10,758,309,4,True
A,10,759,309,4,True
A,10,760,309,4,True
A,10,761,309,4,True
A,10,762,309,4,True
A,10,763,309,4,True
A,10,764,309,4,True
A,10,765,309,4,True
A,10,766,309,4,True
A,10,767,309,4,True
A,10,768,309,4,True
A,10,769,309,4,True
A,10,770,309,4,True
A,10,771,309,4,True
A,10,772,309,4,True
A,10,773,309,4,True
A,10,774,309,4,True
A,10,775,309,4,True
A,10,776,309,4,True
A,10,777,309,4,True
A,10,778,309,4,True
A,10,779,309,4,True
A,10,780,309,4,True
A,10,781,309,4,True
A,10,782,309,4,True
A,10,783,309,4,True
A,10,784,309,4,True
A,10,785,309,4,True
A,10,786,309,4,True
A,10,787,309,4,True
A,10,788,309,4,True
A,10,789,309,4,True
A,10,790,309,4,True
A,10,791,309,4,True
A,10,792,309,4,True
A,10,793,309,4,True
A,10,794,309,4,True
A,10,795,309,4,True
A,10,796,309,4,True
A,10,797,309,4,True
A,10,798,309,4,True
A,10,799,309,4,True
A,10,800,309,4,True
A,10,801,309,4,True
A,10,802,309,4,True
A,10,803,309,4,True
A,10,804,309,4,True
A,10,805,309,4,True
A,10,806,309,4,True
A,10,807,309,4,True
A,10,808,309,4,True
A,10,809,309,4,True
A,10,810,309,4,True
A,10,811,309,4,True
A,10,812,309,4,True
A,10,813,309,4,True
A,10,814,309,4,True
A,10,815,309,4,True
A,10,816,309,4,True
A,10,817,309,4,True
A,10,818,309,4,True
A,10,819,309,4,True
A,10,820,309,4,True
A,10,821,309,4,True
A,10,822,309,4,True
A,10,823,309,4,True
A,10,824,309,4,True
A,10,825,309,4,True
A,10,826,309,4,True
A,10,827,309,4,True
A,10,828,309,4,True
A,10,829,309,4,True
A,10,830,309,4,True
A,10,831,309,4,True
A,10,832,309,4,True
A,10,833,309,4,True
A,10,834,309,4,True
A,10,835,309,4,True
A,10,836,309,4,True
A,10,837,309,4,True
A,10,838,309,4,True
A,10,839,309,4,True
A,10,840,309,4,True
A,10,841,309,4,True
A,10,842,309,4,True
A,10,843,309,4,True
A,10,844,309,4,True
A,10,845,309,4,True
A,10,846,309,4,True
A,10,847,309,4,True
A,10,848,309,4,True
A,10,849,309,4,True
A,10,850,309,4,True
A,10,851,309,4,True
A,10,852,309,4,True
A,10,853,309,4,True
A,10,854,309,4,True
A,10,855,309,4,True
A,10,856,309,4,True
A,10,857,309,4,True
A,10,858,309,4,True
A,10,859,309,4,True
A,10,860,309,4,True
A,10,861,309,4,True
A,10,862,309,4,True
A,10,863,309,4,True
A,10,864,309,4,True
A,10,865,309,4,True
A,10,866,309,4,True
A,10,867,309,4,True
A,10,868,309,4,True
A,10,869,309,4,True
A,10,870,309,4,True
A,10,871,309,4,True
A,10,872,309,4,True
A,10,873,309,4,True
A,10,874,309,4,True
A,10,875,309,4,True
A,10,876,309,4,True
A,10,877,309,4,True
A,10,878,309,4,True
A,10,879,309,4,True
A,10,880,309,4,True
A,10,881,309,4,True
A,10,882,309,4,True
A,10,883,309,4,True
A,10,884,309,4,True
A,10,885,309,4,True
A,10,886,309,4,True
A,10,887,308,4,True
A,10,888,307,4,True
A,10,889,305,4,True
A,10,890,304,4,True
A,10,891,304,4,True
A,10,892,304,4,True
A,10,893,304,4,True
A,10,894,304,4,True
A,10,895,304,4,True
A,10,896,304,4,True
A,10,897,304,4,True
A,10,898,304,4,True
A,10,899,304,4,True
A,10,900,304,4,True
A,10,901,304,4,True
A,10,902,304,4,True
A,10,903,304,4,True
A,10,904,304,4,True
A,10,905,304,4,True
A,10,906,304,4,True
A,10,907,304,4,True
A,10,908,304,4,True
A,10,909,304,4,True
A,10,910,304,4,True
A,10,911,304,4,True
A,10,912,304,4,True
A,10,913,304,4,True
A,10,914,304,4,True
A,10,915,304,4,True
A,10,916,304,4,True
A,10,917,304,4,True
A,10,918,304,4,True
A,10,919,304,4,True
A,10,920,304,4,True
A,10,921,304,4,True
A,10,922,304,4,True
A,10,923,304,4,True
A,10,924,304,4,True
A,10,925,304,4,True
A,10,926,304,4,True
A,10,927,304,4,True
A,10,928,304,4,True
A,10,929,304,4,True
A,10,930,304,4,True
A,10,931,304,4,True
A,10,932,304,4,True
A,10,933,304,4,True
A,10,934,304,4,True
A,10,935,304,4,True
A,10,936,304,4,True
A,10,937,304,4,True
A,10,938,304,4,True
A,10,939,304,4,True
A,10,940,304,4,True
A,10,941,304,4,True
A,10,942,304,4,True
A,10,943,304,4,True
A,10,944,304,4,True
A,10,945,304,4,True
A,10,946,304,4,True
A,10,947,304,4,True
A,10,948,304,4,True
A,10,949,304,4,True
A,10,950,304,4,True
A,10,951,304,4,True
A,10,952,304,4,True
A,10,953,304,4,True
A,10,954,304,4,True
A,10,955,304,4,True
A,10,956,304,4,True
A,10,957,304,4,True
A,10,958,304,4,True
A,10,959,304,4,True
A,10,960,304,4,True
A,10,961,304,4,True
A,10,962,304,4,True
A,10,963,304,4,True
A,10,964,304,4,True
A,10,965,304,4,True
A,10,966,304,4,True
A,10,967,304,4,True
A,10,968,304,4,True
A,10,969,304,4,True
A,10,970,304,4,True
A,10,971,304,4,True
A,10,972,304,4,True
A,10,973,304,4,True
A,10,974,304,4,True
A,10,975,304,4,True
A,10,976,304,4,True
A,10,977,304,4,True
A,10,978,304,4,True
A,10,979,304,4,True
A,10,980,304,4,True
A,10,981,304,4,True
A,10,982,304,4,True
A,10,983,304,4,True
A,10,984,304,4,True
A,10,985,304,4,True
A,10,986,304,4,True
A,10,987,304,4,True
A,10,988,304,4,True
A,10,989,304,4,True
A,10,990,304,4,True
A,10,991,304,4,True
A,10,992,304,4,True
A,10,993,304,4,True
A,10,994,304,4,True
A,10,995,304,4,True
A,10,996,304,4,True
A,10,997,304,4,True
A,10,998,304,4,True
A,10,999,304,4,True
A,10,1000,304,4,True
A,11,0,365,4,True
A,11,1,337,4,True
A,11,2,336,4,True
A,11,3,322,4,True
A,11,4,322,4,True
A,11,5,318,4,True
A,11,6,318,4,True
A,11,7,318,4,True
A,11,8,318,4,True
A,11,9,317,4,True
A,11,10,316,4,True
A,11,11,316,4,True
A,11,12,316,4,True
A,11,13,316,4,True
A,11,14,316,4,True
A,11,15,316,4,True
A,11,16,316,4,True
A,11,17,316,4,True
A,11,18,316,4,True
A,11,19,316,4,True
A,11,20,316,4,True
A,11,21,316,4,True
A,11,22,316,4,True
A,11,23,316,4,True
A,11,24,316,4,True
A,11,25,316,4,True
A,11,26,316,4,True
A,11,27,316,4,True
A,11,28,316,4,True
A,11,29,316,4,True
A,11,30,316,4,True
A,11,31,316,4,True
A,11,32,316,4,True
A,11,33,316,4,True
A,11,34,316,4,True
A,11,35,316,4,True
A,11,36,316,4,True
A,11,37,316,4,True
A,11,38,316,4,True
A,11,39,316,4,True
A,11,40,316,4,True
A,11,41,316,4,True
A,11,42,316,4,True
A,11,43,316,4,True
A,11,44,316,4,True
A,11,45,316,4,True
A,11,46,316,4,True
A,11,47,316,4,True
A,11,48,316,4,True
A,11,49,316,4,True
A,11,50,316,4,True
A,11,51,316,4,True
A,11,52,316,4,True
A,11,53,316,4,True
A,11,54,316,4,True
A,11,55,316,4,True
A,11,56,316,4,True
A,11,57,316,4,True
A,11,58,314,4,True
A,11,59,314,4,True
A,11,60,314,4,True
A,11,61,314,4,True
A,11,62,314,4,True
A,11,63,314,4,True
A,11,64,314,4,True
A,11,65,314,4,True
A,11,66,314,4,True
A,11,67,314,4,True
A,11,68,314,4,True
A,11,69,314,4,True
A,11,70,314,4,True
A,11,71,314,4,True
A,11,72,314,4,True
A,11,73,314,4,True
A,11,74,314,4,True
A,11,75,314,4,True
A,11,76,314,4,True
A,11,77,314,4,True
A,11,78,314,4,True
A,11,79,314,4,True
A,11,80,314,4,True
A,11,81,314,4,True
A,11,82,314,4,True
A,11,83,314,4,True
A,11,84,314,4,True
A,11,85,314,4,True
A,11,86,314,4,True
A,11,87,314,4,True
A,11,88,314,4,True
A,11,89,314,4,True
A,11,90,314,4,True
A,11,91,314,4,True
A,11,92,314,4,True
A,11,93,314,4,True
A,11,94,314,4,True
A,11,95,314,4,True
A,11,96,314,4,True
A,11,97,314,4,True
A,11,98,314,4,True
A,11,99,314,4,True
A,11,100,314,4,True
A,11,101,314,4,True
A,11,102,314,4,True
A,11,103,314,4,True
A,11,104,314,4,True
A,11,105,314,4,True
A,11,106,314,4,True
A,11,107,314,4,True
A,11,108,314,4,True
A,11,109,314,4,True
A,11,110,314,4,True
A,11,111,314,4,True
A,11,112,314,4,True
A,11,113,314,4,True
A,11,114,314,4,True
A,11,115,314,4,True
A,11,116,314,4,True
A,11,117,314,4,True
A,11,118,314,4,True
A,11,119,314,4,True
A,11,120,314,4,True
A,11,121,314,4,True
A,11,122,314,4,True
A,11,123,314,4,True
A,11,124,314,4,True
A,11,125,314,4,True
A,11,126,314,4,True
A,11,127,314,4,True
A,11,128,314,4,True
A,11,129,314,4,True
A,11,130,314,4,True
A,11,131,314,4,True
A,11,132,314,4,True
A,11,133,314,4,True
A,11,134,314,4,True
A,11,135,314,4,True
A,11,136,314,4,True
A,11,137,314,4,True
A,11,138,314,4,True
A,11,139,314,4,True
A,11,140,314,4,True
A,11,141,314,4,True
A,11,142,314,4,True
A,11,143,314,4,True
A,11,144,314,4,True
A,11,145,314,4,True
A,11,146,314,4,True
A,11,147,314,4,True
A,11,148,314,4,True
A,11,149,314,4,True
A,11,150,314,4,True
A,11,151,314,4,True
A,11,152,314,4,True
A,11,153,314,4,True
A,11,154,314,4,True
A,11,155,314,4,True
A,11,156,314,4,True
A,11,157,314,4,True
A,11,158,314,4,True
A,11,159,314,4,True
A,11,160,314,4,True
A,11,161,314,4,True
A,11,162,314,4,True
A,11,163,314,4,True
A,11,164,314,4,True
A,11,165,314,4,True
A,11,166,314,4,True
A,11,167,314,4,True
A,11,168,314,4,True
A,11,169,314,4,True
A,11,170,314,4,True
A,11,171,314,4,True
A,11,172,314,4,True
A,11,173,314,4,True
A,11,174,314,4,True
A,11,175,314,4,True
A,11,176,314,4,True
A,11,177,314,4,True
A,11,178,314,4,True
A,11,179,314,4,True
A,11,180,314,4,True
A,11,181,314,4,True
A,11,182,314,4,True
A,11,183,314,4,True
A,11,184,314,4,True
A,11,185,314,4,True
A,11,186,314,4,True
A,11,187,314,4,True
A,11,188,314,4,True
A,11,189,314,4,True
A,11,190,314,4,True
A,11,191,314,4,True
A,11,192,314,4,True
A,11,193,314,4,True
A,11,194,314,4,True
A,11,195,314,4,True
A,11,196,314,4,True
A,11,197,314,4,True
A,11,198,314,4,True
A,11,199,314,4,True
A,11,200,314,4,True
A,11,201,314,4,True
A,11,202,314,4,True
A,11,203,314,4,True
A,11,204,314,4,True
A,11,205,314,4,True
A,11,206,314,4,True
A,11,207,314,4,True
A,11,208,314,4,True
A,11,209,314,4,True
A,11,210,314,4,True
A,11,211,314,4,True
A,11,212,314,4,True
A,11,213,314,4,True
A,11,214,314,4,True
A,11,215,314,4,True
A,11,216,314,4,True
A,11,217,314,4,True
A,11,218,314,4,True
A,11,219,314,4,True
A,11,220,314,4,True
A,11,221,314,4,True
A,11,222,314,4,True
A,11,223,314,4,True
A,11,224,314,4,True
A,11,225,314,4,True
A,11,226,314,4,True
A,11,227,314,4,True
A,11,228,314,4,True
A,11,229,314,4,True
A,11,230,314,4,True
A,11,231,314,4,True
A,11,232,314,4,True
A,11,233,314,4,True
A,11,234,314,4,True
A,11,235,314,4,True
A,11,236,314,4,True
A,11,237,314,4,True
A,11,238,314,4,True
A,11,239,314,4,True
A,11,240,314,4,True
A,11,241,314,4,True
A,11,242,314,4,True
A,11,243,314,4,True
A,11,244,314,4,True
A,11,245,314,4,True
A,11,246,314,4,True
A,11,247,314,4,True
A,11,248,314,4,True
A,11,249,314,4,True
A,11,250,314,4,True
A,11,251,314,4,True
A,11,252,314,4,True
A,11,253,314,4,True
A,11,254,314,4,True
A,11,255,314,4,True
A,11,256,314,4,True
A,11,257,314,4,True
A,11,258,314,4,True
A,11,259,314,4,True
A,11,260,314,4,True
A,11,261,314,4,True
A,11,262,314,4,True
A,11,263,314,4,True
A,11,264,314,4,True
A,11,265,314,4,True
A,11,266,314,4,True
A,11,267,314,4,True
A,11,268,314,4,True
A,11,269,314,4,True
A,11,270,314,4,True
A,11,271,314,4,True
A,11,272,314,4,True
A,11,273,314,4,True
A,11,274,314,4,True
A,11,275,314,4,True
A,11,276,314,4,True
A,11,277,314,4,True
A,11,278,314,4,True
A,11,279,314,4,True
A,11,280,314,4,True
A,11,281,314,4,True
A,11,282,314,4,True
A,11,283,314,4,True
A,11,284,314,4,True
A,11,285,314,4,True
A,11,286,314,4,True
A,11,287,314,4,True
A,11,288,311,4,True
A,11,289,311,4,True
A,11,290,311,4,True
A,11,291,311,4,True
A,11,292,311,4,True
A,11,293,311,4,True
A,11,294,311,4,True
A,11,295,311,4,True
A,11,296,311,4,True
A,11,297,311,4,True
A,11,298,311,4,True
A,11,299,311,4,True
A,11,300,311,4,True
A,11,301,311,4,True
A,11,302,311,4,True
A,11,303,311,4,True
A,11,304,311,4,True
A,11,305,311,4,True
A,11,306,311,4,True
A,11,307,311,4,True
A,11,308,311,4,True
A,11,309,311,4,True
A,11,310,311,4,True
A,11,311,311,4,True
A,11,312,311,4,True
A,11,313,311,4,True
A,11,314,311,4,True
A,11,315,311,4,True
A,11,316,311,4,True
A,11,317,311,4,True
A,11,318,311,4,True
A,11,319,311,4,True
A,11,320,311,4,True
A,11,321,311,4,True
A,11,322,311,4,True
A,11,323,311,4,True
A,11,324,311,4,True
A,11,325,311,4,True
A,11,326,311,4,True
A,11,327,311,4,True
A,11,328,311,4,True
A,11,329,311,4,True
A,11,330,311,4,True
A,11,331,311,4,True
A,11,332,311,4,True
A,11,333,311,4,True
A,11,334,311,4,True
A,11,335,311,4,True
A,11,336,311,4,True
A,11,337,311,4,True
A,11,338,311,4,True
A,11,339,311,4,True
A,11,340,311,4,True
A,11,341,311,4,True
A,11,342,311,4,True
A,11,343,311,4,True
A,11,344,311,4,True
A,11,345,311,4,True
A,11,346,311,4,True
A,11,347,311,4,True
A,11,348,311,4,True
A,11,349,311,4,True
A,11,350,311,4,True
A,11,351,311,4,True
A,11,352,311,4,True
A,11,353,311,4,True
A,11,354,311,4,True
A,11,355,311,4,True
A,11,356,311,4,True
A,11,357,311,4,True
A,11,358,311,4,True
A,11,359,311,4,True
A,11,360,311,4,True
A,11,361,311,4,True
A,11,362,311,4,True
A,11,363,311,4,True
A,11,364,311,4,True
A,11,365,311,4,True
A,11,366,311,4,True
A,11,367,311,4,True
A,11,368,311,4,True
A,11,369,311,4,True
A,11,370,311,4,True
A,11,371,311,4,True
A,11,372,311,4,True
A,11,373,311,4,True
A,11,374,311,4,True
A,11,375,311,4,True
A,11,376,311,4,True
A,11,377,311,4,True
A,11,378,311,4,True
A,11,379,311,4,True
A,11,380,311,4,True
A,11,381,311,4,True
A,11,382,311,4,True
A,11,383,311,4,True
A,11,384,311,4,True
A,11,385,311,4,True
A,11,386,311,4,True
A,11,387,311,4,True
A,11,388,311,4,True
A,11,389,311,4,True
A,11,390,311,4,True
A,11,391,311,4,True
A,11,392,311,4,True
A,11,393,311,4,True
A,11,394,311,4,True
A,11,395,311,4,True
A,11,396,311,4,True
A,11,397,311,4,True
A,11,398,311,4,True
A,11,399,311,4,True
A,11,400,311,4,True
A,11,401,311,4,True
A,11,402,311,4,True
A,11,403,311,4,True
A,11,404,311,4,True
A,11,405,311,4,True
A,11,406,311,4,True
A,11,407,311,4,True
A,11,408,311,4,True
A,11,409,311,4,True
A,11,410,311,4,True
A,11,411,311,4,True
A,11,412,311,4,True
A,11,413,311,4,True
A,11,414,311,4,True
A,11,415,311,4,True
A,11,416,311,4,True
A,11,417,311,4,True
A,11,418,311,4,True
A,11,419,311,4,True
A,11,420,311,4,True
A,11,421,311,4,True
A,11,422,311,4,True
A,11,423,311,4,True
A,11,424,311,4,True
A,11,425,311,4,True
A,11,426,311,4,True
A,11,427,311,4,True
A,11,428,311,4,True
A,11,429,311,4,True
A,11,430,311,4,True
A,11,431,311,4,True
A,11,432,311,4,True
A,11,433,311,4,True
A,11,434,311,4,True
A,11,435,311,4,True
A,11,436,311,4,True
A,11,437,311,4,True
A,11,438,311,4,True
A,11,439,311,4,True
A,11,440,311,4,True
A,11,441,311,4,True
A,11,442,311,4,True
A,11,443,311,4,True
A,11,444,311,4,True
A,11,445,311,4,True
A,11,446,311,4,True
A,11,447,311,4,True
A,11,448,311,4,True
A,11,449,311,4,True
A,11,450,311,4,True
A,11,451,311,4,True
A,11,452,311,4,True
A,11,453,311,4,True
A,11,454,311,4,True
A,11,455,311,4,True
A,11,456,311,4,True
A,11,457,311,4,True
A,11,458,311,4,True
A,11,459,311,4,True
A,11,460,311,4,True
A,11,461,311,4,True
A,11,462,311,4,True
A,11,463,311,4,True
A,11,464,311,4,True
A,11,465,311,4,True
A,11,466,311,4,True
A,11,467,311,4,True
A,11,468,311,4,True
A,11,469,311,4,True
A,11,470,311,4,True
A,11,471,311,4,True
A,11,472,311,4,True
A,11,473,311,4,True
A,11,474,311,4,True
A,11,475,311,4,True
A,11,476,311,4,True
A,11,477,311,4,True
A,11,478,311,4,True
A,11,479,311,4,True
A,11,480,311,4,True
A,11,481,311,4,True
A,11,482,311,4,True
A,11,483,311,4,True
A,11,484,311,4,True
A,11,485,311,4,True
A,11,486,311,4,True
A,11,487,311,4,True
A,11,488,311,4,True
A,11,489,311,4,True
A,11,490,311,4,True
A,11,491,311,4,True
A,11,492,311,4,True
A,11,493,311,4,True
A,11,494,311,4,True
A,11,495,311,4,True
A,11,496,311,4,True
A,11,497,311,4,True
A,11,498,311,4,True
A,11,499,311,4,True
A,11,500,311,4,True
A,11,501,311,4,True
A,11,502,311,4,True
A,11,503,311,4,True
A,11,504,311,4,True
A,11,505,311,4,True
A,11,506,311,4,True
A,11,507,311,4,True
A,11,508,311,4,True
A,11,509,311,4,True
A,11,510,311,4,True
A,11,511,311,4,True
A,11,512,311,4,True
A,11,513,311,4,True
A,11,514,311,4,True
A,11,515,311,4,True
A,11,516,311,4,True
A,11,517,311,4,True
A,11,518,311,4,True
A,11,519,311,4,True
A,11,520,311,4,True
A,11,521,311,4,True
A,11,522,311,4,True
A,11,523,311,4,True
A,11,524,311,4,True
A,11,525,311,4,True
A,11,526,311,4,True
A,11,527,311,4,True
A,11,528,311,4,True
A,11,529,311,4,True
A,11,530,311,4,True
A,11,531,311,4,True
A,11,532,311,4,True
A,11,533,311,4,True
A,11,534,311,4,True
A,11,535,311,4,True
A,11,536,311,4,True
A,11,537,311,4,True
A,11,538,311,4,True
A,11,539,311,4,True
A,11,540,311,4,True
A,11,541,311,4,True
A,11,542,311,4,True
A,11,543,311,4,True
A,11,544,311,4,True
A,11,545,311,4,True
A,11,546,311,4,True
A,11,547,311,4,True
A,11,548,311,4,True
A,11,549,311,4,True
A,11,550,311,4,True
A,11,551,311,4,True
A,11,552,311,4,True
A,11,553,311,4,True
A,11,554,311,4,True
A,11,555,311,4,True
A,11,556,311,4,True
A,11,557,311,4,True
A,11,558,311,4,True
A,11,559,311,4,True
A,11,560,311,4,True
A,11,561,311,4,True
A,11,562,311,4,True
A,11,563,311,4,True
A,11,564,311,4,True
A,11,565,311,4,True
A,11,566,311,4,True
A,11,567,311,4,True
A,11,568,311,4,True
A,11,569,311,4,True
A,11,570,311,4,True
A,11,571,311,4,True
A,11,572,311,4,True
A,11,573,311,4,True
A,11,574,311,4,True
A,11,575,311,4,True
A,11,576,311,4,True
A,11,577,311,4,True
A,11,578,311,4,True
A,11,579,311,4,True
A,11,580,311,4,True
A,11,581,311,4,True
A,11,582,311,4,True
A,11,583,311,4,True
A,11,584,311,4,True
A,11,585,311,4,True
A,11,586,311,4,True
A,11,587,311,4,True
A,11,588,311,4,True
A,11,589,311,4,True
A,11,590,311,4,True
A,11,591,311,4,True
A,11,592,311,4,True
A,11,593,311,4,True
A,11,594,311,4,True
A,11,595,311,4,True
A,11,596,311,4,True
A,11,597,311,4,True
A,11,598,311,4,True
A,11,599,311,4,True
A,11,600,311,4,True
A,11,601,311,4,True
A,11,602,311,4,True
A,11,603,311,4,True
A,11,604,311,4,True
A,11,605,311,4,True
A,11,606,311,4,True
A,11,607,311,4,True
A,11,608,311,4,True
A,11,609,311,4,True
A,11,610,311,4,True
A,11,611,311,4,True
A,11,612,311,4,True
A,11,613,311,4,True
A,11,614,311,4,True
A,11,615,311,4,True
A,11,616,311,4,True
A,11,617,311,4,True
A,11,618,311,4,True
A,11,619,311,4,True
A,11,620,311,4,True
A,11,621,311,4,True
A,11,622,311,4,True
A,11,623,311,4,True
A,11,624,311,4,True
A,11,625,311,4,True
A,11,626,311,4,True
A,11,627,311,4,True
A,11,628,311,4,True
A,11,629,311,4,True
A,11,630,311,4,True
A,11,631,311,4,True
A,11,632,311,4,True
A,11,633,311,4,True
A,11,634,311,4,True
A,11,635,311,4,True
A,11,636,311,4,True
A,11,637,311,4,True
A,11,638,311,4,True
A,11,639,311,4,True
A,11,640,311,4,True
A,11,641,311,4,True
A,11,642,311,4,True
A,11,643,311,4,True
A,11,644,311,4,True
A,11,645,311,4,True
A,11,646,311,4,True
A,11,647,311,4,True
A,11,648,311,4,True
A,11,649,311,4,True
A,11,650,311,4,True
A,11,651,311,4,True
A,11,652,311,4,True
A,11,653,311,4,True
A,11,654,311,4,True
A,11,655,311,4,True
A,11,656,311,4,True
A,11,657,311,4,True
A,11,658,311,4,True
A,11,659,311,4,True
A,11,660,311,4,True
A,11,661,311,4,True
A,11,662,311,4,True
A,11,663,311,4,True
A,11,664,311,4,True
A,11,665,311,4,True
A,11,666,311,4,True
A,11,667,311,4,True
A,11,668,311,4,True
A,11,669,311,4,True
A,11,670,311,4,True
A,11,671,311,4,True
A,11,672,311,4,True
A,11,673,311,4,True
A,11,674,311,4,True
A,11,675,311,4,True
A,11,676,311,4,True
A,11,677,311,4,True
A,11,678,310,4,True
A,11,679,310,4,True
A,11,680,310,4,True
A,11,681,310,4,True
A,11,682,310,4,True
A,11,683,310,4,True
A,11,684,310,4,True
A,11,685,310,4,True
A,11,686,310,4,True
A,11,687,310,4,True
A,11,688,310,4,True
A,11,689,310,4,True
A,11,690,310,4,True
A,11,691,310,4,True
A,11,692,310,4,True
A,11,693,310,4,True
A,11,694,310,4,True
A,11,695,310,4,True
A,11,696,310,4,True
A,11,697,310,4,True
A,11,698,310,4,True
A,11,699,310,4,True
A,11,700,310,4,True
A,11,701,310,4,True
A,11,702,310,4,True
A,11,703,310,4,True
A,11,704,310,4,True
A,11,705,310,4,True
A,11,706,310,4,True
A,11,707,310,4,True
A,11,708,310,4,True
A,11,709,310,4,True
A,11,710,310,4,True
A,11,711,310,4,True
A,11,712,310,4,True
A,11,713,310,4,True
A,11,714,310,4,True
A,11,715,310,4,True
A,11,716,310,4,True
A,11,717,310,4,True
A,11,718,310,4,True
A,11,719,310,4,True
A,11,720,310,4,True
A,11,721,310,4,True
A,11,722,310,4,True
A,11,723,310,4,True
A,11,724,310,4,True
A,11,725,310,4,True
A,11,726,310,4,True
A,11,727,310,4,True
A,11,728,310,4,True
A,11,729,310,4,True
A,11,730,310,4,True
A,11,731,310,4,True
A,11,732,310,4,True
A,11,733,310,4,True
A,11,734,310,4,True
A,11,735,310,4,True
A,11,736,310,4,True
A,11,737,310,4,True
A,11,738,310,4,True
A,11,739,310,4,True
A,11,740,310,4,True
A,11,741,310,4,True
A,11,742,310,4,True
A,11,743,310,4,True
A,11,744,310,4,True
A,11,745,310,4,True
A,11,746,310,4,True
A,11,747,310,4,True
A,11,748,310,4,True
A,11,749,310,4,True
A,11,750,310,4,True
A,11,751,310,4,True
A,11,752,310,4,True
A,11,753,310,4,True
A,11,754,310,4,True
A,11,755,310,4,True
A,11,756,310,4,True
A,11,757,310,4,True
A,11,758,310,4,True
A,11,759,310,4,True
A,11,760,310,4,True
A,11,761,310,4,True
A,11,762,310,4,True
A,11,763,310,4,True
A,11,764,310,4,True
A,11,765,310,4,True
A,11,766,310,4,True
A,11,767,310,4,True
A,11,768,310,4,True
A,11,769,310,4,True
A,11,770,310,4,True
A,11,771,310,4,True
A,11,772,310,4,True
A,11,773,310,4,True
A,11,774,310,4,True
A,11,775,310,4,True
A,11,776,310,4,True
A,11,777,310,4,True
A,11,778,310,4,True
A,11,779,310,4,True
A,11,780,310,4,True
A,11,781,310,4,True
A,11,782,310,4,True
A,11,783,310,4,True
A,11,784,310,4,True
A,11,785,310,4,True
A,11,786,310,4,True
A,11,787,310,4,True
A,11,788,310,4,True
A,11,789,310,4,True
A,11,790,310,4,True
A,11,791,310,4,True
A,11,792,310,4,True
A,11,793,310,4,True
A,11,794,310,4,True
A,11,795,310,4,True
A,11,796,310,4,True
A,11,797,310,4,True
A,11,798,310,4,True
A,11,799,310,4,True
A,11,800,310,4,True
A,11,801,310,4,True
A,11,802,310,4,True
A,11,803,310,4,True
A,11,804,310,4,True
A,11,805,310,4,True
A,11,806,310,4,True
A,11,807,310,4,True
A,11,808,310,4,True
A,11,809,310,4,True
A,11,810,310,4,True
A,11,811,310,4,True
A,11,812,310,4,True
A,11,813,310,4,True
A,11,814,310,4,True
A,11,815,310,4,True
A,11,816,310,4,True
A,11,817,310,4,True
A,11,818,310,4,True
A,11,819,310,4,True
A,11,820,310,4,True
A,11,821,310,4,True
A,11,822,310,4,True
A,11,823,310,4,True
A,11,824,310,4,True
A,11,825,310,4,True
A,11,826,310,4,True
A,11,827,310,4,True
A,11,828,310,4,True
A,11,829,310,4,True
A,11,830,310,4,True
A,11,831,310,4,True
A,11,832,310,4,True
A,11,833,310,4,True
A,11,834,310,4,True
A,11,835,310,4,True
A,11,836,310,4,True
A,11,837,310,4,True
A,11,838,310,4,True
A,11,839,310,4,True
A,11,840,310,4,True
A,11,841,310,4,True
A,11,842,310,4,True
A,11,843,310,4,True
A,11,844,310,4,True
A,11,845,310,4,True
A,11,846,310,4,True
A,11,847,310,4,True
A,11,848,310,4,True
A,11,849,310,4,True
A,11,850,310,4,True
A,11,851,310,4,True
A,11,852,310,4,True
A,11,853,310,4,True
A,11,854,310,4,True
A,11,855,310,4,True
A,11,856,310,4,True
A,11,857,310,4,True
A,11,858,310,4,True
A,11,859,310,4,True
A,11,860,310,4,True
A,11,861,310,4,True
A,11,862,310,4,True
A,11,863,310,4,True
A,11,864,310,4,True
A,11,865,310,4,True
A,11,866,310,4,True
A,11,867,310,4,True
A,11,868,310,4,True
A,11,869,310,4,True
A,11,870,310,4,True
A,11,871,310,4,True
A,11,872,310,4,True
A,11,873,310,4,True
A,11,874,310,4,True
A,11,875,310,4,True
A,11,876,310,4,True
A,11,877,310,4,True
A,11,878,310,4,True
A,11,879,310,4,True
A,11,880,310,4,True
A,11,881,310,4,True
A,11,882,310,4,True
A,11,883,310,4,True
A,11,884,310,4,True
A,11,885,310,4,True
A,11,886,310,4,True
A,11,887,310,4,True
A,11,888,310,4,True
A,11,889,310,4,True
A,11,890,310,4,True
A,11,891,310,4,True
A,11,892,310,4,True
A,11,893,310,4,True
A,11,894,310,4,True
A,11,895,310,4,True
A,11,896,310,4,True
A,11,897,310,4,True
A,11,898,310,4,True
A,11,899,310,4,True
A,11,900,310,4,True
A,11,901,310,4,True
A,11,902,310,4,True
A,11,903,310,4,True
A,11,904,310,4,True
A,11,905,310,4,True
A,11,906,310,4,True
A,11,907,310,4,True
A,11,908,310,4,True
A,11,909,310,4,True
A,11,910,310,4,True
A,11,911,310,4,True
A,11,912,310,4,True
A,11,913,310,4,True
A,11,914,310,4,True
A,11,915,310,4,True
A,11,916,310,4,True
A,11,917,310,4,True
A,11,918,310,4,True
A,11,919,310,4,True
A,11,920,310,4,True
A,11,921,310,4,True
A,11,922,310,4,True
A,11,923,310,4,True
A,11,924,310,4,True
A,11,925,310,4,True
A,11,926,310,4,True
A,11,927,310,4,True
A,11,928,310,4,True
A,11,929,310,4,True
A,11,930,310,4,True
A,11,931,310,4,True
A,11,932,310,4,True
A,11,933,310,4,True
A,11,934,310,4,True
A,11,935,310,4,True
A,11,936,310,4,True
A,11,937,310,4,True
A,11,938,310,4,True
A,11,939,310,4,True
A,11,940,310,4,True
A,11,941,310,4,True
A,11,942,310,4,True
A,11,943,310,4,True
A,11,944,310,4,True
A,11,945,310,4,True
A,11,946,310,4,True
A,11,947,310,4,True
A,11,948,310,4,True
A,11,949,310,4,True
A,11,950,310,4,True
A,11,951,310,4,True
A,11,952,310,4,True
A,11,953,310,4,True
A,11,954,310,4,True
A,11,955,310,4,True
A,11,956,310,4,True
A,11,957,310,4,True
A,11,958,310,4,True
A,11,959,310,4,True
A,11,960,310,4,True
A,11,961,310,4,True
A,11,962,310,4,True
A,11,963,310,4,True
A,11,964,310,4,True
A,11,965,310,4,True
A,11,966,310,4,True
A,11,967,310,4,True
A,11,968,310,4,True
A,11,969,310,4,True
A,11,970,310,4,True
A,11,971,310,4,True
A,11,972,310,4,True
A,11,973,310,4,True
A,11,974,310,4,True
A,11,975,310,4,True
A,11,976,310,4,True
A,11,977,310,4,True
A,11,978,310,4,True
A,11,979,310,4,True
A,11,980,310,4,True
A,11,981,310,4,True
A,11,982,310,4,True
A,11,983,310,4,True
A,11,984,310,4,True
A,11,985,310,4,True
A,11,986,310,4,True
A,11,987,310,4,True
A,11,988,310,4,True
A,11,989,310,4,True
A,11,990,310,4,True
A,11,991,310,4,True
A,11,992,310,4,True
A,11,993,310,4,True
A,11,994,310,4,True
A,11,995,310,4,True
A,11,996,310,4,True
A,11,997,310,4,True
A,11,998,310,4,True
A,11,999,310,4,True
A,11,1000,310,4,True
A,12,0,365,4,True
A,12,1,364,4,True
A,12,2,364,4,True
A,12,3,364,4,True
A,12,4,336,4,True
A,12,5,331,4,True
A,12,6,330,4,True
A,12,7,330,4,True
A,12,8,329,4,True
A,12,9,323,4,True
A,12,10,323,4,True
A,12,11,323,4,True
A,12,12,323,4,True
A,12,13,323,4,True
A,12,14,323,4,True
A,12,15,323,4,True
A,12,16,323,4,True
A,12,17,318,4,True
A,12,18,318,4,True
A,12,19,317,4,True
A,12,20,317,4,True
A,12,21,317,4,True
A,12,22,317,4,True
A,12,23,317,4,True
A,12,24,317,4,True
A,12,25,317,4,True
A,12,26,317,4,True
A,12,27,317,4,True
A,12,28,316,4,True
A,12,29,312,4,True
A,12,30,312,4,True
A,12,31,312,4,True
A,12,32,312,4,True
A,12,33,312,4,True
A,12,34,312,4,True
A,12,35,312,4,True
A,12,36,312,4,True
A,12,37,312,4,True
A,12,38,312,4,True
A,12,39,312,4,True
A,12,40,312,4,True
A,12,41,312,4,True
A,12,42,312,4,True
A,12,43,312,4,True
A,12,44,312,4,True
A,12,45,312,4,True
A,12,46,312,4,True
A,12,47,312,4,True
A,12,48,312,4,True
A,12,49,312,4,True
A,12,50,312,4,True
A,12,51,312,4,True
A,12,52,312,4,True
A,12,53,312,4,True
A,12,54,312,4,True
A,12,55,312,4,True
A,12,56,312,4,True
A,12,57,312,4,True
A,12,58,312,4,True
A,12,59,312,4,True
A,12,60,312,4,True
A,12,61,312,4,True
A,12,62,312,4,True
A,12,63,312,4,True
A,12,64,312,4,True
A,12,65,312,4,True
A,12,66,312,4,True
A,12,67,312,4,True
A,12,68,312,4,True
A,12,69,312,4,True
A,12,70,312,4,True
A,12,71,312,4,True
A,12,72,312,4,True
A,12,73,312,4,True
A,12,74,312,4,True
A,12,75,312,4,True
A,12,76,312,4,True
A,12,77,312,4,True
A,12,78,312,4,True
A,12,79,312,4,True
A,12,80,312,4,True
A,12,81,312,4,True
A,12,82,312,4,True
A,12,83,312,4,True
A,12,84,312,4,True
A,12,85,312,4,True
A,12,86,312,4,True
A,12,87,312,4,True
A,12,88,312,4,True
A,12,89,312,4,True
A,12,90,312,4,True
A,12,91,312,4,True
A,12,92,312,4,True
A,12,93,312,4,True
A,12,94,312,4,True
A,12,95,312,4,True
A,12,96,312,4,True
A,12,97,312,4,True
A,12,98,312,4,True
A,12,99,312,4,True
A,12,100,312,4,True
A,12,101,312,4,True
A,12,102,312,4,True
A,12,103,312,4,True
A,12,104,312,4,True
A,12,105,312,4,True
A,12,106,312,4,True
A,12,107,312,4,True
A,12,108,312,4,True
A,12,109,312,4,True
A,12,110,312,4,True
A,12,111,312,4,True
A,12,112,312,4,True
A,12,113,312,4,True
A,12,114,312,4,True
A,12,115,312,4,True
A,12,116,312,4,True
A,12,117,312,4,True
A,12,118,312,4,True
A,12,119,312,4,True
A,12,120,312,4,True
A,12,121,312,4,True
A,12,122,312,4,True
A,12,123,312,4,True
A,12,124,312,4,True
A,12,125,312,4,True
A,12,126,312,4,True
A,12,127,312,4,True
A,12,128,312,4,True
A,12,129,312,4,True
A,12,130,312,4,True
A,12,131,312,4,True
A,12,132,312,4,True
A,12,133,312,4,True
A,12,134,312,4,True
A,12,135,312,4,True
A,12,136,309,4,True
A,12,137,309,4,True
A,12,138,309,4,True
A,12,139,309,4,True
A,12,140,309,4,True
A,12,141,309,4,True
A,12,142,309,4,True
A,12,143,309,4,True
A,12,144,309,4,True
A,12,145,309,4,True
A,12,146,309,4,True
A,12,147,309,4,True
A,12,148,309,4,True
A,12,149,309,4,True
A,12,150,309,4,True
A,12,151,309,4,True
A,12,152,309,4,True
A,12,153,309,4,True
A,12,154,309,4,True
A,12,155,309,4,True
A,12,156,309,4,True
A,12,157,309,4,True
A,12,158,309,4,True
A,12,159,309,4,True
A,12,160,309,4,True
A,12,161,309,4,True
A,12,162,309,4,True
A,12,163,309,4,True
A,12,164,309,4,True
A,12,165,309,4,True
A,12,166,309,4,True
A,12,167,309,4,True
A,12,168,309,4,True
A,12,169,309,4,True
A,12,170,309,4,True
A,12,171,309,4,True
A,12,172,309,4,True
A,12,173,309,4,True
A,12,174,309,4,True
A,12,175,309,4,True
A,12,176,309,4,True
A,12,177,309,4,True
A,12,178,309,4,True
A,12,179,309,4,True
A,12,180,309,4,True
A,12,181,309,4,True
A,12,182,309,4,True
A,12,183,309,4,True
A,12,184,309,4,True
A,12,185,309,4,True
A,12,186,309,4,True
A,12,187,309,4,True
A,12,188,309,4,True
A,12,189,309,4,True
A,12,190,305,4,True
A,12,191,305,4,True
A,12,192,305,4,True
A,12,193,305,4,True
A,12,194,305,4,True
A,12,195,305,4,True
A,12,196,305,4,True
A,12,197,305,4,True
A,12,198,305,4,True
A,12,199,305,4,True
A,12,200,305,4,True
A,12,201,305,4,True
A,12,202,305,4,True
A,12,203,305,4,True
A,12,204,305,4,True
A,12,205,305,4,True
A,12,206,305,4,True
A,12,207,305,4,True
A,12,208,305,4,True
A,12,209,305,4,True
A,12,210,305,4,True
A,12,211,305,4,True
A,12,212,305,4,True
A,12,213,305,4,True
A,12,214,305,4,True
A,12,215,305,4,True
A,12,216,305,4,True
A,12,217,305,4,True
A,12,218,305,4,True
A,12,219,305,4,True
A,12,220,305,4,True
A,12,221,305,4,True
A,12,222,305,4,True
A,12,223,305,4,True
A,12,224,305,4,True
A,12,225,305,4,True
A,12,226,305,4,True
A,12,227,305,4,True
A,12,228,305,4,True
A,12,229,305,4,True
A,12,230,305,4,True
A,12,231,305,4,True
A,12,232,305,4,True
A,12,233,305,4,True
A,12,234,305,4,True
A,12,235,305,4,True
A,12,236,305,4,True
A,12,237,305,4,True
A,12,238,305,4,True
A,12,239,305,4,True
A,12,240,305,4,True
A,12,241,305,4,True
A,12,242,305,4,True
A,12,243,305,4,True
A,12,244,305,4,True
A,12,245,305,4,True
A,12,246,305,4,True
A,12,247,305,4,True
A,12,248,305,4,True
A,12,249,305,4,True
A,12,250,305,4,True
A,12,251,305,4,True
A,12,252,305,4,True
A,12,253,305,4,True
A,12,254,305,4,True
A,12,255,305,4,True
A,12,256,305,4,True
A,12,257,305,4,True
A,12,258,305,4,True
A,12,259,305,4,True
A,12,260,305,4,True
A,12,261,305,4,True
A,12,262,305,4,True
A,12,263,305,4,True
A,12,264,305,4,True
A,12,265,305,4,True
A,12,266,305,4,True
A,12,267,305,4,True
A,12,268,305,4,True
A,12,269,305,4,True
A,12,270,305,4,True
A,12,271,305,4,True
A,12,272,305,4,True
A,12,273,305,4,True
A,12,274,305,4,True
A,12,275,305,4,True
A,12,276,305,4,True
A,12,277,305,4,True
A,12,278,305,4,True
A,12,279,305,4,True
A,12,280,305,4,True
A,12,281,305,4,True
A,12,282,305,4,True
A,12,283,305,4,True
A,12,284,305,4,True
A,12,285,305,4,True
A,12,286,305,4,True
A,12,287,305,4,True
A,12,288,305,4,True
A,12,289,305,4,True
A,12,290,305,4,True
A,12,291,305,4,True
A,12,292,305,4,True
A,12,293,305,4,True
A,12,294,305,4,True
A,12,295,305,4,True
A,12,296,305,4,True
A,12,297,305,4,True
A,12,298,305,4,True
A,12,299,305,4,True
A,12,300,304,4,True
A,12,301,304,4,True
A,12,302,304,4,True
A,12,303,304,4,True
A,12,304,304,4,True
A,12,305,304,4,True
A,12,306,304,4,True
A,12,307,304,4,True
A,12,308,304,4,True
A,12,309,304,4,True
A,12,310,304,4,True
A,12,311,304,4,True
A,12,312,304,4,True
A,12,313,304,4,True
A,12,314,304,4,True
A,12,315,304,4,True
A,12,316,304,4,True
A,12,317,304,4,True
A,12,318,304,4,True
A,12,319,304,4,True
A,12,320,304,4,True
A,12,321,304,4,True
A,12,322,304,4,True
A,12,323,304,4,True
A,12,324,304,4,True
A,12,325,304,4,True
A,12,326,304,4,True
A,12,327,304,4,True
A,12,328,304,4,True
A,12,329,304,4,True
A,12,330,304,4,True
A,12,331,304,4,True
A,12,332,304,4,True
A,12,333,304,4,True
A,12,334,304,4,True
A,12,335,304,4,True
A,12,336,304,4,True
A,12,337,304,4,True
A,12,338,304,4,True
A,12,339,304,4,True
A,12,340,304,4,True
A,12,341,304,4,True
A,12,342,304,4,True
A,12,343,304,4,True
A,12,344,304,4,True
A,12,345,304,4,True
A,12,346,304,4,True
A,12,347,304,4,True
A,12,348,304,4,True
A,12,349,304,4,True
A,12,350,304,4,True
A,12,351,304,4,True
A,12,352,304,4,True
A,12,353,304,4,True
A,12,354,304,4,True
A,12,355,304,4,True
A,12,356,304,4,True
A,12,357,304,4,True
A,12,358,304,4,True
A,12,359,304,4,True
A,12,360,304,4,True
A,12,361,304,4,True
A,12,362,304,4,True
A,12,363,304,4,True
A,12,364,304,4,True
A,12,365,304,4,True
A,12,366,304,4,True
A,12,367,304,4,True
A,12,368,304,4,True
A,12,369,304,4,True
A,12,370,304,4,True
A,12,371,304,4,True
A,12,372,304,4,True
A,12,373,304,4,True
A,12,374,304,4,True
A,12,375,304,4,True
A,12,376,304,4,True
A,12,377,304,4,True
A,12,378,304,4,True
A,12,379,304,4,True
A,12,380,304,4,True
A,12,381,304,4,True
A,12,382,304,4,True
A,12,383,304,4,True
A,12,384,304,4,True
A,12,385,304,4,True
A,12,386,304,4,True
A,12,387,304,4,True
A,12,388,304,4,True
A,12,389,304,4,True
A,12,390,304,4,True
A,12,391,304,4,True
A,12,392,304,4,True
A,12,393,304,4,True
A,12,394,304,4,True
A,12,395,304,4,True
A,12,396,304,4,True
A,12,397,304,4,True
A,12,398,304,4,True
A,12,399,304,4,True
A,12,400,304,4,True
A,12,401,304,4,True
A,12,402,304,4,True
A,12,403,304,4,True
A,12,404,304,4,True
A,12,405,304,4,True
A,12,406,304,4,True
A,12,407,304,4,True
A,12,408,304,4,True
A,12,409,304,4,True
A,12,410,304,4,True
A,12,411,304,4,True
A,12,412,304,4,True
A,12,413,304,4,True
A,12,414,304,4,True
A,12,415,304,4,True
A,12,416,304,4,True
A,12,417,304,4,True
A,12,418,304,4,True
A,12,419,304,4,True
A,12,420,304,4,True
A,12,421,304,4,True
A,12,422,304,4,True
A,12,423,304,4,True
A,12,424,304,4,True
A,12,425,304,4,True
A,12,426,304,4,True
A,12,427,304,4,True
A,12,428,304,4,True
A,12,429,304,4,True
A,12,430,304,4,True
A,12,431,304,4,True
A,12,432,304,4,True
A,12,433,304,4,True
A,12,434,304,4,True
A,12,435,304,4,True
A,12,436,304,4,True
A,12,437,304,4,True
A,12,438,304,4,True
A,12,439,304,4,True
A,12,440,304,4,True
A,12,441,304,4,True
A,12,442,304,4,True
A,12,443,304,4,True
A,12,444,304,4,True
A,12,445,304,4,True
A,12,446,304,4,True
A,12,447,304,4,True
A,12,448,304,4,True
A,12,449,304,4,True
A,12,450,304,4,True
A,12,451,304,4,True
A,12,452,304,4,True
A,12,453,304,4,True
A,12,454,304,4,True
A,12,455,304,4,True
A,12,456,304,4,True
A,12,457,304,4,True
A,12,458,304,4,True
A,12,459,304,4,True
A,12,460,304,4,True
A,12,461,304,4,True
A,12,462,304,4,True
A,12,463,304,4,True
A,12,464,304,4,True
A,12,465,304,4,True
A,12,466,304,4,True
A,12,467,304,4,True
A,12,468,304,4,True
A,12,469,304,4,True
A,12,470,304,4,True
A,12,471,304,4,True
A,12,472,304,4,True
A,12,473,304,4,True
A,12,474,304,4,True
A,12,475,304,4,True
A,12,476,304,4,True
A,12,477,304,4,True
A,12,478,304,4,True
A,12,479,304,4,True
A,12,480,304,4,True
A,12,481,304,4,True
A,12,482,304,4,True
A,12,483,304,4,True
A,12,484,304,4,True
A,12,485,304,4,True
A,12,486,304,4,True
A,12,487,304,4,True
A,12,488,304,4,True
A,12,489,304,4,True
A,12,490,304,4,True
A,12,491,304,4,True
A,12,492,304,4,True
A,12,493,304,4,True
A,12,494,304,4,True
A,12,495,304,4,True
A,12,496,304,4,True
A,12,497,304,4,True
A,12,498,304,4,True
A,12,499,304,4,True
A,12,500,304,4,True
A,12,501,304,4,True
A,12,502,304,4,True
A,12,503,304,4,True
A,12,504,304,4,True
A,12,505,304,4,True
A,12,506,304,4,True
A,12,507,304,4,True
A,12,508,304,4,True
A,12,509,304,4,True
A,12,510,304,4,True
A,12,511,304,4,True
A,12,512,304,4,True
A,12,513,304,4,True
A,12,514,304,4,True
A,12,515,304,4,True
A,12,516,304,4,True
A,12,517,304,4,True
A,12,518,304,4,True
A,12,519,304,4,True
A,12,520,304,4,True
A,12,521,304,4,True
A,12,522,304,4,True
A,12,523,304,4,True
A,12,524,304,4,True
A,12,525,304,4,True
A,12,526,304,4,True
A,12,527,304,4,True
A,12,528,304,4,True
A,12,529,304,4,True
A,12,530,304,4,True
A,12,531,304,4,True
A,12,532,304,4,True
A,12,533,304,4,True
A,12,534,304,4,True
A,12,535,304,4,True
A,12,536,304,4,True
A,12,537,304,4,True
A,12,538,304,4,True
A,12,539,304,4,True
A,12,540,304,4,True
A,12,541,304,4,True
A,12,542,304,4,True
A,12,543,304,4,True
A,12,544,304,4,True
A,12,545,304,4,True
A,12,546,304,4,True
A,12,547,304,4,True
A,12,548,304,4,True
A,12,549,304,4,True
A,12,550,304,4,True
A,12,551,304,4,True
A,12,552,304,4,True
A,12,553,304,4,True
A,12,554,304,4,True
A,12,555,304,4,True
A,12,556,304,4,True
A,12,557,304,4,True
A,12,558,304,4,True
A,12,559,304,4,True
A,12,560,304,4,True
A,12,561,304,4,True
A,12,562,304,4,True
A,12,563,304,4,True
A,12,564,304,4,True
A,12,565,304,4,True
A,12,566,304,4,True
A,12,567,304,4,True
A,12,568,304,4,True
A,12,569,304,4,True
A,12,570,304,4,True
A,12,571,304,4,True
A,12,572,304,4,True
A,12,573,304,4,True
A,12,574,304,4,True
A,12,575,304,4,True
A,12,576,304,4,True
A,12,577,304,4,True
A,12,578,304,4,True
A,12,579,304,4,True
A,12,580,304,4,True
A,12,581,304,4,True
A,12,582,304,4,True
A,12,583,304,4,True
A,12,584,304,4,True
A,12,585,304,4,True
A,12,586,304,4,True
A,12,587,304,4,True
A,12,588,304,4,True
A,12,589,304,4,True
A,12,590,304,4,True
A,12,591,304,4,True
A,12,592,304,4,True
A,12,593,304,4,True
A,12,594,304,4,True
A,12,595,304,4,True
A,12,596,304,4,True
A,12,597,304,4,True
A,12,598,304,4,True
A,12,599,304,4,True
A,12,600,304,4,True
A,12,601,304,4,True
A,12,602,304,4,True
A,12,603,304,4,True
A,12,604,304,4,True
A,12,605,304,4,True
A,12,606,304,4,True
A,12,607,304,4,True
A,12,608,304,4,True
A,12,609,304,4,True
A,12,610,304,4,True
A,12,611,304,4,True
A,12,612,304,4,True
A,12,613,304,4,True
A,12,614,304,4,True
A,12,615,304,4,True
A,12,616,304,4,True
A,12,617,304,4,True
A,12,618,304,4,True
A,12,619,304,4,True
A,12,620,304,4,True
A,12,621,304,4,True
A,12,622,304,4,True
A,12,623,304,4,True
A,12,624,304,4,True
A,12,625,304,4,True
A,12,626,304,4,True
A,12,627,304,4,True
A,12,628,304,4,True
A,12,629,304,4,True
A,12,630,304,4,True
A,12,631,304,4,True
A,12,632,304,4,True
A,12,633,304,4,True
A,12,634,304,4,True
A,12,635,304,4,True
A,12,636,304,4,True
A,12,637,304,4,True
A,12,638,304,4,True
A,12,639,304,4,True
A,12,640,304,4,True
A,12,641,304,4,True
A,12,642,304,4,True
A,12,643,304,4,True
A,12,644,304,4,True
A,12,645,304,4,True
A,12,646,304,4,True
A,12,647,304,4,True
A,12,648,304,4,True
A,12,649,304,4,True
A,12,650,304,4,True
A,12,651,304,4,True
A,12,652,304,4,True
A,12,653,304,4,True
A,12,654,304,4,True
A,12,655,304,4,True
A,12,656,304,4,True
A,12,657,304,4,True
A,12,658,304,4,True
A,12,659,304,4,True
A,12,660,304,4,True
A,12,661,304,4,True
A,12,662,304,4,True
A,12,663,304,4,True
A,12,664,304,4,True
A,12,665,304,4,True
A,12,666,304,4,True
A,12,667,304,4,True
A,12,668,304,4,True
A,12,669,304,4,True
A,12,670,304,4,True
A,12,671,304,4,True
A,12,672,304,4,True
A,12,673,304,4,True
A,12,674,304,4,True
A,12,675,304,4,True
A,12,676,304,4,True
A,12,677,304,4,True
A,12,678,304,4,True
A,12,679,304,4,True
A,12,680,304,4,True
A,12,681,304,4,True
A,12,682,304,4,True
A,12,683,304,4,True
A,12,684,304,4,True
A,12,685,304,4,True
A,12,686,304,4,True
A,12,687,304,4,True
A,12,688,304,4,True
A,12,689,304,4,True
A,12,690,304,4,True
A,12,691,304,4,True
A,12,692,304,4,True
A,12,693,304,4,True
A,12,694,304,4,True
A,12,695,304,4,True
A,12,696,304,4,True
A,12,697,304,4,True
A,12,698,304,4,True
A,12,699,304,4,True
A,12,700,304,4,True
A,12,701,304,4,True
A,12,702,304,4,True
A,12,703,304,4,True
A,12,704,304,4,True
A,12,705,304,4,True
A,12,706,304,4,True
A,12,707,304,4,True
A,12,708,304,4,True
A,12,709,304,4,True
A,12,710,304,4,True
A,12,711,304,4,True
A,12,712,304,4,True
A,12,713,304,4,True
A,12,714,304,4,True
A,12,715,304,4,True
A,12,716,304,4,True
A,12,717,304,4,True
A,12,718,304,4,True
A,12,719,304,4,True
A,12,720,304,4,True
A,12,721,304,4,True
A,12,722,304,4,True
A,12,723,304,4,True
A,12,724,304,4,True
A,12,725,304,4,True
A,12,726,304,4,True
A,12,727,304,4,True
A,12,728,304,4,True
A,12,729,304,4,True
A,12,730,304,4,True
A,12,731,304,4,True
A,12,732,304,4,True
A,12,733,304,4,True
A,12,734,304,4,True
A,12,735,304,4,True
A,12,736,304,4,True
A,12,737,304,4,True
A,12,738,304,4,True
A,12,739,304,4,True
A,12,740,304,4,True
A,12,741,304,4,True
A,12,742,304,4,True
A,12,743,304,4,True
A,12,744,304,4,True
A,12,745,304,4,True
A,12,746,304,4,True
A,12,747,304,4,True
A,12,748,304,4,True
A,12,749,304,4,True
A,12,750,304,4,True
A,12,751,304,4,True
A,12,752,304,4,True
A,12,753,304,4,True
A,12,754,304,4,True
A,12,755,304,4,True
A,12,756,304,4,True
A,12,757,304,4,True
A,12,758,304,4,True
A,12,759,304,4,True
A,12,760,304,4,True
A,12,761,304,4,True
A,12,762,304,4,True
A,12,763,304,4,True
A,12,764,304,4,True
A,12,765,304,4,True
A,12,766,304,4,True
A,12,767,304,4,True
A,12,768,304,4,True
A,12,769,304,4,True
A,12,770,304,4,True
A,12,771,304,4,True
A,12,772,304,4,True
A,12,773,304,4,True
A,12,774,304,4,True
A,12,775,304,4,True
A,12,776,304,4,True
A,12,777,304,4,True
A,12,778,304,4,True
A,12,779,304,4,True
A,12,780,304,4,True
A,12,781,304,4,True
A,12,782,304,4,True
A,12,783,304,4,True
A,12,784,304,4,True
A,12,785,304,4,True
A,12,786,304,4,True
A,12,787,304,4,True
A,12,788,304,4,True
A,12,789,304,4,True
A,12,790,304,4,True
A,12,791,304,4,True
A,12,792,304,4,True
A,12,793,304,4,True
A,12,794,304,4,True
A,12,795,304,4,True
A,12,796,304,4,True
A,12,797,304,4,True
A,12,798,304,4,True
A,12,799,304,4,True
A,12,800,304,4,True
A,12,801,304,4,True
A,12,802,304,4,True
A,12,803,304,4,True
A,12,804,304,4,True
A,12,805,304,4,True
A,12,806,304,4,True
A,12,807,304,4,True
A,12,808,304,4,True
A,12,809,304,4,True
A,12,810,304,4,True
A,12,811,304,4,True
A,12,812,304,4,True
A,12,813,304,4,True
A,12,814,304,4,True
A,12,815,304,4,True
A,12,816,304,4,True
A,12,817,304,4,True
A,12,818,304,4,True
A,12,819,304,4,True
A,12,820,304,4,True
A,12,821,304,4,True
A,12,822,304,4,True
A,12,823,304,4,True
A,12,824,304,4,True
A,12,825,304,4,True
A,12,826,304,4,True
A,12,827,304,4,True
A,12,828,304,4,True
A,12,829,304,4,True
A,12,830,304,4,True
A,12,831,304,4,True
A,12,832,304,4,True
A,12,833,304,4,True
A,12,834,304,4,True
A,12,835,304,4,True
A,12,836,304,4,True
A,12,837,304,4,True
A,12,838,304,4,True
A,12,839,304,4,True
A,12,840,304,4,True
A,12,841,304,4,True
A,12,842,304,4,True
A,12,843,304,4,True
A,12,844,304,4,True
A,12,845,304,4,True
A,12,846,304,4,True
A,12,847,304,4,True
A,12,848,304,4,True
A,12,849,304,4,True
A,12,850,304,4,True
A,12,851,304,4,True
A,12,852,304,4,True
A,12,853,304,4,True
A,12,854,304,4,True
A,12,855,304,4,True
A,12,856,304,4,True
A,12,857,304,4,True
A,12,858,304,4,True
A,12,859,304,4,True
A,12,860,304,4,True
A,12,861,304,4,True
A,12,862,304,4,True
A,12,863,304,4,True
A,12,864,304,4,True
A,12,865,304,4,True
A,12,866,304,4,True
A,12,867,304,4,True
A,12,868,304,4,True
A,12,869,304,4,True
A,12,870,304,4,True
A,12,871,304,4,True
A,12,872,304,4,True
A,12,873,304,4,True
A,12,874,304,4,True
A,12,875,304,4,True
A,12,876,304,4,True
A,12,877,304,4,True
A,12,878,304,4,True
A,12,879,304,4,True
A,12,880,304,4,True
A,12,881,304,4,True
A,12,882,304,4,True
A,12,883,304,4,True
A,12,884,304,4,True
A,12,885,304,4,True
A,12,886,304,4,True
A,12,887,304,4,True
A,12,888,304,4,True
A,12,889,304,4,True
A,12,890,304,4,True
A,12,891,304,4,True
A,12,892,304,4,True
A,12,893,304,4,True
A,12,894,304,4,True
A,12,895,304,4,True
A,12,896,304,4,True
A,12,897,304,4,True
A,12,898,304,4,True
A,12,899,304,4,True
A,12,900,304,4,True
A,12,901,304,4,True
A,12,902,304,4,True
A,12,903,304,4,True
A,12,904,304,4,True
A,12,905,304,4,True
A,12,906,304,4,True
A,12,907,304,4,True
A,12,908,304,4,True
A,12,909,304,4,True
A,12,910,304,4,True
A,12,911,304,4,True
A,12,912,304,4,True
A,12,913,304,4,True
A,12,914,304,4,True
A,12,915,304,4,True
A,12,916,304,4,True
A,12,917,304,4,True
A,12,918,304,4,True
A,12,919,304,4,True
A,12,920,304,4,True
A,12,921,304,4,True
A,12,922,304,4,True
A,12,923,304,4,True
A,12,924,304,4,True
A,12,925,304,4,True
A,12,926,304,4,True
A,12,927,304,4,True
A,12,928,304,4,True
A,12,929,304,4,True
A,12,930,304,4,True
A,12,931,304,4,True
A,12,932,304,4,True
A,12,933,304,4,True
A,12,934,304,4,True
A,12,935,304,4,True
A,12,936,304,4,True
A,12,937,304,4,True
A,12,938,304,4,True
A,12,939,304,4,True
A,12,940,304,4,True
A,12,941,304,4,True
A,12,942,304,4,True
A,12,943,304,4,True
A,12,944,304,4,True
A,12,945,304,4,True
A,12,946,304,4,True
A,12,947,304,4,True
A,12,948,304,4,True
A,12,949,304,4,True
A,12,950,304,4,True
A,12,951,304,4,True
A,12,952,304,4,True
A,12,953,304,4,True
A,12,954,304,4,True
A,12,955,304,4,True
A,12,956,304,4,True
A,12,957,304,4,True
A,12,958,304,4,True
A,12,959,304,4,True
A,12,960,304,4,True
A,12,961,304,4,True
A,12,962,304,4,True
A,12,963,304,4,True
A,12,964,304,4,True
A,12,965,304,4,True
A,12,966,304,4,True
A,12,967,304,4,True
A,12,968,304,4,True
A,12,969,304,4,True
A,12,970,304,4,True
A,12,971,304,4,True
A,12,972,304,4,True
A,12,973,304,4,True
A,12,974,304,4,True
A,12,975,304,4,True
A,12,976,304,4,True
A,12,977,304,4,True
A,12,978,304,4,True
A,12,979,304,4,True
A,12,980,304,4,True
A,12,981,304,4,True
A,12,982,304,4,True
A,12,983,304,4,True
A,12,984,304,4,True
A,12,985,304,4,True
A,12,986,304,4,True
A,12,987,304,4,True
A,12,988,304,4,True
A,12,989,304,4,True
A,12,990,304,4,True
A,12,991,304,4,True
A,12,992,304,4,True
A,12,993,304,4,True
A,12,994,304,4,True
A,12,995,304,4,True
A,12,996,304,4,True
A,12,997,304,4,True
A,12,998,304,4,True
A,12,999,304,4,True
A,12,1000,304,4,True
B,10,0,365,4,True
B,10,1,337,4,True
B,10,2,337,4,True
B,10,3,328,4,True
B,10,4,321,4,True
B,10,5,321,4,True
B,10,6,321,4,True
B,10,7,321,4,True
B,10,8,321,4,True
B,10,9,321,4,True
B,10,10,321,4,True
B,10,11,321,4,True
B,10,12,321,4,True
B,10,13,321,4,True
B,10,14,321,4,True
B,10,15,321,4,True
B,10,16,321,4,True
B,10,17,321,4,True
B,10,18,320,4,True
B,10,19,320,4,True
B,10,20,320,4,True
B,10,21,320,4,True
B,10,22,320,4,True
B,10,23,320,4,True
B,10,24,320,4,True
B,10,25,320,4,True
B,10,26,320,4,True
B,10,27,320,4,True
B,10,28,320,4,True
B,10,29,320,4,True
B,10,30,320,4,True
B,10,31,320,4,True
B,10,32,320,4,True
B,10,33,320,4,True
B,10,34,320,4,True
B,10,35,320,4,True
B,10,36,320,4,True
B,10,37,320,4,True
B,10,38,317,4,True
B,10,39,313,4,True
B,10,40,313,4,True
B,10,41,313,4,True
B,10,42,313,4,True
B,10,43,313,4,True
B,10,44,313,4,True
B,10,45,313,4,True
B,10,46,313,4,True
B,10,47,313,4,True
B,10,48,313,4,True
B,10,49,313,4,True
B,10,50,312,4,True
B,10,51,312,4,True
B,10,52,312,4,True
B,10,53,312,4,True
B,10,54,312,4,True
B,10,55,312,4,True
B,10,56,312,4,True
B,10,57,312,4,True
B,10,58,312,4,True
B,10,59,312,4,True
B,10,60,312,4,True
B,10,61,312,4,True
B,10,62,312,4,True
B,10,63,312,4,True
B,10,64,312,4,True
B,10,65,312,4,True
B,10,66,312,4,True
B,10,67,312,4,True
B,10,68,312,4,True
B,10,69,312,4,True
B,10,70,312,4,True
B,10,71,312,4,True
B,10,72,312,4,True
B,10,73,312,4,True
B,10,74,312,4,True
B,10,75,312,4,True
B,10,76,312,4,True
B,10,77,312,4,True
B,10,78,312,4,True
B,10,79,312,4,True
B,10,80,312,4,True
B,10,81,312,4,True
B,10,82,312,4,True
B,10,83,312,4,True
B,10,84,312,4,True
B,10,85,312,4,True
B,10,86,312,4,True
B,10,87,312,4,True
B,10,88,312,4,True
B,10,89,312,4,True
B,10,90,312,4,True
B,10,91,312,4,True
B,10,92,312,4,True
B,10,93,312,4,True
B,10,94,312,4,True
B,10,95,312,4,True
B,10,96,312,4,True
B,10,97,312,4,True
B,10,98,312,4,True
B,10,99,312,4,True
B,10,100,312,4,True
B,10,101,312,4,True
B,10,102,312,4,True
B,10,103,312,4,True
B,10,104,312,4,True
B,10,105,312,4,True
B,10,106,312,4,True
B,10,107,312,4,True
B,10,108,312,4,True
B,10,109,312,4,True
B,10,110,312,4,True
B,10,111,312,4,True
B,10,112,312,4,True
B,10,113,312,4,True
B,10,114,312,4,True
B,10,115,312,4,True
B,10,116,312,4,True
B,10,117,312,4,True
B,10,118,312,4,True
B,10,119,312,4,True
B,10,120,312,4,True
B,10,121,312,4,True
B,10,122,312,4,True
B,10,123,312,4,True
B,10,124,312,4,True
B,10,125,312,4,True
B,10,126,312,4,True
B,10,127,312,4,True
B,10,128,312,4,True
B,10,129,312,4,True
B,10,130,312,4,True
B,10,131,312,4,True
B,10,132,312,4,True
B,10,133,312,4,True
B,10,134,312,4,True
B,10,135,312,4,True
B,10,136,312,4,True
B,10,137,312,4,True
B,10,138,312,4,True
B,10,139,312,4,True
B,10,140,312,4,True
B,10,141,312,4,True
B,10,142,312,4,True
B,10,143,312,4,True
B,10,144,312,4,True
B,10,145,312,4,True
B,10,146,312,4,True
B,10,147,312,4,True
B,10,148,312,4,True
B,10,149,312,4,True
B,10,150,312,4,True
B,10,151,312,4,True
B,10,152,312,4,True
B,10,153,312,4,True
B,10,154,312,4,True
B,10,155,312,4,True
B,10,156,312,4,True
B,10,157,312,4,True
B,10,158,312,4,True
B,10,159,312,4,True
B,10,160,312,4,True
B,10,161,312,4,True
B,10,162,312,4,True
B,10,163,312,4,True
B,10,164,312,4,True
B,10,165,312,4,True
B,10,166,312,4,True
B,10,167,312,4,True
B,10,168,312,4,True
B,10,169,312,4,True
B,10,170,312,4,True
B,10,171,312,4,True
B,10,172,312,4,True
B,10,173,312,4,True
B,10,174,312,4,True
B,10,175,312,4,True
B,10,176,312,4,True
B,10,177,312,4,True
B,10,178,312,4,True
B,10,179,312,4,True
B,10,180,312,4,True
B,10,181,312,4,True
B,10,182,312,4,True
B,10,183,312,4,True
B,10,184,312,4,True
B,10,185,312,4,True
B,10,186,312,4,True
B,10,187,312,4,True
B,10,188,312,4,True
B,10,189,312,4,True
B,10,190,312,4,True
B,10,191,312,4,True
B,10,192,312,4,True
B,10,193,312,4,True
B,10,194,312,4,True
B,10,195,312,4,True
B,10,196,312,4,True
B,10,197,312,4,True
B,10,198,312,4,True
B,10,199,312,4,True
B,10,200,312,4,True
B,10,201,312,4,True
B,10,202,312,4,True
B,10,203,312,4,True
B,10,204,312,4,True
B,10,205,312,4,True
B,10,206,312,4,True
B,10,207,312,4,True
B,10,208,312,4,True
B,10,209,312,4,True
B,10,210,312,4,True
B,10,211,312,4,True
B,10,212,312,4,True
B,10,213,312,4,True
B,10,214,312,4,True
B,10,215,312,4,True
B,10,216,312,4,True
B,10,217,312,4,True
B,10,218,312,4,True
B,10,219,312,4,True
B,10,220,312,4,True
B,10,221,312,4,True
B,10,222,312,4,True
B,10,223,312,4,True
B,10,224,312,4,True
B,10,225,312,4,True
B,10,226,312,4,True
B,10,227,312,4,True
B,10,228,312,4,True
B,10,229,312,4,True
B,10,230,312,4,True
B,10,231,312,4,True
B,10,232,312,4,True
B,10,233,312,4,True
B,10,234,312,4,True
B,10,235,312,4,True
B,10,236,312,4,True
B,10,237,312,4,True
B,10,238,312,4,True
B,10,239,312,4,True
B,10,240,312,4,True
B,10,241,312,4,True
B,10,242,312,4,True
B,10,243,312,4,True
B,10,244,312,4,True
B,10,245,312,4,True
B,10,246,312,4,True
B,10,247,312,4,True
B,10,248,312,4,True
B,10,249,312,4,True
B,10,250,312,4,True
B,10,251,312,4,True
B,10,252,312,4,True
B,10,253,312,4,True
B,10,254,312,4,True
B,10,255,312,4,True
B,10,256,312,4,True
B,10,257,312,4,True
B,10,258,312,4,True
B,10,259,312,4,True
B,10,260,312,4,True
B,10,261,312,4,True
B,10,262,312,4,True
B,10,263,312,4,True
B,10,264,312,4,True
B,10,265,312,4,True
B,10,266,312,4,True
B,10,267,312,4,True
B,10,268,312,4,True
B,10,269,312,4,True
B,10,270,312,4,True
B,10,271,312,4,True
B,10,272,312,4,True
B,10,273,312,4,True
B,10,274,312,4,True
B,10,275,312,4,True
B,10,276,312,4,True
B,10,277,312,4,True
B,10,278,312,4,True
B,10,279,312,4,True
B,10,280,312,4,True
B,10,281,312,4,True
B,10,282,312,4,True
B,10,283,312,4,True
B,10,284,312,4,True
B,10,285,312,4,True
B,10,286,312,4,True
B,10,287,312,4,True
B,10,288,312,4,True
B,10,289,312,4,True
B,10,290,312,4,True
B,10,291,312,4,True
B,10,292,312,4,True
B,10,293,312,4,True
B,10,294,312,4,True
B,10,295,312,4,True
B,10,296,312,4,True
B,10,297,312,4,True
B,10,298,312,4,True
B,10,299,312,4,True
B,10,300,312,4,True
B,10,301,312,4,True
B,10,302,312,4,True
B,10,303,312,4,True
B,10,304,312,4,True
B,10,305,312,4,True
B,10,306,312,4,True
B,10,307,312,4,True
B,10,308,312,4,True
B,10,309,312,4,True
B,10,310,312,4,True
B,10,311,312,4,True
B,10,312,312,4,True
B,10,313,312,4,True
B,10,314,312,4,True
B,10,315,312,4,True
B,10,316,312,4,True
B,10,317,312,4,True
B,10,318,312,4,True
B,10,319,312,4,True
B,10,320,312,4,True
B,10,321,312,4,True
B,10,322,312,4,True
B,10,323,312,4,True
B,10,324,312,4,True
B,10,325,312,4,True
B,10,326,312,4,True
B,10,327,312,4,True
B,10,328,312,4,True
B,10,329,312,4,True
B,10,330,312,4,True
B,10,331,312,4,True
B,10,332,312,4,True
B,10,333,312,4,True
B,10,334,312,4,True
B,10,335,312,4,True
B,10,336,312,4,True
B,10,337,312,4,True
B,10,338,312,4,True
B,10,339,312,4,True
B,10,340,311,4,True
B,10,341,311,4,True
B,10,342,311,4,True
B,10,343,311,4,True
B,10,344,311,4,True
B,10,345,311,4,True
B,10,346,311,4,True
B,10,347,311,4,True
B,10,348,311,4,True
B,10,349,311,4,True
B,10,350,311,4,True
B,10,351,311,4,True
B,10,352,311,4,True
B,10,353,311,4,True
B,10,354,311,4,True
B,10,355,311,4,True
B,10,356,311,4,True
B,10,357,311,4,True
B,10,358,311,4,True
B,10,359,311,4,True
B,10,360,311,4,True
B,10,361,311,4,True
B,10,362,311,4,True
B,10,363,311,4,True
B,10,364,311,4,True
B,10,365,311,4,True
B,10,366,311,4,True
B,10,367,311,4,True
B,10,368,311,4,True
B,10,369,311,4,True
B,10,370,311,4,True
B,10,371,311,4,True
B,10,372,311,4,True
B,10,373,311,4,True
B,10,374,311,4,True
B,10,375,311,4,True
B,10,376,311,4,True
B,10,377,311,4,True
B,10,378,311,4,True
B,10,379,311,4,True
B,10,380,311,4,True
B,10,381,311,4,True
B,10,382,311,4,True
B,10,383,311,4,True
B,10,384,311,4,True
B,10,385,311,4,True
B,10,386,311,4,True
B,10,387,311,4,True
B,10,388,311,4,True
B,10,389,311,4,True
B,10,390,311,4,True
B,10,391,311,4,True
B,10,392,311,4,True
B,10,393,311,4,True
B,10,394,311,4,True
B,10,395,311,4,True
B,10,396,311,4,True
B,10,397,311,4,True
B,10,398,311,4,True
B,10,399,311,4,True
B,10,400,311,4,True
B,10,401,311,4,True
B,10,402,311,4,True
B,10,403,311,4,True
B,10,404,311,4,True
B,10,405,311,4,True
B,10,406,311,4,True
B,10,407,311,4,True
B,10,408,311,4,True
B,10,409,311,4,True
B,10,410,311,4,True
B,10,411,311,4,True
B,10,412,311,4,True
B,10,413,311,4,True
B,10,414,311,4,True
B,10,415,311,4,True
B,10,416,311,4,True
B,10,417,311,4,True
B,10,418,311,4,True
B,10,419,311,4,True
B,10,420,311,4,True
B,10,421,311,4,True
B,10,422,311,4,True
B,10,423,311,4,True
B,10,424,311,4,True
B,10,425,311,4,True
B,10,426,311,4,True
B,10,427,311,4,True
B,10,428,311,4,True
B,10,429,311,4,True
B,10,430,311,4,True
B,10,431,311,4,True
B,10,432,311,4,True
B,10,433,311,4,True
B,10,434,311,4,True
B,10,435,311,4,True
B,10,436,311,4,True
B,10,437,311,4,True
B,10,438,311,4,True
B,10,439,311,4,True
B,10,440,311,4,True
B,10,441,311,4,True
B,10,442,311,4,True
B,10,443,311,4,True
B,10,444,311,4,True
B,10,445,311,4,True
B,10,446,311,4,True
B,10,447,311,4,True
B,10,448,311,4,True
B,10,449,311,4,True
B,10,450,311,4,True
B,10,451,311,4,True
B,10,452,311,4,True
B,10,453,311,4,True
B,10,454,311,4,True
B,10,455,311,4,True
B,10,456,311,4,True
B,10,457,311,4,True
B,10,458,311,4,True
B,10,459,311,4,True
B,10,460,311,4,True
B,10,461,311,4,True
B,10,462,311,4,True
B,10,463,311,4,True
B,10,464,311,4,True
B,10,465,311,4,True
B,10,466,311,4,True
B,10,467,311,4,True
B,10,468,311,4,True
B,10,469,311,4,True
B,10,470,311,4,True
B,10,471,311,4,True
B,10,472,311,4,True
B,10,473,311,4,True
B,10,474,311,4,True
B,10,475,311,4,True
B,10,476,311,4,True
B,10,477,311,4,True
B,10,478,311,4,True
B,10,479,311,4,True
B,10,480,311,4,True
B,10,481,311,4,True
B,10,482,311,4,True
B,10,483,311,4,True
B,10,484,311,4,True
B,10,485,311,4,True
B,10,486,311,4,True
B,10,487,311,4,True
B,10,488,311,4,True
B,10,489,311,4,True
B,10,490,311,4,True
B,10,491,311,4,True
B,10,492,311,4,True
B,10,493,311,4,True
B,10,494,311,4,True
B,10,495,311,4,True
B,10,496,311,4,True
B,10,497,311,4,True
B,10,498,311,4,True
B,10,499,311,4,True
B,10,500,311,4,True
B,10,501,311,4,True
B,10,502,311,4,True
B,10,503,311,4,True
B,10,504,311,4,True
B,10,505,311,4,True
B,10,506,311,4,True
B,10,507,311,4,True
B,10,508,311,4,True
B,10,509,311,4,True
B,10,510,311,4,True
B,10,511,311,4,True
B,10,512,311,4,True
B,10,513,311,4,True
B,10,514,311,4,True
B,10,515,311,4,True
B,10,516,311,4,True
B,10,517,311,4,True
B,10,518,311,4,True
B,10,519,311,4,True
B,10,520,311,4,True
B,10,521,311,4,True
B,10,522,311,4,True
B,10,523,311,4,True
B,10,524,311,4,True
B,10,525,311,4,True
B,10,526,311,4,True
B,10,527,311,4,True
B,10,528,311,4,True
B,10,529,311,4,True
B,10,530,311,4,True
B,10,531,311,4,True
B,10,532,311,4,True
B,10,533,311,4,True
B,10,534,311,4,True
B,10,535,311,4,True
B,10,536,311,4,True
B,10,537,311,4,True
B,10,538,311,4,True
B,10,539,311,4,True
B,10,540,311,4,True
B,10,541,311,4,True
B,10,542,311,4,True
B,10,543,311,4,True
B,10,544,311,4,True
B,10,545,311,4,True
B,10,546,311,4,True
B,10,547,311,4,True
B,10,548,311,4,True
B,10,549,311,4,True
B,10,550,311,4,True
B,10,551,311,4,True
B,10,552,311,4,True
B,10,553,311,4,True
B,10,554,311,4,True
B,10,555,311,4,True
B,10,556,311,4,True
B,10,557,311,4,True
B,10,558,311,4,True
B,10,559,311,4,True
B,10,560,311,4,True
B,10,561,311,4,True
B,10,562,311,4,True
B,10,563,311,4,True
B,10,564,311,4,True
B,10,565,311,4,True
B,10,566,311,4,True
B,10,567,311,4,True
B,10,568,311,4,True
B,10,569,311,4,True
B,10,570,311,4,True
B,10,571,311,4,True
B,10,572,311,4,True
B,10,573,311,4,True
B,10,574,311,4,True
B,10,575,311,4,True
B,10,576,311,4,True
B,10,577,311,4,True
B,10,578,311,4,True
B,10,579,311,4,True
B,10,580,311,4,True
B,10,581,311,4,True
B,10,582,311,4,True
B,10,583,311,4,True
B,10,584,311,4,True
B,10,585,311,4,True
B,10,586,311,4,True
B,10,587,311,4,True
B,10,588,311,4,True
B,10,589,311,4,True
B,10,590,311,4,True
B,10,591,311,4,True
B,10,592,311,4,True
B,10,593,311,4,True
B,10,594,311,4,True
B,10,595,311,4,True
B,10,596,311,4,True
B,10,597,311,4,True
B,10,598,311,4,True
B,10,599,311,4,True
B,10,600,311,4,True
B,10,601,311,4,True
B,10,602,311,4,True
B,10,603,311,4,True
B,10,604,311,4,True
B,10,605,311,4,True
B,10,606,311,4,True
B,10,607,311,4,True
B,10,608,311,4,True
B,10,609,311,4,True
B,10,610,311,4,True
B,10,611,311,4,True
B,10,612,311,4,True
B,10,613,311,4,True
B,10,614,311,4,True
B,10,615,311,4,True
B,10,616,311,4,True
B,10,617,311,4,True
B,10,618,311,4,True
B,10,619,311,4,True
B,10,620,311,4,True
B,10,621,311,4,True
B,10,622,311,4,True
B,10,623,311,4,True
B,10,624,311,4,True
B,10,625,311,4,True
B,10,626,311,4,True
B,10,627,311,4,True
B,10,628,311,4,True
B,10,629,311,4,True
B,10,630,311,4,True
B,10,631,311,4,True
B,10,632,311,4,True
B,10,633,311,4,True
B,10,634,311,4,True
B,10,635,311,4,True
B,10,636,311,4,True
B,10,637,311,4,True
B,10,638,311,4,True
B,10,639,311,4,True
B,10,640,311,4,True
B,10,641,311,4,True
B,10,642,311,4,True
B,10,643,311,4,True
B,10,644,311,4,True
B,10,645,311,4,True
B,10,646,311,4,True
B,10,647,311,4,True
B,10,648,311,4,True
B,10,649,311,4,True
B,10,650,311,4,True
B,10,651,311,4,True
B,10,652,311,4,True
B,10,653,311,4,True
B,10,654,311,4,True
B,10,655,311,4,True
B,10,656,311,4,True
B,10,657,310,4,True
B,10,658,310,4,True
B,10,659,310,4,True
B,10,660,310,4,True
B,10,661,310,4,True
B,10,662,310,4,True
B,10,663,310,4,True
B,10,664,310,4,True
B,10,665,310,4,True
B,10,666,310,4,True
B,10,667,310,4,True
B,10,668,310,4,True
B,10,669,310,4,True
B,10,670,310,4,True
B,10,671,310,4,True
B,10,672,310,4,True
B,10,673,310,4,True
B,10,674,310,4,True
B,10,675,310,4,True
B,10,676,310,4,True
B,10,677,310,4,True
B,10,678,310,4,True
B,10,679,310,4,True
B,10,680,310,4,True
B,10,681,310,4,True
B,10,682,310,4,True
B,10,683,310,4,True
B,10,684,310,4,True
B,10,685,310,4,True
B,10,686,310,4,True
B,10,687,310,4,True
B,10,688,310,4,True
B,10,689,310,4,True
B,10,690,310,4,True
B,10,691,310,4,True
B,10,692,310,4,True
B,10,693,310,4,True
B,10,694,310,4,True
B,10,695,310,4,True
B,10,696,310,4,True
B,10,697,310,4,True
B,10,698,310,4,True
B,10,699,309,4,True
B,10,700,309,4,True
B,10,701,309,4,True
B,10,702,309,4,True
B,10,703,309,4,True
B,10,704,309,4,True
B,10,705,309,4,True
B,10,706,309,4,True
B,10,707,309,4,True
B,10,708,309,4,True
B,10,709,309,4,True
B,10,710,309,4,True
B,10,711,309,4,True
B,10,712,309,4,True
B,10,713,309,4,True
B,10,714,309,4,True
B,10,715,309,4,True
B,10,716,309,4,True
B,10,717,309,4,True
B,10,718,309,4,True
B,10,719,309,4,True
B,10,720,309,4,True
B,10,721,309,4,True
B,10,722,309,4,True
B,10,723,309,4,True
B,10,724,309,4,True
B,10,725,309,4,True
B,10,726,309,4,True
B,10,727,309,4,True
B,10,728,309,4,True
B,10,729,309,4,True
B,10,730,309,4,True
B,10,731,309,4,True
B,10,732,309,4,True
B,10,733,309,4,True
B,10,734,309,4,True
B,10,735,309,4,True
B,10,736,309,4,True
B,10,737,309,4,True
B,10,738,309,4,True
B,10,739,309,4,True
B,10,740,309,4,True
B,10,741,309,4,True
B,10,742,309,4,True
B,10,743,309,4,True
B,10,744,309,4,True
B,10,745,309,4,True
B,10,746,309,4,True
B,10,747,309,4,True
B,10,748,309,4,True
B,10,749,309,4,True
B,10,750,309,4,True
B,10,751,309,4,True
B,10,752,309,4,True
B,10,753,309,4,True
B,10,754,309,4,True
B,10,755,309,4,True
B,10,756,309,4,True
B,10,757,309,4,True
B,10,758,309,4,True
B,10,759,309,4,True
B,10,760,309,4,True
B,10,761,309,4,True
B,10,762,309,4,True
B,10,763,309,4,True
B,10,764,309,4,True
B,10,765,309,4,True
B,10,766,309,4,True
B,10,767,309,4,True
B,10,768,309,4,True
B,10,769,309,4,True
B,10,770,309,4,True
B,10,771,309,4,True
B,10,772,309,4,True
B,10,773,309,4,True
B,10,774,309,4,True
B,10,775,309,4,True
B,10,776,309,4,True
B,10,777,309,4,True
B,10,778,309,4,True
B,10,779,309,4,True
B,10,780,309,4,True
B,10,781,309,4,True
B,10,782,309,4,True
B,10,783,309,4,True
B,10,784,309,4,True
B,10,785,309,4,True
B,10,786,309,4,True
B,10,787,309,4,True
B,10,788,309,4,True
B,10,789,309,4,True
B,10,790,309,4,True
B,10,791,309,4,True
B,10,792,309,4,True
B,10,793,309,4,True
B,10,794,309,4,True
B,10,795,309,4,True
B,10,796,309,4,True
B,10,797,309,4,True
B,10,798,309,4,True
B,10,799,309,4,True
B,10,800,309,4,True
B,10,801,309,4,True
B,10,802,309,4,True
B,10,803,309,4,True
B,10,804,309,4,True
B,10,805,309,4,True
B,10,806,309,4,True
B,10,807,309,4,True
B,10,808,309,4,True
B,10,809,309,4,True
B,10,810,309,4,True
B,10,811,309,4,True
B,10,812,309,4,True
B,10,813,309,4,True
B,10,814,309,4,True
B,10,815,309,4,True
B,10,816,309,4,True
B,10,817,309,4,True
B,10,818,309,4,True
B,10,819,309,4,True
B,10,820,309,4,True
B,10,821,309,4,True
B,10,822,309,4,True
B,10,823,309,4,True
B,10,824,309,4,True
B,10,825,309,4,True
B,10,826,309,4,True
B,10,827,309,4,True
B,10,828,309,4,True
B,10,829,309,4,True
B,10,830,309,4,True
B,10,831,309,4,True
B,10,832,309,4,True
B,10,833,309,4,True
B,10,834,309,4,True
B,10,835,309,4,True
B,10,836,309,4,True
B,10,837,309,4,True
B,10,838,309,4,True
B,10,839,309,4,True
B,10,840,309,4,True
B,10,841,309,4,True
B,10,842,309,4,True
B,10,843,309,4,True
B,10,844,309,4,True
B,10,845,309,4,True
B,10,846,309,4,True
B,10,847,309,4,True
B,10,848,309,4,True
B,10,849,309,4,True
B,10,850,309,4,True
B,10,851,309,4,True
B,10,852,309,4,True
B,10,853,309,4,True
B,10,854,309,4,True
B,10,855,309,4,True
B,10,856,309,4,True
B,10,857,309,4,True
B,10,858,309,4,True
B,10,859,309,4,True
B,10,860,309,4,True
B,10,861,309,4,True
B,10,862,309,4,True
B,10,863,309,4,True
B,10,864,309,4,True
B,10,865,309,4,True
B,10,866,309,4,True
B,10,867,309,4,True
B,10,868,309,4,True
B,10,869,309,4,True
B,10,870,309,4,True
B,10,871,309,4,True
B,10,872,309,4,True
B,10,873,309,4,True
B,10,874,309,4,True
B,10,875,309,4,True
B,10,876,309,4,True
B,10,877,309,4,True
B,10,878,309,4,True
B,10,879,309,4,True
B,10,880,309,4,True
B,10,881,309,4,True
B,10,882,309,4,True
B,10,883,309,4,True
B,10,884,309,4,True
B,10,885,309,4,True
B,10,886,309,4,True
B,10,887,308,4,True
B,10,888,307,4,True
B,10,889,305,4,True
B,10,890,304,4,True
B,10,891,304,4,True
B,10,892,304,4,True
B,10,893,304,4,True
B,10,894,304,4,True
B,10,895,304,4,True
B,10,896,304,4,True
B,10,897,304,4,True
B,10,898,304,4,True
B,10,899,304,4,True
B,10,900,304,4,True
B,10,901,304,4,True
B,10,902,304,4,True
B,10,903,304,4,True
B,10,904,304,4,True
B,10,905,304,4,True
B,10,906,304,4,True
B,10,907,304,4,True
B,10,908,304,4,True
B,10,909,304,4,True
B,10,910,304,4,True
B,10,911,304,4,True
B,10,912,304,4,True
B,10,913,304,4,True
B,10,914,304,4,True
B,10,915,304,4,True
B,10,916,304,4,True
B,10,917,304,4,True
B,10,918,304,4,True
B,10,919,304,4,True
B,10,920,304,4,True
B,10,921,304,4,True
B,10,922,304,4,True
B,10,923,304,4,True
B,10,924,304,4,True
B,10,925,304,4,True
B,10,926,304,4,True
B,10,927,304,4,True
B,10,928,304,4,True
B,10,929,304,4,True
B,10,930,304,4,True
B,10,931,304,4,True
B,10,932,304,4,True
B,10,933,304,4,True
B,10,934,304,4,True
B,10,935,304,4,True
B,10,936,304,4,True
B,10,937,304,4,True
B,10,938,304,4,True
B,10,939,304,4,True
B,10,940,304,4,True
B,10,941,304,4,True
B,10,942,304,4,True
B,10,943,304,4,True
B,10,944,304,4,True
B,10,945,304,4,True
B,10,946,304,4,True
B,10,947,304,4,True
B,10,948,304,4,True
B,10,949,304,4,True
B,10,950,304,4,True
B,10,951,304,4,True
B,10,952,304,4,True
B,10,953,304,4,True
B,10,954,304,4,True
B,10,955,304,4,True
B,10,956,304,4,True
B,10,957,304,4,True
B,10,958,304,4,True
B,10,959,304,4,True
B,10,960,304,4,True
B,10,961,304,4,True
B,10,962,304,4,True
B,10,963,304,4,True
B,10,964,304,4,True
B,10,965,304,4,True
B,10,966,304,4,True
B,10,967,304,4,True
B,10,968,304,4,True
B,10,969,304,4,True
B,10,970,304,4,True
B,10,971,304,4,True
B,10,972,304,4,True
B,10,973,304,4,True
B,10,974,304,4,True
B,10,975,304,4,True
B,10,976,304,4,True
B,10,977,304,4,True
B,10,978,304,4,True
B,10,979,304,4,True
B,10,980,304,4,True
B,10,981,304,4,True
B,10,982,304,4,True
B,10,983,304,4,True
B,10,984,304,4,True
B,10,985,304,4,True
B,10,986,304,4,True
B,10,987,304,4,True
B,10,988,304,4,True
B,10,989,304,4,True
B,10,990,304,4,True
B,10,991,304,4,True
B,10,992,304,4,True
B,10,993,304,4,True
B,10,994,304,4,True
B,10,995,304,4,True
B,10,996,304,4,True
B,10,997,304,4,True
B,10,998,304,4,True
B,10,999,304,4,True
B,10,1000,304,4,True
B,11,0,365,4,True
B,11,1,337,4,True
B,11,2,336,4,True
B,11,3,322,4,True
B,11,4,322,4,True
B,11,5,318,4,True
B,11,6,318,4,True
B,11,7,318,4,True
B,11,8,318,4,True
B,11,9,317,4,True
B,11,10,316,4,True
B,11,11,316,4,True
B,11,12,316,4,True
B,11,13,316,4,True
B,11,14,316,4,True
B,11,15,316,4,True
B,11,16,316,4,True
B,11,17,316,4,True
B,11,18,316,4,True
B,11,19,316,4,True
B,11,20,316,4,True
B,11,21,316,4,True
B,11,22,316,4,True
B,11,23,316,4,True
B,11,24,316,4,True
B,11,25,316,4,True
B,11,26,316,4,True
B,11,27,316,4,True
B,11,28,316,4,True
B,11,29,316,4,True
B,11,30,316,4,True
B,11,31,316,4,True
B,11,32,316,4,True
B,11,33,316,4,True
B,11,34,316,4,True
B,11,35,316,4,True
B,11,36,316,4,True
B,11,37,316,4,True
B,11,38,316,4,True
B,11,39,316,4,True
B,11,40,316,4,True
B,11,41,316,4,True
B,11,42,316,4,True
B,11,43,316,4,True
B,11,44,316,4,True
B,11,45,316,4,True
B,11,46,316,4,True
B,11,47,316,4,True
B,11,48,316,4,True
B,11,49,316,4,True
B,11,50,316,4,True
B,11,51,316,4,True
B,11,52,316,4,True
B,11,53,316,4,True
B,11,54,316,4,True
B,11,55,316,4,True
B,11,56,316,4,True
B,11,57,316,4,True
B,11,58,314,4,True
B,11,59,314,4,True
B,11,60,314,4,True
B,11,61,314,4,True
B,11,62,314,4,True
B,11,63,314,4,True
B,11,64,314,4,True
B,11,65,314,4,True
B,11,66,314,4,True
B,11,67,314,4,True
B,11,68,314,4,True
B,11,69,314,4,True
B,11,70,314,4,True
B,11,71,314,4,True
B,11,72,314,4,True
B,11,73,314,4,True
B,11,74,314,4,True
B,11,75,314,4,True
B,11,76,314,4,True
B,11,77,314,4,True
B,11,78,314,4,True
B,11,79,314,4,True
B,11,80,314,4,True
B,11,81,314,4,True
B,11,82,314,4,True
B,11,83,314,4,True
B,11,84,314,4,True
B,11,85,314,4,True
B,11,86,314,4,True
B,11,87,314,4,True
B,11,88,314,4,True
B,11,89,314,4,True
B,11,90,314,4,True
B,11,91,314,4,True
B,11,92,314,4,True
B,11,93,314,4,True
B,11,94,314,4,True
B,11,95,314,4,True
B,11,96,314,4,True
B,11,97,314,4,True
B,11,98,314,4,True
B,11,99,314,4,True
B,11,100,314,4,True
B,11,101,314,4,True
B,11,102,314,4,True
B,11,103,314,4,True
B,11,104,314,4,True
B,11,105,314,4,True
B,11,106,314,4,True
B,11,107,314,4,True
B,11,108,314,4,True
B,11,109,314,4,True
B,11,110,314,4,True
B,11,111,314,4,True
B,11,112,314,4,True
B,11,113,314,4,True
B,11,114,314,4,True
B,11,115,314,4,True
B,11,116,314,4,True
B,11,117,314,4,True
B,11,118,314,4,True
B,11,119,314,4,True
B,11,120,314,4,True
B,11,121,314,4,True
B,11,122,314,4,True
B,11,123,314,4,True
B,11,124,314,4,True
B,11,125,314,4,True
B,11,126,314,4,True
B,11,127,314,4,True
B,11,128,314,4,True
B,11,129,314,4,True
B,11,130,314,4,True
B,11,131,314,4,True
B,11,132,314,4,True
B,11,133,314,4,True
B,11,134,314,4,True
B,11,135,314,4,True
B,11,136,314,4,True
B,11,137,314,4,True
B,11,138,314,4,True
B,11,139,314,4,True
B,11,140,314,4,True
B,11,141,314,4,True
B,11,142,314,4,True
B,11,143,314,4,True
B,11,144,314,4,True
B,11,145,314,4,True
B,11,146,314,4,True
B,11,147,314,4,True
B,11,148,314,4,True
B,11,149,314,4,True
B,11,150,314,4,True
B,11,151,314,4,True
B,11,152,314,4,True
B,11,153,314,4,True
B,11,154,314,4,True
B,11,155,314,4,True
B,11,156,314,4,True
B,11,157,314,4,True
B,11,158,314,4,True
B,11,159,314,4,True
B,11,160,314,4,True
B,11,161,314,4,True
B,11,162,314,4,True
B,11,163,314,4,True
B,11,164,314,4,True
B,11,165,314,4,True
B,11,166,314,4,True
B,11,167,314,4,True
B,11,168,314,4,True
B,11,169,314,4,True
B,11,170,314,4,True
B,11,171,314,4,True
B,11,172,314,4,True
B,11,173,314,4,True
B,11,174,314,4,True
B,11,175,314,4,True
B,11,176,314,4,True
B,11,177,314,4,True
B,11,178,314,4,True
B,11,179,314,4,True
B,11,180,314,4,True
B,11,181,314,4,True
B,11,182,314,4,True
B,11,183,314,4,True
B,11,184,314,4,True
B,11,185,314,4,True
B,11,186,314,4,True
B,11,187,314,4,True
B,11,188,314,4,True
B,11,189,314,4,True
B,11,190,314,4,True
B,11,191,314,4,True
B,11,192,314,4,True
B,11,193,314,4,True
B,11,194,314,4,True
B,11,195,314,4,True
B,11,196,314,4,True
B,11,197,314,4,True
B,11,198,314,4,True
B,11,199,314,4,True
B,11,200,314,4,True
B,11,201,314,4,True
B,11,202,314,4,True
B,11,203,314,4,True
B,11,204,314,4,True
B,11,205,314,4,True
B,11,206,314,4,True
B,11,207,314,4,True
B,11,208,314,4,True
B,11,209,314,4,True
B,11,210,314,4,True
B,11,211,314,4,True
B,11,212,314,4,True
B,11,213,314,4,True
B,11,214,314,4,True
B,11,215,314,4,True
B,11,216,314,4,True
B,11,217,314,4,True
B,11,218,314,4,True
B,11,219,314,4,True
B,11,220,314,4,True
B,11,221,314,4,True
B,11,222,314,4,True
B,11,223,314,4,True
B,11,224,314,4,True
B,11,225,314,4,True
B,11,226,314,4,True
B,11,227,314,4,True
B,11,228,314,4,True
B,11,229,314,4,True
B,11,230,314,4,True
B,11,231,314,4,True
B,11,232,314,4,True
B,11,233,314,4,True
B,11,234,314,4,True
B,11,235,314,4,True
B,11,236,314,4,True
B,11,237,314,4,True
B,11,238,314,4,True
B,11,239,314,4,True
B,11,240,314,4,True
B,11,241,314,4,True
B,11,242,314,4,True
B,11,243,314,4,True
B,11,244,314,4,True
B,11,245,314,4,True
B,11,246,314,4,True
B,11,247,314,4,True
B,11,248,314,4,True
B,11,249,314,4,True
B,11,250,314,4,True
B,11,251,314,4,True
B,11,252,314,4,True
B,11,253,314,4,True
B,11,254,314,4,True
B,11,255,314,4,True
B,11,256,314,4,True
B,11,257,314,4,True
B,11,258,314,4,True
B,11,259,314,4,True
B,11,260,314,4,True
B,11,261,314,4,True
B,11,262,314,4,True
B,11,263,314,4,True
B,11,264,314,4,True
B,11,265,314,4,True
B,11,266,314,4,True
B,11,267,314,4,True
B,11,268,314,4,True
B,11,269,314,4,True
B,11,270,314,4,True
B,11,271,314,4,True
B,11,272,314,4,True
B,11,273,314,4,True
B,11,274,314,4,True
B,11,275,314,4,True
B,11,276,314,4,True
B,11,277,314,4,True
B,11,278,314,4,True
B,11,279,314,4,True
B,11,280,314,4,True
B,11,281,314,4,True
B,11,282,314,4,True
B,11,283,314,4,True
B,11,284,314,4,True
B,11,285,314,4,True
B,11,286,314,4,True
B,11,287,314,4,True
B,11,288,311,4,True
B,11,289,311,4,True
B,11,290,311,4,True
B,11,291,311,4,True
B,11,292,311,4,True
B,11,293,311,4,True
B,11,294,311,4,True
B,11,295,311,4,True
B,11,296,311,4,True
B,11,297,311,4,True
B,11,298,311,4,True
B,11,299,311,4,True
B,11,300,311,4,True
B,11,301,311,4,True
B,11,302,311,4,True
B,11,303,311,4,True
B,11,304,311,4,True
B,11,305,311,4,True
B,11,306,311,4,True
B,11,307,311,4,True
B,11,308,311,4,True
B,11,309,311,4,True
B,11,310,311,4,True
B,11,311,311,4,True
B,11,312,311,4,True
B,11,313,311,4,True
B,11,314,311,4,True
B,11,315,311,4,True
B,11,316,311,4,True
B,11,317,311,4,True
B,11,318,311,4,True
B,11,319,311,4,True
B,11,320,311,4,True
B,11,321,311,4,True
B,11,322,311,4,True
B,11,323,311,4,True
B,11,324,311,4,True
B,11,325,311,4,True
B,11,326,311,4,True
B,11,327,311,4,True
B,11,328,311,4,True
B,11,329,311,4,True
B,11,330,311,4,True
B,11,331,311,4,True
B,11,332,311,4,True
B,11,333,311,4,True
B,11,334,311,4,True
B,11,335,311,4,True
B,11,336,311,4,True
B,11,337,311,4,True
B,11,338,311,4,True
B,11,339,311,4,True
B,11,340,311,4,True
B,11,341,311,4,True
B,11,342,311,4,True
B,11,343,311,4,True
B,11,344,311,4,True
B,11,345,311,4,True
B,11,346,311,4,True
B,11,347,311,4,True
B,11,348,311,4,True
B,11,349,311,4,True
B,11,350,311,4,True
B,11,351,311,4,True
B,11,352,311,4,True
B,11,353,311,4,True
B,11,354,311,4,True
B,11,355,311,4,True
B,11,356,311,4,True
B,11,357,311,4,True
B,11,358,311,4,True
B,11,359,311,4,True
B,11,360,311,4,True
B,11,361,311,4,True
B,11,362,311,4,True
B,11,363,311,4,True
B,11,364,311,4,True
B,11,365,311,4,True
B,11,366,311,4,True
B,11,367,311,4,True
B,11,368,311,4,True
B,11,369,311,4,True
B,11,370,311,4,True
B,11,371,311,4,True
B,11,372,311,4,True
B,11,373,311,4,True
B,11,374,311,4,True
B,11,375,311,4,True
B,11,376,311,4,True
B,11,377,311,4,True
B,11,378,311,4,True
B,11,379,311,4,True
B,11,380,311,4,True
B,11,381,311,4,True
B,11,382,311,4,True
B,11,383,311,4,True
B,11,384,311,4,True
B,11,385,311,4,True
B,11,386,311,4,True
B,11,387,311,4,True
B,11,388,311,4,True
B,11,389,311,4,True
B,11,390,311,4,True
B,11,391,311,4,True
B,11,392,311,4,True
B,11,393,311,4,True
B,11,394,311,4,True
B,11,395,311,4,True
B,11,396,311,4,True
B,11,397,311,4,True
B,11,398,311,4,True
B,11,399,311,4,True
B,11,400,311,4,True
B,11,401,311,4,True
B,11,402,311,4,True
B,11,403,311,4,True
B,11,404,311,4,True
B,11,405,311,4,True
B,11,406,311,4,True
B,11,407,311,4,True
B,11,408,311,4,True
B,11,409,311,4,True
B,11,410,311,4,True
B,11,411,311,4,True
B,11,412,311,4,True
B,11,413,311,4,True
B,11,414,311,4,True
B,11,415,311,4,True
B,11,416,311,4,True
B,11,417,311,4,True
B,11,418,311,4,True
B,11,419,311,4,True
B,11,420,311,4,True
B,11,421,311,4,True
B,11,422,311,4,True
B,11,423,311,4,True
B,11,424,311,4,True
B,11,425,311,4,True
B,11,426,311,4,True
B,11,427,311,4,True
B,11,428,311,4,True
B,11,429,311,4,True
B,11,430,311,4,True
B,11,431,311,4,True
B,11,432,311,4,True
B,11,433,311,4,True
B,11,434,311,4,True
B,11,435,311,4,True
B,11,436,311,4,True
B,11,437,311,4,True
B,11,438,311,4,True
B,11,439,311,4,True
B,11,440,311,4,True
B,11,441,311,4,True
B,11,442,311,4,True
B,11,443,311,4,True
B,11,444,311,4,True
B,11,445,311,4,True
B,11,446,311,4,True
B,11,447,311,4,True
B,11,448,311,4,True
B,11,449,311,4,True
B,11,450,311,4,True
B,11,451,311,4,True
B,11,452,311,4,True
B,11,453,311,4,True
B,11,454,311,4,True
B,11,455,311,4,True
B,11,456,311,4,True
B,11,457,311,4,True
B,11,458,311,4,True
B,11,459,311,4,True
B,11,460,311,4,True
B,11,461,311,4,True
B,11,462,311,4,True
B,11,463,311,4,True
B,11,464,311,4,True
B,11,465,311,4,True
B,11,466,311,4,True
B,11,467,311,4,True
B,11,468,311,4,True
B,11,469,311,4,True
B,11,470,311,4,True
B,11,471,311,4,True
B,11,472,311,4,True
B,11,473,311,4,True
B,11,474,311,4,True
B,11,475,311,4,True
B,11,476,311,4,True
B,11,477,311,4,True
B,11,478,311,4,True
B,11,479,311,4,True
B,11,480,311,4,True
B,11,481,311,4,True
B,11,482,311,4,True
B,11,483,311,4,True
B,11,484,311,4,True
B,11,485,311,4,True
B,11,486,311,4,True
B,11,487,311,4,True
B,11,488,311,4,True
B,11,489,311,4,True
B,11,490,311,4,True
B,11,491,311,4,True
B,11,492,311,4,True
B,11,493,311,4,True
B,11,494,311,4,True
B,11,495,311,4,True
B,11,496,311,4,True
B,11,497,311,4,True
B,11,498,311,4,True
B,11,499,311,4,True
B,11,500,311,4,True
B,11,501,311,4,True
B,11,502,311,4,True
B,11,503,311,4,True
B,11,504,311,4,True
B,11,505,311,4,True
B,11,506,311,4,True
B,11,507,311,4,True
B,11,508,311,4,True
B,11,509,311,4,True
B,11,510,311,4,True
B,11,511,311,4,True
B,11,512,311,4,True
B,11,513,311,4,True
B,11,514,311,4,True
B,11,515,311,4,True
B,11,516,311,4,True
B,11,517,311,4,True
B,11,518,311,4,True
B,11,519,311,4,True
B,11,520,311,4,True
B,11,521,311,4,True
B,11,522,311,4,True
B,11,523,311,4,True
B,11,524,311,4,True
B,11,525,311,4,True
B,11,526,311,4,True
B,11,527,311,4,True
B,11,528,311,4,True
B,11,529,311,4,True
B,11,530,311,4,True
B,11,531,311,4,True
B,11,532,311,4,True
B,11,533,311,4,True
B,11,534,311,4,True
B,11,535,311,4,True
B,11,536,311,4,True
B,11,537,311,4,True
B,11,538,311,4,True
B,11,539,311,4,True
B,11,540,311,4,True
B,11,541,311,4,True
B,11,542,311,4,True
B,11,543,311,4,True
B,11,544,311,4,True
B,11,545,311,4,True
B,11,546,311,4,True
B,11,547,311,4,True
B,11,548,311,4,True
B,11,549,311,4,True
B,11,550,311,4,True
B,11,551,311,4,True
B,11,552,311,4,True
B,11,553,311,4,True
B,11,554,311,4,True
B,11,555,311,4,True
B,11,556,311,4,True
B,11,557,311,4,True
B,11,558,311,4,True
B,11,559,311,4,True
B,11,560,311,4,True
B,11,561,311,4,True
B,11,562,311,4,True
B,11,563,311,4,True
B,11,564,311,4,True
B,11,565,311,4,True
B,11,566,311,4,True
B,11,567,311,4,True
B,11,568,311,4,True
B,11,569,311,4,True
B,11,570,311,4,True
B,11,571,311,4,True
B,11,572,311,4,True
B,11,573,311,4,True
B,11,574,311,4,True
B,11,575,311,4,True
B,11,576,311,4,True
B,11,577,311,4,True
B,11,578,311,4,True
B,11,579,311,4,True
B,11,580,311,4,True
B,11,581,311,4,True
B,11,582,311,4,True
B,11,583,311,4,True
B,11,584,311,4,True
B,11,585,311,4,True
B,11,586,311,4,True
B,11,587,311,4,True
B,11,588,311,4,True
B,11,589,311,4,True
B,11,590,311,4,True
B,11,591,311,4,True
B,11,592,311,4,True
B,11,593,311,4,True
B,11,594,311,4,True
B,11,595,311,4,True
B,11,596,311,4,True
B,11,597,311,4,True
B,11,598,311,4,True
B,11,599,311,4,True
B,11,600,311,4,True
B,11,601,311,4,True
B,11,602,311,4,True
B,11,603,311,4,True
B,11,604,311,4,True
B,11,605,311,4,True
B,11,606,311,4,True
B,11,607,311,4,True
B,11,608,311,4,True
B,11,609,311,4,True
B,11,610,311,4,True
B,11,611,311,4,True
B,11,612,311,4,True
B,11,613,311,4,True
B,11,614,311,4,True
B,11,615,311,4,True
B,11,616,311,4,True
B,11,617,311,4,True
B,11,618,311,4,True
B,11,619,311,4,True
B,11,620,311,4,True
B,11,621,311,4,True
B,11,622,311,4,True
B,11,623,311,4,True
B,11,624,311,4,True
B,11,625,311,4,True
B,11,626,311,4,True
B,11,627,311,4,True
B,11,628,311,4,True
B,11,629,311,4,True
B,11,630,311,4,True
B,11,631,311,4,True
B,11,632,311,4,True
B,11,633,311,4,True
B,11,634,311,4,True
B,11,635,311,4,True
B,11,636,311,4,True
B,11,637,311,4,True
B,11,638,311,4,True
B,11,639,311,4,True
B,11,640,311,4,True
B,11,641,311,4,True
B,11,642,311,4,True
B,11,643,311,4,True
B,11,644,311,4,True
B,11,645,311,4,True
B,11,646,311,4,True
B,11,647,311,4,True
B,11,648,311,4,True
B,11,649,311,4,True
B,11,650,311,4,True
B,11,651,311,4,True
B,11,652,311,4,True
B,11,653,311,4,True
B,11,654,311,4,True
B,11,655,311,4,True
B,11,656,311,4,True
B,11,657,311,4,True
B,11,658,311,4,True
B,11,659,311,4,True
B,11,660,311,4,True
B,11,661,311,4,True
B,11,662,311,4,True
B,11,663,311,4,True
B,11,664,311,4,True
B,11,665,311,4,True
B,11,666,311,4,True
B,11,667,311,4,True
B,11,668,311,4,True
B,11,669,311,4,True
B,11,670,311,4,True
B,11,671,311,4,True
B,11,672,311,4,True
B,11,673,311,4,True
B,11,674,311,4,True
B,11,675,311,4,True
B,11,676,311,4,True
B,11,677,311,4,True
B,11,678,310,4,True
B,11,679,310,4,True
B,11,680,310,4,True
B,11,681,310,4,True
B,11,682,310,4,True
B,11,683,310,4,True
B,11,684,310,4,True
B,11,685,310,4,True
B,11,686,310,4,True
B,11,687,310,4,True
B,11,688,310,4,True
B,11,689,310,4,True
B,11,690,310,4,True
B,11,691,310,4,True
B,11,692,310,4,True
B,11,693,310,4,True
B,11,694,310,4,True
B,11,695,310,4,True
B,11,696,310,4,True
B,11,697,310,4,True
B,11,698,310,4,True
B,11,699,310,4,True
B,11,700,310,4,True
B,11,701,310,4,True
B,11,702,310,4,True
B,11,703,310,4,True
B,11,704,310,4,True
B,11,705,310,4,True
B,11,706,310,4,True
B,11,707,310,4,True
B,11,708,310,4,True
B,11,709,310,4,True
B,11,710,310,4,True
B,11,711,310,4,True
B,11,712,310,4,True
B,11,713,310,4,True
B,11,714,310,4,True
B,11,715,310,4,True
B,11,716,310,4,True
B,11,717,310,4,True
B,11,718,310,4,True
B,11,719,310,4,True
B,11,720,310,4,True
B,11,721,310,4,True
B,11,722,310,4,True
B,11,723,310,4,True
B,11,724,310,4,True
B,11,725,310,4,True
B,11,726,310,4,True
B,11,727,310,4,True
B,11,728,310,4,True
B,11,729,310,4,True
B,11,730,310,4,True
B,11,731,310,4,True
B,11,732,310,4,True
B,11,733,310,4,True
B,11,734,310,4,True
B,11,735,310,4,True
B,11,736,310,4,True
B,11,737,310,4,True
B,11,738,310,4,True
B,11,739,310,4,True
B,11,740,310,4,True
B,11,741,310,4,True
B,11,742,310,4,True
B,11,743,310,4,True
B,11,744,310,4,True
B,11,745,310,4,True
B,11,746,310,4,True
B,11,747,310,4,True
B,11,748,310,4,True
B,11,749,310,4,True
B,11,750,310,4,True
B,11,751,310,4,True
B,11,752,310,4,True
B,11,753,310,4,True
B,11,754,310,4,True
B,11,755,310,4,True
B,11,756,310,4,True
B,11,757,310,4,True
B,11,758,310,4,True
B,11,759,310,4,True
B,11,760,310,4,True
B,11,761,310,4,True
B,11,762,310,4,True
B,11,763,310,4,True
B,11,764,310,4,True
B,11,765,310,4,True
B,11,766,310,4,True
B,11,767,310,4,True
B,11,768,310,4,True
B,11,769,310,4,True
B,11,770,310,4,True
B,11,771,310,4,True
B,11,772,310,4,True
B,11,773,310,4,True
B,11,774,310,4,True
B,11,775,310,4,True
B,11,776,310,4,True
B,11,777,310,4,True
B,11,778,310,4,True
B,11,779,310,4,True
B,11,780,310,4,True
B,11,781,310,4,True
B,11,782,310,4,True
B,11,783,310,4,True
B,11,784,310,4,True
B,11,785,310,4,True
B,11,786,310,4,True
B,11,787,310,4,True
B,11,788,310,4,True
B,11,789,310,4,True
B,11,790,310,4,True
B,11,791,310,4,True
B,11,792,310,4,True
B,11,793,310,4,True
B,11,794,310,4,True
B,11,795,310,4,True
B,11,796,310,4,True
B,11,797,310,4,True
B,11,798,310,4,True
B,11,799,310,4,True
B,11,800,310,4,True
B,11,801,310,4,True
B,11,802,310,4,True
B,11,803,310,4,True
B,11,804,310,4,True
B,11,805,310,4,True
B,11,806,310,4,True
B,11,807,310,4,True
B,11,808,310,4,True
B,11,809,310,4,True
B,11,810,310,4,True
B,11,811,310,4,True
B,11,812,310,4,True
B,11,813,310,4,True
B,11,814,310,4,True
B,11,815,310,4,True
B,11,816,310,4,True
B,11,817,310,4,True
B,11,818,310,4,True
B,11,819,310,4,True
B,11,820,310,4,True
B,11,821,310,4,True
B,11,822,310,4,True
B,11,823,310,4,True
B,11,824,310,4,True
B,11,825,310,4,True
B,11,826,310,4,True
B,11,827,310,4,True
B,11,828,310,4,True
B,11,829,310,4,True
B,11,830,310,4,True
B,11,831,310,4,True
B,11,832,310,4,True
B,11,833,310,4,True
B,11,834,310,4,True
B,11,835,310,4,True
B,11,836,310,4,True
B,11,837,310,4,True
B,11,838,310,4,True
B,11,839,310,4,True
B,11,840,310,4,True
B,11,841,310,4,True
B,11,842,310,4,True
B,11,843,310,4,True
B,11,844,310,4,True
B,11,845,310,4,True
B,11,846,310,4,True
B,11,847,310,4,True
B,11,848,310,4,True
B,11,849,310,4,True
B,11,850,310,4,True
B,11,851,310,4,True
B,11,852,310,4,True
B,11,853,310,4,True
B,11,854,310,4,True
B,11,855,310,4,True
B,11,856,310,4,True
B,11,857,310,4,True
B,11,858,310,4,True
B,11,859,310,4,True
B,11,860,310,4,True
B,11,861,310,4,True
B,11,862,310,4,True
B,11,863,310,4,True
B,11,864,310,4,True
B,11,865,310,4,True
B,11,866,310,4,True
B,11,867,310,4,True
B,11,868,310,4,True
B,11,869,310,4,True
B,11,870,310,4,True
B,11,871,310,4,True
B,11,872,310,4,True
B,11,873,310,4,True
B,11,874,310,4,True
B,11,875,310,4,True
B,11,876,310,4,True
B,11,877,310,4,True
B,11,878,310,4,True
B,11,879,310,4,True
B,11,880,310,4,True
B,11,881,310,4,True
B,11,882,310,4,True
B,11,883,310,4,True
B,11,884,310,4,True
B,11,885,310,4,True
B,11,886,310,4,True
B,11,887,310,4,True
B,11,888,310,4,True
B,11,889,310,4,True
B,11,890,310,4,True
B,11,891,310,4,True
B,11,892,310,4,True
B,11,893,310,4,True
B,11,894,310,4,True
B,11,895,310,4,True
B,11,896,310,4,True
B,11,897,310,4,True
B,11,898,310,4,True
B,11,899,310,4,True
B,11,900,310,4,True
B,11,901,310,4,True
B,11,902,310,4,True
B,11,903,310,4,True
B,11,904,310,4,True
B,11,905,310,4,True
B,11,906,310,4,True
B,11,907,310,4,True
B,11,908,310,4,True
B,11,909,310,4,True
B,11,910,310,4,True
B,11,911,310,4,True
B,11,912,310,4,True
B,11,913,310,4,True
B,11,914,310,4,True
B,11,915,310,4,True
B,11,916,310,4,True
B,11,917,310,4,True
B,11,918,310,4,True
B,11,919,310,4,True
B,11,920,310,4,True
B,11,921,310,4,True
B,11,922,310,4,True
B,11,923,310,4,True
B,11,924,310,4,True
B,11,925,310,4,True
B,11,926,310,4,True
B,11,927,310,4,True
B,11,928,310,4,True
B,11,929,310,4,True
B,11,930,310,4,True
B,11,931,310,4,True
B,11,932,310,4,True
B,11,933,310,4,True
B,11,934,310,4,True
B,11,935,310,4,True
B,11,936,310,4,True
B,11,937,310,4,True
B,11,938,310,4,True
B,11,939,310,4,True
B,11,940,310,4,True
B,11,941,310,4,True
B,11,942,310,4,True
B,11,943,310,4,True
B,11,944,310,4,True
B,11,945,310,4,True
B,11,946,310,4,True
B,11,947,310,4,True
B,11,948,310,4,True
B,11,949,310,4,True
B,11,950,310,4,True
B,11,951,310,4,True
B,11,952,310,4,True
B,11,953,310,4,True
B,11,954,310,4,True
B,11,955,310,4,True
B,11,956,310,4,True
B,11,957,310,4,True
B,11,958,310,4,True
B,11,959,310,4,True
B,11,960,310,4,True
B,11,961,310,4,True
B,11,962,310,4,True
B,11,963,310,4,True
B,11,964,310,4,True
B,11,965,310,4,True
B,11,966,310,4,True
B,11,967,310,4,True
B,11,968,310,4,True
B,11,969,310,4,True
B,11,970,310,4,True
B,11,971,310,4,True
B,11,972,310,4,True
B,11,973,310,4,True
B,11,974,310,4,True
B,11,975,310,4,True
B,11,976,310,4,True
B,11,977,310,4,True
B,11,978,310,4,True
B,11,979,310,4,True
B,11,980,310,4,True
B,11,981,310,4,True
B,11,982,310,4,True
B,11,983,310,4,True
B,11,984,310,4,True
B,11,985,310,4,True
B,11,986,310,4,True
B,11,987,310,4,True
B,11,988,310,4,True
B,11,989,310,4,True
B,11,990,310,4,True
B,11,991,310,4,True
B,11,992,310,4,True
B,11,993,310,4,True
B,11,994,310,4,True
B,11,995,310,4,True
B,11,996,310,4,True
B,11,997,310,4,True
B,11,998,310,4,True
B,11,999,310,4,True
B,11,1000,310,4,True
B,12,0,365,4,True
B,12,1,364,4,True
B,12,2,364,4,True
B,12,3,364,4,True
B,12,4,336,4,True
B,12,5,331,4,True
B,12,6,330,4,True
B,12,7,330,4,True
B,12,8,329,4,True
B,12,9,323,4,True
B,12,10,323,4,True
B,12,11,323,4,True
B,12,12,323,4,True
B,12,13,323,4,True
B,12,14,323,4,True
B,12,15,323,4,True
B,12,16,323,4,True
B,12,17,318,4,True
B,12,18,318,4,True
B,12,19,317,4,True
B,12,20,317,4,True
B,12,21,317,4,True
B,12,22,317,4,True
B,12,23,317,4,True
B,12,24,317,4,True
B,12,25,317,4,True
B,12,26,317,4,True
B,12,27,317,4,True
B,12,28,316,4,True
B,12,29,312,4,True
B,12,30,312,4,True
B,12,31,312,4,True
B,12,32,312,4,True
B,12,33,312,4,True
B,12,34,312,4,True
B,12,35,312,4,True
B,12,36,312,4,True
B,12,37,312,4,True
B,12,38,312,4,True
B,12,39,312,4,True
B,12,40,312,4,True
B,12,41,312,4,True
B,12,42,312,4,True
B,12,43,312,4,True
B,12,44,312,4,True
B,12,45,312,4,True
B,12,46,312,4,True
B,12,47,312,4,True
B,12,48,312,4,True
B,12,49,312,4,True
B,12,50,312,4,True
B,12,51,312,4,True
B,12,52,312,4,True
B,12,53,312,4,True
B,12,54,312,4,True
B,12,55,312,4,True
B,12,56,312,4,True
B,12,57,312,4,True
B,12,58,312,4,True
B,12,59,312,4,True
B,12,60,312,4,True
B,12,61,312,4,True
B,12,62,312,4,True
B,12,63,312,4,True
B,12,64,312,4,True
B,12,65,312,4,True
B,12,66,312,4,True
B,12,67,312,4,True
B,12,68,312,4,True
B,12,69,312,4,True
B,12,70,312,4,True
B,12,71,312,4,True
B,12,72,312,4,True
B,12,73,312,4,True
B,12,74,312,4,True
B,12,75,312,4,True
B,12,76,312,4,True
B,12,77,312,4,True
B,12,78,312,4,True
B,12,79,312,4,True
B,12,80,312,4,True
B,12,81,312,4,True
B,12,82,312,4,True
B,12,83,312,4,True
B,12,84,312,4,True
B,12,85,312,4,True
B,12,86,312,4,True
B,12,87,312,4,True
B,12,88,312,4,True
B,12,89,312,4,True
B,12,90,312,4,True
B,12,91,312,4,True
B,12,92,312,4,True
B,12,93,312,4,True
B,12,94,312,4,True
B,12,95,312,4,True
B,12,96,312,4,True
B,12,97,312,4,True
B,12,98,312,4,True
B,12,99,312,4,True
B,12,100,312,4,True
B,12,101,312,4,True
B,12,102,312,4,True
B,12,103,312,4,True
B,12,104,312,4,True
B,12,105,312,4,True
B,12,106,312,4,True
B,12,107,312,4,True
B,12,108,312,4,True
B,12,109,312,4,True
B,12,110,312,4,True
B,12,111,312,4,True
B,12,112,312,4,True
B,12,113,312,4,True
B,12,114,312,4,True
B,12,115,312,4,True
B,12,116,312,4,True
B,12,117,312,4,True
B,12,118,312,4,True
B,12,119,312,4,True
B,12,120,312,4,True
B,12,121,312,4,True
B,12,122,312,4,True
B,12,123,312,4,True
B,12,124,312,4,True
B,12,125,312,4,True
B,12,126,312,4,True
B,12,127,312,4,True
B,12,128,312,4,True
B,12,129,312,4,True
B,12,130,312,4,True
B,12,131,312,4,True
B,12,132,312,4,True
B,12,133,312,4,True
B,12,134,312,4,True
B,12,135,312,4,True
B,12,136,309,4,True
B,12,137,309,4,True
B,12,138,309,4,True
B,12,139,309,4,True
B,12,140,309,4,True
B,12,141,309,4,True
B,12,142,309,4,True
B,12,143,309,4,True
B,12,144,309,4,True
B,12,145,309,4,True
B,12,146,309,4,True
B,12,147,309,4,True
B,12,148,309,4,True
B,12,149,309,4,True
B,12,150,309,4,True
B,12,151,309,4,True
B,12,152,309,4,True
B,12,153,309,4,True
B,12,154,309,4,True
B,12,155,309,4,True
B,12,156,309,4,True
B,12,157,309,4,True
B,12,158,309,4,True
B,12,159,309,4,True
B,12,160,309,4,True
B,12,161,309,4,True
B,12,162,309,4,True
B,12,163,309,4,True
B,12,164,309,4,True
B,12,165,309,4,True
B,12,166,309,4,True
B,12,167,309,4,True
B,12,168,309,4,True
B,12,169,309,4,True
B,12,170,309,4,True
B,12,171,309,4,True
B,12,172,309,4,True
B,12,173,309,4,True
B,12,174,309,4,True
B,12,175,309,4,True
B,12,176,309,4,True
B,12,177,309,4,True
B,12,178,309,4,True
B,12,179,309,4,True
B,12,180,309,4,True
B,12,181,309,4,True
B,12,182,309,4,True
B,12,183,309,4,True
B,12,184,309,4,True
B,12,185,309,4,True
B,12,186,309,4,True
B,12,187,309,4,True
B,12,188,309,4,True
B,12,189,309,4,True
B,12,190,305,4,True
B,12,191,305,4,True
B,12,192,305,4,True
B,12,193,305,4,True
B,12,194,305,4,True
B,12,195,305,4,True
B,12,196,305,4,True
B,12,197,305,4,True
B,12,198,305,4,True
B,12,199,305,4,True
B,12,200,305,4,True
B,12,201,305,4,True
B,12,202,305,4,True
B,12,203,305,4,True
B,12,204,305,4,True
B,12,205,305,4,True
B,12,206,305,4,True
B,12,207,305,4,True
B,12,208,305,4,True
B,12,209,305,4,True
B,12,210,305,4,True
B,12,211,305,4,True
B,12,212,305,4,True
B,12,213,305,4,True
B,12,214,305,4,True
B,12,215,305,4,True
B,12,216,305,4,True
B,12,217,305,4,True
B,12,218,305,4,True
B,12,219,305,4,True
B,12,220,305,4,True
B,12,221,305,4,True
B,12,222,305,4,True
B,12,223,305,4,True
B,12,224,305,4,True
B,12,225,305,4,True
B,12,226,305,4,True
B,12,227,305,4,True
B,12,228,305,4,True
B,12,229,305,4,True
B,12,230,305,4,True
B,12,231,305,4,True
B,12,232,305,4,True
B,12,233,305,4,True
B,12,234,305,4,True
B,12,235,305,4,True
B,12,236,305,4,True
B,12,237,305,4,True
B,12,238,305,4,True
B,12,239,305,4,True
B,12,240,305,4,True
B,12,241,305,4,True
B,12,242,305,4,True
B,12,243,305,4,True
B,12,244,305,4,True
B,12,245,305,4,True
B,12,246,305,4,True
B,12,247,305,4,True
B,12,248,305,4,True
B,12,249,305,4,True
B,12,250,305,4,True
B,12,251,305,4,True
B,12,252,305,4,True
B,12,253,305,4,True
B,12,254,305,4,True
B,12,255,305,4,True
B,12,256,305,4,True
B,12,257,305,4,True
B,12,258,305,4,True
B,12,259,305,4,True
B,12,260,305,4,True
B,12,261,305,4,True
B,12,262,305,4,True
B,12,263,305,4,True
B,12,264,305,4,True
B,12,265,305,4,True
B,12,266,305,4,True
B,12,267,305,4,True
B,12,268,305,4,True
B,12,269,305,4,True
B,12,270,305,4,True
B,12,271,305,4,True
B,12,272,305,4,True
B,12,273,305,4,True
B,12,274,305,4,True
B,12,275,305,4,True
B,12,276,305,4,True
B,12,277,305,4,True
B,12,278,305,4,True
B,12,279,305,4,True
B,12,280,305,4,True
B,12,281,305,4,True
B,12,282,305,4,True
B,12,283,305,4,True
B,12,284,305,4,True
B,12,285,305,4,True
B,12,286,305,4,True
B,12,287,305,4,True
B,12,288,305,4,True
B,12,289,305,4,True
B,12,290,305,4,True
B,12,291,305,4,True
B,12,292,305,4,True
B,12,293,305,4,True
B,12,294,305,4,True
B,12,295,305,4,True
B,12,296,305,4,True
B,12,297,305,4,True
B,12,298,305,4,True
B,12,299,305,4,True
B,12,300,304,4,True
B,12,301,304,4,True
B,12,302,304,4,True
B,12,303,304,4,True
B,12,304,304,4,True
B,12,305,304,4,True
B,12,306,304,4,True
B,12,307,304,4,True
B,12,308,304,4,True
B,12,309,304,4,True
B,12,310,304,4,True
B,12,311,304,4,True
B,12,312,304,4,True
B,12,313,304,4,True
B,12,314,304,4,True
B,12,315,304,4,True
B,12,316,304,4,True
B,12,317,304,4,True
B,12,318,304,4,True
B,12,319,304,4,True
B,12,320,304,4,True
B,12,321,304,4,True
B,12,322,304,4,True
B,12,323,304,4,True
B,12,324,304,4,True
B,12,325,304,4,True
B,12,326,304,4,True
B,12,327,304,4,True
B,12,328,304,4,True
B,12,329,304,4,True
B,12,330,304,4,True
B,12,331,304,4,True
B,12,332,304,4,True
B,12,333,304,4,True
B,12,334,304,4,True
B,12,335,304,4,True
B,12,336,304,4,True
B,12,337,304,4,True
B,12,338,304,4,True
B,12,339,304,4,True
B,12,340,304,4,True
B,12,341,304,4,True
B,12,342,304,4,True
B,12,343,304,4,True
B,12,344,304,4,True
B,12,345,304,4,True
B,12,346,304,4,True
B,12,347,304,4,True
B,12,348,304,4,True
B,12,349,304,4,True
B,12,350,304,4,True
B,12,351,304,4,True
B,12,352,304,4,True
B,12,353,304,4,True
B,12,354,304,4,True
B,12,355,304,4,True
B,12,356,304,4,True
B,12,357,304,4,True
B,12,358,304,4,True
B,12,359,304,4,True
B,12,360,304,4,True
B,12,361,304,4,True
B,12,362,304,4,True
B,12,363,304,4,True
B,12,364,304,4,True
B,12,365,304,4,True
B,12,366,304,4,True
B,12,367,304,4,True
B,12,368,304,4,True
B,12,369,304,4,True
B,12,370,304,4,True
B,12,371,304,4,True
B,12,372,304,4,True
B,12,373,304,4,True
B,12,374,304,4,True
B,12,375,304,4,True
B,12,376,304,4,True
B,12,377,304,4,True
B,12,378,304,4,True
B,12,379,304,4,True
B,12,380,304,4,True
B,12,381,304,4,True
B,12,382,304,4,True
B,12,383,304,4,True
B,12,384,304,4,True
B,12,385,304,4,True
B,12,386,304,4,True
B,12,387,304,4,True
B,12,388,304,4,True
B,12,389,304,4,True
B,12,390,304,4,True
B,12,391,304,4,True
B,12,392,304,4,True
B,12,393,304,4,True
B,12,394,304,4,True
B,12,395,304,4,True
B,12,396,304,4,True
B,12,397,304,4,True
B,12,398,304,4,True
B,12,399,304,4,True
B,12,400,304,4,True
B,12,401,304,4,True
B,12,402,304,4,True
B,12,403,304,4,True
B,12,404,304,4,True
B,12,405,304,4,True
B,12,406,304,4,True
B,12,407,304,4,True
B,12,408,304,4,True
B,12,409,304,4,True
B,12,410,304,4,True
B,12,411,304,4,True
B,12,412,304,4,True
B,12,413,304,4,True
B,12,414,304,4,True
B,12,415,304,4,True
B,12,416,304,4,True
B,12,417,304,4,True
B,12,418,304,4,True
B,12,419,304,4,True
B,12,420,304,4,True
B,12,421,304,4,True
B,12,422,304,4,True
B,12,423,304,4,True
B,12,424,304,4,True
B,12,425,304,4,True
B,12,426,304,4,True
B,12,427,304,4,True
B,12,428,304,4,True
B,12,429,304,4,True
B,12,430,304,4,True
B,12,431,304,4,True
B,12,432,304,4,True
B,12,433,304,4,True
B,12,434,304,4,True
B,12,435,304,4,True
B,12,436,304,4,True
B,12,437,304,4,True
B,12,438,304,4,True
B,12,439,304,4,True
B,12,440,304,4,True
B,12,441,304,4,True
B,12,442,304,4,True
B,12,443,304,4,True
B,12,444,304,4,True
B,12,445,304,4,True
B,12,446,304,4,True
B,12,447,304,4,True
B,12,448,304,4,True
B,12,449,304,4,True
B,12,450,304,4,True
B,12,451,304,4,True
B,12,452,304,4,True
B,12,453,304,4,True
B,12,454,304,4,True
B,12,455,304,4,True
B,12,456,304,4,True
B,12,457,304,4,True
B,12,458,304,4,True
B,12,459,304,4,True
B,12,460,304,4,True
B,12,461,304,4,True
B,12,462,304,4,True
B,12,463,304,4,True
B,12,464,304,4,True
B,12,465,304,4,True
B,12,466,304,4,True
B,12,467,304,4,True
B,12,468,304,4,True
B,12,469,304,4,True
B,12,470,304,4,True
B,12,471,304,4,True
B,12,472,304,4,True
B,12,473,304,4,True
B,12,474,304,4,True
B,12,475,304,4,True
B,12,476,304,4,True
B,12,477,304,4,True
B,12,478,304,4,True
B,12,479,304,4,True
B,12,480,304,4,True
B,12,481,304,4,True
B,12,482,304,4,True
B,12,483,304,4,True
B,12,484,304,4,True
B,12,485,304,4,True
B,12,486,304,4,True
B,12,487,304,4,True
B,12,488,304,4,True
B,12,489,304,4,True
B,12,490,304,4,True
B,12,491,304,4,True
B,12,492,304,4,True
B,12,493,304,4,True
B,12,494,304,4,True
B,12,495,304,4,True
B,12,496,304,4,True
B,12,497,304,4,True
B,12,498,304,4,True
B,12,499,304,4,True
B,12,500,304,4,True
B,12,501,304,4,True
B,12,502,304,4,True
B,12,503,304,4,True
B,12,504,304,4,True
B,12,505,304,4,True
B,12,506,304,4,True
B,12,507,304,4,True
B,12,508,304,4,True
B,12,509,304,4,True
B,12,510,304,4,True
B,12,511,304,4,True
B,12,512,304,4,True
B,12,513,304,4,True
B,12,514,304,4,True
B,12,515,304,4,True
B,12,516,304,4,True
B,12,517,304,4,True
B,12,518,304,4,True
B,12,519,304,4,True
B,12,520,304,4,True
B,12,521,304,4,True
B,12,522,304,4,True
B,12,523,304,4,True
B,12,524,304,4,True
B,12,525,304,4,True
B,12,526,304,4,True
B,12,527,304,4,True
B,12,528,304,4,True
B,12,529,304,4,True
B,12,530,304,4,True
B,12,531,304,4,True
B,12,532,304,4,True
B,12,533,304,4,True
B,12,534,304,4,True
B,12,535,304,4,True
B,12,536,304,4,True
B,12,537,304,4,True
B,12,538,304,4,True
B,12,539,304,4,True
B,12,540,304,4,True
B,12,541,304,4,True
B,12,542,304,4,True
B,12,543,304,4,True
B,12,544,304,4,True
B,12,545,304,4,True
B,12,546,304,4,True
B,12,547,304,4,True
B,12,548,304,4,True
B,12,549,304,4,True
B,12,550,304,4,True
B,12,551,304,4,True
B,12,552,304,4,True
B,12,553,304,4,True
B,12,554,304,4,True
B,12,555,304,4,True
B,12,556,304,4,True
B,12,557,304,4,True
B,12,558,304,4,True
B,12,559,304,4,True
B,12,560,304,4,True
B,12,561,304,4,True
B,12,562,304,4,True
B,12,563,304,4,True
B,12,564,304,4,True
B,12,565,304,4,True
B,12,566,304,4,True
B,12,567,304,4,True
B,12,568,304,4,True
B,12,569,304,4,True
B,12,570,304,4,True
B,12,571,304,4,True
B,12,572,304,4,True
B,12,573,304,4,True
B,12,574,304,4,True
B,12,575,304,4,True
B,12,576,304,4,True
B,12,577,304,4,True
B,12,578,304,4,True
B,12,579,304,4,True
B,12,580,304,4,True
B,12,581,304,4,True
B,12,582,304,4,True
B,12,583,304,4,True
B,12,584,304,4,True
B,12,585,304,4,True
B,12,586,304,4,True
B,12,587,304,4,True
B,12,588,304,4,True
B,12,589,304,4,True
B,12,590,304,4,True
B,12,591,304,4,True
B,12,592,304,4,True
B,12,593,304,4,True
B,12,594,304,4,True
B,12,595,304,4,True
B,12,596,304,4,True
B,12,597,304,4,True
B,12,598,304,4,True
B,12,599,304,4,True
B,12,600,301,4,True
B,12,601,301,4,True
B,12,602,301,4,True
B,12,603,301,4,True
B,12,604,301,4,True
B,12,605,301,4,True
B,12,606,301,4,True
B,12,607,301,4,True
B,12,608,301,4,True
B,12,609,301,4,True
B,12,610,301,4,True
B,12,611,301,4,True
B,12,612,301,4,True
B,12,613,301,4,True
B,12,614,301,4,True
B,12,615,301,4,True
B,12,616,301,4,True
B,12,617,301,4,True
B,12,618,301,4,True
B,12,619,301,4,True
B,12,620,301,4,True
B,12,621,301,4,True
B,12,622,301,4,True
B,12,623,301,4,True
B,12,624,301,4,True
B,12,625,301,4,True
B,12,626,301,4,True
B,12,627,301,4,True
B,12,628,301,4,True
B,12,629,301,4,True
B,12,630,301,4,True
B,12,631,301,4,True
B,12,632,301,4,True
B,12,633,301,4,True
B,12,634,301,4,True
B,12,635,301,4,True
B,12,636,301,4,True
B,12,637,301,4,True
B,12,638,301,4,True
B,12,639,301,4,True
B,12,640,301,4,True
B,12,641,301,4,True
B,12,642,301,4,True
B,12,643,301,4,True
B,12,644,301,4,True
B,12,645,301,4,True
B,12,646,301,4,True
B,12,647,301,4,True
B,12,648,301,4,True
B,12,649,301,4,True
B,12,650,301,4,True
B,12,651,301,4,True
B,12,652,301,4,True
B,12,653,301,4,True
B,12,654,301,4,True
B,12,655,301,4,True
B,12,656,301,4,True
B,12,657,301,4,True
B,12,658,301,4,True
B,12,659,301,4,True
B,12,660,301,4,True
B,12,661,301,4,True
B,12,662,301,4,True
B,12,663,301,4,True
B,12,664,301,4,True
B,12,665,301,4,True
B,12,666,301,4,True
B,12,667,301,4,True
B,12,668,301,4,True
B,12,669,301,4,True
B,12,670,301,4,True
B,12,671,301,4,True
B,12,672,301,4,True
B,12,673,301,4,True
B,12,674,301,4,True
B,12,675,301,4,True
B,12,676,301,4,True
B,12,677,301,4,True
B,12,678,301,4,True
B,12,679,301,4,True
B,12,680,301,4,True
B,12,681,301,4,True
B,12,682,301,4,True
B,12,683,301,4,True
B,12,684,301,4,True
B,12,685,301,4,True
B,12,686,301,4,True
B,12,687,301,4,True
B,12,688,301,4,True
B,12,689,301,4,True
B,12,690,301,4,True
B,12,691,301,4,True
B,12,692,301,4,True
B,12,693,301,4,True
B,12,694,301,4,True
B,12,695,301,4,True
B,12,696,301,4,True
B,12,697,301,4,True
B,12,698,301,4,True
B,12,699,301,4,True
B,12,700,301,4,True
B,12,701,301,4,True
B,12,702,301,4,True
B,12,703,301,4,True
B,12,704,301,4,True
B,12,705,301,4,True
B,12,706,301,4,True
B,12,707,301,4,True
B,12,708,301,4,True
B,12,709,301,4,True
B,12,710,301,4,True
B,12,711,301,4,True
B,12,712,301,4,True
B,12,713,301,4,True
B,12,714,301,4,True
B,12,715,301,4,True
B,12,716,301,4,True
B,12,717,301,4,True
B,12,718,301,4,True
B,12,719,301,4,True
B,12,720,301,4,True
B,12,721,301,4,True
B,12,722,301,4,True
B,12,723,301,4,True
B,12,724,301,4,True
B,12,725,301,4,True
B,12,726,301,4,True
B,12,727,301,4,True
B,12,728,301,4,True
B,12,729,301,4,True
B,12,730,301,4,True
B,12,731,301,4,True
B,12,732,301,4,True
B,12,733,301,4,True
B,12,734,301,4,True
B,12,735,301,4,True
B,12,736,301,4,True
B,12,737,301,4,True
B,12,738,301,4,True
B,12,739,301,4,True
B,12,740,301,4,True
B,12,741,301,4,True
B,12,742,301,4,True
B,12,743,301,4,True
B,12,744,301,4,True
B,12,745,301,4,True
B,12,746,301,4,True
B,12,747,301,4,True
B,12,748,301,4,True
B,12,749,301,4,True
B,12,750,301,4,True
B,12,751,301,4,True
B,12,752,301,4,True
B,12,753,301,4,True
B,12,754,301,4,True
B,12,755,301,4,True
B,12,756,301,4,True
B,12,757,301,4,True
B,12,758,301,4,True
B,12,759,301,4,True
B,12,760,301,4,True
B,12,761,301,4,True
B,12,762,301,4,True
B,12,763,301,4,True
B,12,764,301,4,True
B,12,765,301,4,True
B,12,766,301,4,True
B,12,767,301,4,True
B,12,768,301,4,True
B,12,769,301,4,True
B,12,770,301,4,True
B,12,771,301,4,True
B,12,772,301,4,True
B,12,773,301,4,True
B,12,774,301,4,True
B,12,775,301,4,True
B,12,776,301,4,True
B,12,777,301,4,True
B,12,778,301,4,True
B,12,779,301,4,True
B,12,780,301,4,True
B,12,781,301,4,True
B,12,782,301,4,True
B,12,783,301,4,True
B,12,784,301,4,True
B,12,785,301,4,True
B,12,786,301,4,True
B,12,787,301,4,True
B,12,788,301,4,True
B,12,789,301,4,True
B,12,790,301,4,True
B,12,791,301,4,True
B,12,792,301,4,True
B,12,793,301,4,True
B,12,794,301,4,True
B,12,795,301,4,True
B,12,796,301,4,True
B,12,797,301,4,True
B,12,798,301,4,True
B,12,799,301,4,True
B,12,800,301,4,True
B,12,801,301,4,True
B,12,802,301,4,True
B,12,803,301,4,True
B,12,804,301,4,True
B,12,805,301,4,True
B,12,806,301,4,True
B,12,807,301,4,True
B,12,808,301,4,True
B,12,809,301,4,True
B,12,810,301,4,True
B,12,811,301,4,True
B,12,812,301,4,True
B,12,813,301,4,True
B,12,814,301,4,True
B,12,815,301,4,True
B,12,816,301,4,True
B,12,817,301,4,True
B,12,818,301,4,True
B,12,819,301,4,True
B,12,820,301,4,True
B,12,821,301,4,True
B,12,822,301,4,True
B,12,823,301,4,True
B,12,824,301,4,True
B,12,825,301,4,True
B,12,826,301,4,True
B,12,827,301,4,True
B,12,828,301,4,True
B,12,829,301,4,True
B,12,830,301,4,True
B,12,831,301,4,True
B,12,832,301,4,True
B,12,833,301,4,True
B,12,834,301,4,True
B,12,835,301,4,True
B,12,836,301,4,True
B,12,837,301,4,True
B,12,838,301,4,True
B,12,839,301,4,True
B,12,840,301,4,True
B,12,841,301,4,True
B,12,842,301,4,True
B,12,843,301,4,True
B,12,844,301,4,True
B,12,845,301,4,True
B,12,846,301,4,True
B,12,847,301,4,True
B,12,848,301,4,True
B,12,849,301,4,True
B,12,850,301,4,True
B,12,851,301,4,True
B,12,852,301,4,True
B,12,853,301,4,True
B,12,854,301,4,True
B,12,855,301,4,True
B,12,856,301,4,True
B,12,857,301,4,True
B,12,858,301,4,True
B,12,859,301,4,True
B,12,860,301,4,True
B,12,861,301,4,True
B,12,862,301,4,True
B,12,863,301,4,True
B,12,864,301,4,True
B,12,865,301,4,True
B,12,866,301,4,True
B,12,867,301,4,True
B,12,868,301,4,True
B,12,869,301,4,True
B,12,870,301,4,True
B,12,871,301,4,True
B,12,872,301,4,True
B,12,873,301,4,True
B,12,874,301,4,True
B,12,875,301,4,True
B,12,876,301,4,True
B,12,877,301,4,True
B,12,878,301,4,True
B,12,879,301,4,True
B,12,880,301,4,True
B,12,881,301,4,True
B,12,882,301,4,True
B,12,883,301,4,True
B,12,884,301,4,True
B,12,885,301,4,True
B,12,886,301,4,True
B,12,887,301,4,True
B,12,888,301,4,True
B,12,889,301,4,True
B,12,890,301,4,True
B,12,891,301,4,True
B,12,892,301,4,True
B,12,893,301,4,True
B,12,894,301,4,True
B,12,895,301,4,True
B,12,896,301,4,True
B,12,897,301,4,True
B,12,898,301,4,True
B,12,899,301,4,True
B,12,900,301,4,True
B,12,901,301,4,True
B,12,902,301,4,True
B,12,903,301,4,True
B,12,904,301,4,True
B,12,905,301,4,True
B,12,906,301,4,True
B,12,907,301,4,True
B,12,908,301,4,True
B,12,909,301,4,True
B,12,910,301,4,True
B,12,911,301,4,True
B,12,912,301,4,True
B,12,913,301,4,True
B,12,914,301,4,True
B,12,915,301,4,True
B,12,916,301,4,True
B,12,917,301,4,True
B,12,918,301,4,True
B,12,919,301,4,True
B,12,920,301,4,True
B,12,921,301,4,True
B,12,922,301,4,True
B,12,923,301,4,True
B,12,924,301,4,True
B,12,925,301,4,True
B,12,926,301,4,True
B,12,927,301,4,True
B,12,928,301,4,True
B,12,929,301,4,True
B,12,930,301,4,True
B,12,931,301,4,True
B,12,932,301,4,True
B,12,933,301,4,True
B,12,934,301,4,True
B,12,935,301,4,True
B,12,936,301,4,True
B,12,937,301,4,True
B,12,938,301,4,True
B,12,939,301,4,True
B,12,940,301,4,True
B,12,941,301,4,True
B,12,942,301,4,True
B,12,943,301,4,True
B,12,944,301,4,True
B,12,945,301,4,True
B,12,946,301,4,True
B,12,947,301,4,True
B,12,948,301,4,True
B,12,949,301,4,True
B,12,950,301,4,True
B,12,951,301,4,True
B,12,952,301,4,True
B,12,953,301,4,True
B,12,954,301,4,True
B,12,955,301,4,True
B,12,956,301,4,True
B,12,957,301,4,True
B,12,958,301,4,True
B,12,959,301,4,True
B,12,960,301,4,True
B,12,961,301,4,True
B,12,962,301,4,True
B,12,963,301,4,True
B,12,964,301,4,True
B,12,965,301,4,True
B,12,966,301,4,True
B,12,967,301,4,True
B,12,968,301,4,True
B,12,969,301,4,True
B,12,970,301,4,True
B,12,971,301,4,True
B,12,972,301,4,True
B,12,973,301,4,True
B,12,974,301,4,True
B,12,975,301,4,True
B,12,976,301,4,True
B,12,977,301,4,True
B,12,978,301,4,True
B,12,979,301,4,True
B,12,980,301,4,True
B,12,981,301,4,True
B,12,982,301,4,True
B,12,983,301,4,True
B,12,984,301,4,True
B,12,985,301,4,True
B,12,986,301,4,True
B,12,987,301,4,True
B,12,988,301,4,True
B,12,989,301,4,True
B,12,990,301,4,True
B,12,991,301,4,True
B,12,992,301,4,True
B,12,993,301,4,True
B,12,994,301,4,True
B,12,995,301,4,True
B,12,996,301,4,True
B,12,997,301,4,True
B,12,998,301,4,True
B,12,999,301,4,True
B,12,1000,301,4,True
C,10,0,365,4,True
C,10,1,337,4,True
C,10,2,337,4,True
C,10,3,328,4,True
C,10,4,321,4,True
C,10,5,321,4,True
C,10,6,321,4,True
C,10,7,321,4,True
C,10,8,321,4,True
C,10,9,321,4,True
C,10,10,321,4,True
C,10,11,321,4,True
C,10,12,321,4,True
C,10,13,321,4,True
C,10,14,317,4,True
C,10,15,317,4,True
C,10,16,317,4,True
C,10,17,313,4,True
C,10,18,311,4,True
C,10,19,311,4,True
C,10,20,311,4,True
C,10,21,311,4,True
C,10,22,311,4,True
C,10,23,307,4,True
C,10,24,307,4,True
C,10,25,307,4,True
C,10,26,307,4,True
C,10,27,307,4,True
C,10,28,307,4,True
C,10,29,307,4,True
C,10,30,307,4,True
C,10,31,307,4,True
C,10,32,307,4,True
C,10,33,307,4,True
C,10,34,305,4,True
C,10,35,305,4,True
C,10,36,303,4,True
C,10,37,303,4,True
C,10,38,303,4,True
C,10,39,300,4,True
C,10,40,300,4,True
C,10,41,300,4,True
C,10,42,299,4,True
C,10,43,298,4,True
C,10,44,298,4,True
C,10,45,298,4,True
C,10,46,296,4,True
C,10,47,296,4,True
C,10,48,296,4,True
C,10,49,296,4,True
C,10,50,296,4,True
C,10,51,296,4,True
C,10,52,296,4,True
C,10,53,296,4,True
C,10,54,296,4,True
C,10,55,296,4,True
C,10,56,296,4,True
C,10,57,296,4,True
C,10,58,296,4,True
C,10,59,296,4,True
C,10,60,296,4,True
C,10,61,296,4,True
C,10,62,296,4,True
C,10,63,296,4,True
C,10,64,296,4,True
C,10,65,296,4,True
C,10,66,296,4,True
C,10,67,296,4,True
C,10,68,296,4,True
C,10,69,296,4,True
C,10,70,296,4,True
C,10,71,296,4,True
C,10,72,296,4,True
C,10,73,296,4,True
C,10,74,296,4,True
C,10,75,296,4,True
C,10,76,296,4,True
C,10,77,296,4,True
C,10,78,296,4,True
C,10,79,296,4,True
C,10,80,296,4,True
C,10,81,296,4,True
C,10,82,296,4,True
C,10,83,296,4,True
C,10,84,296,4,True
C,10,85,296,4,True
C,10,86,296,4,True
C,10,87,296,4,True
C,10,88,296,4,True
C,10,89,296,4,True
C,10,90,296,4,True
C,10,91,296,4,True
C,10,92,296,4,True
C,10,93,296,4,True
C,10,94,296,4,True
C,10,95,296,4,True
C,10,96,296,4,True
C,10,97,296,4,True
C,10,98,296,4,True
C,10,99,296,4,True
C,10,100,296,4,True
C,10,101,296,4,True
C,10,102,296,4,True
C,10,103,296,4,True
C,10,104,296,4,True
C,10,105,296,4,True
C,10,106,296,4,True
C,10,107,296,4,True
C,10,108,296,4,True
C,10,109,296,4,True
C,10,110,296,4,True
C,10,111,296,4,True
C,10,112,296,4,True
C,10,113,296,4,True
C,10,114,296,4,True
C,10,115,296,4,True
C,10,116,296,4,True
C,10,117,296,4,True
C,10,118,296,4,True
C,10,119,296,4,True
C,10,120,296,4,True
C,10,121,296,4,True
C,10,122,296,4,True
C,10,123,296,4,True
C,10,124,296,4,True
C,10,125,296,4,True
C,10,126,296,4,True
C,10,127,296,4,True
C,10,128,296,4,True
C,10,129,296,4,True
C,10,130,296,4,True
C,10,131,296,4,True
C,10,132,296,4,True
C,10,133,296,4,True
C,10,134,296,4,True
C,10,135,296,4,True
C,10,136,296,4,True
C,10,137,295,4,True
C,10,138,295,4,True
C,10,139,295,4,True
C,10,140,295,4,True
C,10,141,295,4,True
C,10,142,295,4,True
C,10,143,295,4,True
C,10,144,295,4,True
C,10,145,295,4,True
C,10,146,295,4,True
C,10,147,295,4,True
C,10,148,295,4,True
C,10,149,295,4,True
C,10,150,295,4,True
C,10,151,295,4,True
C,10,152,295,4,True
C,10,153,295,4,True
C,10,154,295,4,True
C,10,155,295,4,True
C,10,156,295,4,True
C,10,157,295,4,True
C,10,158,295,4,True
C,10,159,295,4,True
C,10,160,295,4,True
C,10,161,295,4,True
C,10,162,295,4,True
C,10,163,295,4,True
C,10,164,295,4,True
C,10,165,295,4,True
C,10,166,295,4,True
C,10,167,295,4,True
C,10,168,295,4,True
C,10,169,295,4,True
C,10,170,295,4,True
C,10,171,295,4,True
C,10,172,295,4,True
C,10,173,295,4,True
C,10,174,295,4,True
C,10,175,295,4,True
C,10,176,295,4,True
C,10,177,295,4,True
C,10,178,293,4,True
C,10,179,293,4,True
C,10,180,292,4,True
C,10,181,292,4,True
C,10,182,292,4,True
C,10,183,291,4,True
C,10,184,291,4,True
C,10,185,291,4,True
C,10,186,291,4,True
C,10,187,291,4,True
C,10,188,291,4,True
C,10,189,291,4,True
C,10,190,291,4,True
C,10,191,291,4,True
C,10,192,291,4,True
C,10,193,291,4,True
C,10,194,291,4,True
C,10,195,291,4,True
C,10,196,291,4,True
C,10,197,291,4,True
C,10,198,291,4,True
C,10,199,291,4,True
C,10,200,291,4,True
C,10,201,291,4,True
C,10,202,291,4,True
C,10,203,291,4,True
C,10,204,291,4,True
C,10,205,291,4,True
C,10,206,291,4,True
C,10,207,291,4,True
C,10,208,291,4,True
C,10,209,291,4,True
C,10,210,291,4,True
C,10,211,291,4,True
C,10,212,291,4,True
C,10,213,291,4,True
C,10,214,291,4,True
C,10,215,291,4,True
C,10,216,291,4,True
C,10,217,291,4,True
C,10,218,291,4,True
C,10,219,291,4,True
C,10,220,291,4,True
C,10,221,291,4,True
C,10,222,291,4,True
C,10,223,291,4,True
C,10,224,291,4,True
C,10,225,291,4,True
C,10,226,291,4,True
C,10,227,291,4,True
C,10,228,291,4,True
C,10,229,291,4,True
C,10,230,291,4,True
C,10,231,291,4,True
C,10,232,291,4,True
C,10,233,291,4,True
C,10,234,291,4,True
C,10,235,291,4,True
C,10,236,291,4,True
C,10,237,290,4,True
C,10,238,290,4,True
C,10,239,290,4,True
C,10,240,290,4,True
C,10,241,290,4,True
C,10,242,289,4,True
C,10,243,289,4,True
C,10,244,289,4,True
C,10,245,289,4,True
C,10,246,289,4,True
C,10,247,289,4,True
C,10,248,289,4,True
C,10,249,289,4,True
C,10,250,289,4,True
C,10,251,289,4,True
C,10,252,289,4,True
C,10,253,289,4,True
C,10,254,289,4,True
C,10,255,289,4,True
C,10,256,289,4,True
C,10,257,289,4,True
C,10,258,289,4,True
C,10,259,289,4,True
C,10,260,289,4,True
C,10,261,289,4,True
C,10,262,289,4,True
C,10,263,289,4,True
C,10,264,289,4,True
C,10,265,289,4,True
C,10,266,289,4,True
C,10,267,289,4,True
C,10,268,289,4,True
C,10,269,289,4,True
C,10,270,289,4,True
C,10,271,289,4,True
C,10,272,289,4,True
C,10,273,289,4,True
C,10,274,289,4,True
C,10,275,289,4,True
C,10,276,289,4,True
C,10,277,289,4,True
C,10,278,289,4,True
C,10,279,289,4,True
C,10,280,289,4,True
C,10,281,289,4,True
C,10,282,289,4,True
C,10,283,289,4,True
C,10,284,289,4,True
C,10,285,289,4,True
C,10,286,289,4,True
C,10,287,289,4,True
C,10,288,289,4,True
C,10,289,289,4,True
C,10,290,289,4,True
C,10,291,289,4,True
C,10,292,289,4,True
C,10,293,289,4,True
C,10,294,289,4,True
C,10,295,289,4,True
C,10,296,289,4,True
C,10,297,289,4,True
C,10,298,289,4,True
C,10,299,289,4,True
C,10,300,289,4,True
C,10,301,289,4,True
C,10,302,289,4,True
C,10,303,289,4,True
C,10,304,289,4,True
C,10,305,289,4,True
C,10,306,289,4,True
C,10,307,289,4,True
C,10,308,289,4,True
C,10,309,289,4,True
C,10,310,289,4,True
C,10,311,289,4,True
C,10,312,289,4,True
C,10,313,289,4,True
C,10,314,289,4,True
C,10,315,289,4,True
C,10,316,289,4,True
C,10,317,289,4,True
C,10,318,289,4,True
C,10,319,289,4,True
C,10,320,289,4,True
C,10,321,289,4,True
C,10,322,289,4,True
C,10,323,289,4,True
C,10,324,289,4,True
C,10,325,289,4,True
C,10,326,289,4,True
C,10,327,289,4,True
C,10,328,289,4,True
C,10,329,289,4,True
C,10,330,289,4,True
C,10,331,289,4,True
C,10,332,289,4,True
C,10,333,289,4,True
C,10,334,289,4,True
C,10,335,289,4,True
C,10,336,289,4,True
C,10,337,289,4,True
C,10,338,289,4,True
C,10,339,289,4,True
C,10,340,289,4,True
C,10,341,289,4,True
C,10,342,289,4,True
C,10,343,289,4,True
C,10,344,289,4,True
C,10,345,289,4,True
C,10,346,289,4,True
C,10,347,289,4,True
C,10,348,289,4,True
C,10,349,289,4,True
C,10,350,289,4,True
C,10,351,289,4,True
C,10,352,289,4,True
C,10,353,289,4,True
C,10,354,289,4,True
C,10,355,289,4,True
C,10,356,289,4,True
C,10,357,289,4,True
C,10,358,289,4,True
C,10,359,289,4,True
C,10,360,289,4,True
C,10,361,289,4,True
C,10,362,289,4,True
C,10,363,289,4,True
C,10,364,289,4,True
C,10,365,289,4,True
C,10,366,289,4,True
C,10,367,289,4,True
C,10,368,289,4,True
C,10,369,289,4,True
C,10,370,289,4,True
C,10,371,289,4,True
C,10,372,289,4,True
C,10,373,289,4,True
C,10,374,289,4,True
C,10,375,289,4,True
C,10,376,289,4,True
C,10,377,289,4,True
C,10,378,289,4,True
C,10,379,289,4,True
C,10,380,289,4,True
C,10,381,289,4,True
C,10,382,289,4,True
C,10,383,289,4,True
C,10,384,289,4,True
C,10,385,289,4,True
C,10,386,289,4,True
C,10,387,289,4,True
C,10,388,289,4,True
C,10,389,289,4,True
C,10,390,289,4,True
C,10,391,289,4,True
C,10,392,289,4,True
C,10,393,289,4,True
C,10,394,289,4,True
C,10,395,289,4,True
C,10,396,289,4,True
C,10,397,289,4,True
C,10,398,289,4,True
C,10,399,289,4,True
C,10,400,289,4,True
C,10,401,289,4,True
C,10,402,289,4,True
C,10,403,289,4,True
C,10,404,289,4,True
C,10,405,289,4,True
C,10,406,289,4,True
C,10,407,289,4,True
C,10,408,289,4,True
C,10,409,289,4,True
C,10,410,289,4,True
C,10,411,289,4,True
C,10,412,289,4,True
C,10,413,289,4,True
C,10,414,289,4,True
C,10,415,289,4,True
C,10,416,289,4,True
C,10,417,289,4,True
C,10,418,289,4,True
C,10,419,289,4,True
C,10,420,289,4,True
C,10,421,289,4,True
C,10,422,289,4,True
C,10,423,289,4,True
C,10,424,289,4,True
C,10,425,289,4,True
C,10,426,289,4,True
C,10,427,289,4,True
C,10,428,289,4,True
C,10,429,289,4,True
C,10,430,289,4,True
C,10,431,289,4,True
C,10,432,289,4,True
C,10,433,289,4,True
C,10,434,289,4,True
C,10,435,289,4,True
C,10,436,289,4,True
C,10,437,289,4,True
C,10,438,289,4,True
C,10,439,289,4,True
C,10,440,289,4,True
C,10,441,289,4,True
C,10,442,289,4,True
C,10,443,289,4,True
C,10,444,289,4,True
C,10,445,289,4,True
C,10,446,289,4,True
C,10,447,289,4,True
C,10,448,289,4,True
C,10,449,289,4,True
C,10,450,289,4,True
C,10,451,289,4,True
C,10,452,289,4,True
C,10,453,289,4,True
C,10,454,289,4,True
C,10,455,289,4,True
C,10,456,289,4,True
C,10,457,289,4,True
C,10,458,289,4,True
C,10,459,289,4,True
C,10,460,289,4,True
C,10,461,289,4,True
C,10,462,289,4,True
C,10,463,289,4,True
C,10,464,289,4,True
C,10,465,289,4,True
C,10,466,289,4,True
C,10,467,289,4,True
C,10,468,289,4,True
C,10,469,289,4,True
C,10,470,289,4,True
C,10,471,289,4,True
C,10,472,289,4,True
C,10,473,289,4,True
C,10,474,289,4,True
C,10,475,289,4,True
C,10,476,289,4,True
C,10,477,289,4,True
C,10,478,289,4,True
C,10,479,289,4,True
C,10,480,289,4,True
C,10,481,289,4,True
C,10,482,289,4,True
C,10,483,289,4,True
C,10,484,289,4,True
C,10,485,289,4,True
C,10,486,289,4,True
C,10,487,289,4,True
C,10,488,289,4,True
C,10,489,289,4,True
C,10,490,289,4,True
C,10,491,289,4,True
C,10,492,289,4,True
C,10,493,289,4,True
C,10,494,289,4,True
C,10,495,289,4,True
C,10,496,289,4,True
C,10,497,289,4,True
C,10,498,289,4,True
C,10,499,289,4,True
C,10,500,289,4,True
C,10,501,289,4,True
C,10,502,289,4,True
C,10,503,289,4,True
C,10,504,289,4,True
C,10,505,289,4,True
C,10,506,289,4,True
C,10,507,289,4,True
C,10,508,289,4,True
C,10,509,289,4,True
C,10,510,289,4,True
C,10,511,289,4,True
C,10,512,289,4,True
C,10,513,289,4,True
C,10,514,289,4,True
C,10,515,289,4,True
C,10,516,289,4,True
C,10,517,289,4,True
C,10,518,289,4,True
C,10,519,289,4,True
C,10,520,289,4,True
C,10,521,289,4,True
C,10,522,289,4,True
C,10,523,289,4,True
C,10,524,289,4,True
C,10,525,289,4,True
C,10,526,289,4,True
C,10,527,289,4,True
C,10,528,289,4,True
C,10,529,289,4,True
C,10,530,289,4,True
C,10,531,289,4,True
C,10,532,289,4,True
C,10,533,289,4,True
C,10,534,289,4,True
C,10,535,289,4,True
C,10,536,289,4,True
C,10,537,289,4,True
C,10,538,289,4,True
C,10,539,289,4,True
C,10,540,289,4,True
C,10,541,289,4,True
C,10,542,289,4,True
C,10,543,289,4,True
C,10,544,289,4,True
C,10,545,289,4,True
C,10,546,289,4,True
C,10,547,289,4,True
C,10,548,289,4,True
C,10,549,289,4,True
C,10,550,289,4,True
C,10,551,289,4,True
C,10,552,289,4,True
C,10,553,289,4,True
C,10,554,289,4,True
C,10,555,289,4,True
C,10,556,289,4,True
C,10,557,289,4,True
C,10,558,289,4,True
C,10,559,289,4,True
C,10,560,289,4,True
C,10,561,289,4,True
C,10,562,289,4,True
C,10,563,289,4,True
C,10,564,289,4,True
C,10,565,289,4,True
C,10,566,289,4,True
C,10,567,289,4,True
C,10,568,289,4,True
C,10,569,289,4,True
C,10,570,289,4,True
C,10,571,289,4,True
C,10,572,289,4,True
C,10,573,289,4,True
C,10,574,289,4,True
C,10,575,289,4,True
C,10,576,289,4,True
C,10,577,289,4,True
C,10,578,289,4,True
C,10,579,289,4,True
C,10,580,289,4,True
C,10,581,289,4,True
C,10,582,289,4,True
C,10,583,289,4,True
C,10,584,289,4,True
C,10,585,289,4,True
C,10,586,289,4,True
C,10,587,289,4,True
C,10,588,289,4,True
C,10,589,289,4,True
C,10,590,289,4,True
C,10,591,289,4,True
C,10,592,289,4,True
C,10,593,289,4,True
C,10,594,289,4,True
C,10,595,289,4,True
C,10,596,289,4,True
C,10,597,289,4,True
C,10,598,289,4,True
C,10,599,289,4,True
C,10,600,289,4,True
C,10,601,289,4,True
C,10,602,289,4,True
C,10,603,289,4,True
C,10,604,289,4,True
C,10,605,289,4,True
C,10,606,289,4,True
C,10,607,289,4,True
C,10,608,289,4,True
C,10,609,289,4,True
C,10,610,289,4,True
C,10,611,289,4,True
C,10,612,289,4,True
C,10,613,289,4,True
C,10,614,289,4,True
C,10,615,289,4,True
C,10,616,289,4,True
C,10,617,289,4,True
C,10,618,289,4,True
C,10,619,289,4,True
C,10,620,289,4,True
C,10,621,289,4,True
C,10,622,289,4,True
C,10,623,289,4,True
C,10,624,289,4,True
C,10,625,289,4,True
C,10,626,289,4,True
C,10,627,289,4,True
C,10,628,289,4,True
C,10,629,289,4,True
C,10,630,289,4,True
C,10,631,289,4,True
C,10,632,289,4,True
C,10,633,289,4,True
C,10,634,289,4,True
C,10,635,289,4,True
C,10,636,289,4,True
C,10,637,287,4,True
C,10,638,287,4,True
C,10,639,287,4,True
C,10,640,287,4,True
C,10,641,287,4,True
C,10,642,287,4,True
C,10,643,287,4,True
C,10,644,287,4,True
C,10,645,287,4,True
C,10,646,287,4,True
C,10,647,287,4,True
C,10,648,286,4,True
C,10,649,286,4,True
C,10,650,286,4,True
C,10,651,286,4,True
C,10,652,286,4,True
C,10,653,286,4,True
C,10,654,286,4,True
C,10,655,286,4,True
C,10,656,286,4,True
C,10,657,286,4,True
C,10,658,286,4,True
C,10,659,286,4,True
C,10,660,286,4,True
C,10,661,286,4,True
C,10,662,286,4,True
C,10,663,286,4,True
C,10,664,286,4,True
C,10,665,286,4,True
C,10,666,286,4,True
C,10,667,286,4,True
C,10,668,286,4,True
C,10,669,286,4,True
C,10,670,286,4,True
C,10,671,286,4,True
C,10,672,286,4,True
C,10,673,286,4,True
C,10,674,286,4,True
C,10,675,286,4,True
C,10,676,286,4,True
C,10,677,286,4,True
C,10,678,286,4,True
C,10,679,286,4,True
C,10,680,286,4,True
C,10,681,286,4,True
C,10,682,286,4,True
C,10,683,286,4,True
C,10,684,286,4,True
C,10,685,286,4,True
C,10,686,286,4,True
C,10,687,286,4,True
C,10,688,286,4,True
C,10,689,286,4,True
C,10,690,286,4,True
C,10,691,286,4,True
C,10,692,286,4,True
C,10,693,286,4,True
C,10,694,286,4,True
C,10,695,286,4,True
C,10,696,286,4,True
C,10,697,286,4,True
C,10,698,286,4,True
C,10,699,286,4,True
C,10,700,286,4,True
C,10,701,286,4,True
C,10,702,286,4,True
C,10,703,286,4,True
C,10,704,286,4,True
C,10,705,286,4,True
C,10,706,286,4,True
C,10,707,286,4,True
C,10,708,286,4,True
C,10,709,286,4,True
C,10,710,286,4,True
C,10,711,286,4,True
C,10,712,286,4,True
C,10,713,286,4,True
C,10,714,286,4,True
C,10,715,286,4,True
C,10,716,286,4,True
C,10,717,286,4,True
C,10,718,286,4,True
C,10,719,286,4,True
C,10,720,286,4,True
C,10,721,286,4,True
C,10,722,286,4,True
C,10,723,286,4,True
C,10,724,286,4,True
C,10,725,286,4,True
C,10,726,286,4,True
C,10,727,286,4,True
C,10,728,286,4,True
C,10,729,286,4,True
C,10,730,286,4,True
C,10,731,286,4,True
C,10,732,286,4,True
C,10,733,286,4,True
C,10,734,286,4,True
C,10,735,286,4,True
C,10,736,286,4,True
C,10,737,286,4,True
C,10,738,286,4,True
C,10,739,286,4,True
C,10,740,286,4,True
C,10,741,286,4,True
C,10,742,286,4,True
C,10,743,286,4,True
C,10,744,286,4,True
C,10,745,286,4,True
C,10,746,286,4,True
C,10,747,286,4,True
C,10,748,286,4,True
C,10,749,286,4,True
C,10,750,286,4,True
C,10,751,286,4,True
C,10,752,286,4,True
C,10,753,286,4,True
C,10,754,286,4,True
C,10,755,286,4,True
C,10,756,286,4,True
C,10,757,286,4,True
C,10,758,286,4,True
C,10,759,286,4,True
C,10,760,286,4,True
C,10,761,286,4,True
C,10,762,286,4,True
C,10,763,286,4,True
C,10,764,286,4,True
C,10,765,286,4,True
C,10,766,286,4,True
C,10,767,286,4,True
C,10,768,286,4,True
C,10,769,286,4,True
C,10,770,286,4,True
C,10,771,286,4,True
C,10,772,286,4,True
C,10,773,286,4,True
C,10,774,286,4,True
C,10,775,286,4,True
C,10,776,286,4,True
C,10,777,286,4,True
C,10,778,286,4,True
C,10,779,286,4,True
C,10,780,286,4,True
C,10,781,286,4,True
C,10,782,286,4,True
C,10,783,286,4,True
C,10,784,286,4,True
C,10,785,286,4,True
C,10,786,286,4,True
C,10,787,286,4,True
C,10,788,286,4,True
C,10,789,286,4,True
C,10,790,286,4,True
C,10,791,286,4,True
C,10,792,286,4,True
C,10,793,286,4,True
C,10,794,286,4,True
C,10,795,286,4,True
C,10,796,286,4,True
C,10,797,286,4,True
C,10,798,286,4,True
C,10,799,286,4,True
C,10,800,286,4,True
C,10,801,286,4,True
C,10,802,286,4,True
C,10,803,286,4,True
C,10,804,286,4,True
C,10,805,286,4,True
C,10,806,286,4,True
C,10,807,286,4,True
C,10,808,286,4,True
C,10,809,286,4,True
C,10,810,286,4,True
C,10,811,286,4,True
C,10,812,286,4,True
C,10,813,286,4,True
C,10,814,286,4,True
C,10,815,286,4,True
C,10,816,286,4,True
C,10,817,286,4,True
C,10,818,286,4,True
C,10,819,286,4,True
C,10,820,286,4,True
C,10,821,286,4,True
C,10,822,286,4,True
C,10,823,286,4,True
C,10,824,286,4,True
C,10,825,286,4,True
C,10,826,286,4,True
C,10,827,286,4,True
C,10,828,286,4,True
C,10,829,286,4,True
C,10,830,286,4,True
C,10,831,286,4,True
C,10,832,286,4,True
C,10,833,286,4,True
C,10,834,286,4,True
C,10,835,286,4,True
C,10,836,286,4,True
C,10,837,286,4,True
C,10,838,286,4,True
C,10,839,286,4,True
C,10,840,286,4,True
C,10,841,286,4,True
C,10,842,286,4,True
C,10,843,286,4,True
C,10,844,286,4,True
C,10,845,286,4,True
C,10,846,286,4,True
C,10,847,286,4,True
C,10,848,286,4,True
C,10,849,286,4,True
C,10,850,286,4,True
C,10,851,286,4,True
C,10,852,286,4,True
C,10,853,286,4,True
C,10,854,286,4,True
C,10,855,286,4,True
C,10,856,286,4,True
C,10,857,286,4,True
C,10,858,286,4,True
C,10,859,286,4,True
C,10,860,286,4,True
C,10,861,286,4,True
C,10,862,286,4,True
C,10,863,286,4,True
C,10,864,286,4,True
C,10,865,286,4,True
C,10,866,286,4,True
C,10,867,286,4,True
C,10,868,286,4,True
C,10,869,286,4,True
C,10,870,286,4,True
C,10,871,286,4,True
C,10,872,286,4,True
C,10,873,286,4,True
C,10,874,286,4,True
C,10,875,286,4,True
C,10,876,286,4,True
C,10,877,286,4,True
C,10,878,286,4,True
C,10,879,286,4,True
C,10,880,286,4,True
C,10,881,286,4,True
C,10,882,286,4,True
C,10,883,286,4,True
C,10,884,286,4,True
C,10,885,286,4,True
C,10,886,286,4,True
C,10,887,286,4,True
C,10,888,286,4,True
C,10,889,286,4,True
C,10,890,286,4,True
C,10,891,286,4,True
C,10,892,286,4,True
C,10,893,286,4,True
C,10,894,286,4,True
C,10,895,286,4,True
C,10,896,286,4,True
C,10,897,286,4,True
C,10,898,286,4,True
C,10,899,286,4,True
C,10,900,286,4,True
C,10,901,286,4,True
C,10,902,286,4,True
C,10,903,286,4,True
C,10,904,286,4,True
C,10,905,286,4,True
C,10,906,286,4,True
C,10,907,286,4,True
C,10,908,286,4,True
C,10,909,286,4,True
C,10,910,286,4,True
C,10,911,286,4,True
C,10,912,286,4,True
C,10,913,286,4,True
C,10,914,286,4,True
C,10,915,286,4,True
C,10,916,286,4,True
C,10,917,286,4,True
C,10,918,286,4,True
C,10,919,286,4,True
C,10,920,286,4,True
C,10,921,286,4,True
C,10,922,286,4,True
C,10,923,286,4,True
C,10,924,286,4,True
C,10,925,286,4,True
C,10,926,286,4,True
C,10,927,286,4,True
C,10,928,286,4,True
C,10,929,286,4,True
C,10,930,286,4,True
C,10,931,286,4,True
C,10,932,286,4,True
C,10,933,286,4,True
C,10,934,286,4,True
C,10,935,286,4,True
C,10,936,286,4,True
C,10,937,286,4,True
C,10,938,286,4,True
C,10,939,286,4,True
C,10,940,286,4,True
C,10,941,286,4,True
C,10,942,286,4,True
C,10,943,286,4,True
C,10,944,286,4,True
C,10,945,286,4,True
C,10,946,286,4,True
C,10,947,286,4,True
C,10,948,286,4,True
C,10,949,286,4,True
C,10,950,286,4,True
C,10,951,286,4,True
C,10,952,286,4,True
C,10,953,286,4,True
C,10,954,286,4,True
C,10,955,286,4,True
C,10,956,286,4,True
C,10,957,286,4,True
C,10,958,286,4,True
C,10,959,286,4,True
C,10,960,286,4,True
C,10,961,286,4,True
C,10,962,286,4,True
C,10,963,286,4,True
C,10,964,286,4,True
C,10,965,286,4,True
C,10,966,286,4,True
C,10,967,286,4,True
C,10,968,286,4,True
C,10,969,286,4,True
C,10,970,286,4,True
C,10,971,286,4,True
C,10,972,286,4,True
C,10,973,286,4,True
C,10,974,286,4,True
C,10,975,286,4,True
C,10,976,286,4,True
C,10,977,286,4,True
C,10,978,286,4,True
C,10,979,286,4,True
C,10,980,286,4,True
C,10,981,286,4,True
C,10,982,286,4,True
C,10,983,286,4,True
C,10,984,286,4,True
C,10,985,286,4,True
C,10,986,286,4,True
C,10,987,286,4,True
C,10,988,286,4,True
C,10,989,286,4,True
C,10,990,286,4,True
C,10,991,286,4,True
C,10,992,286,4,True
C,10,993,286,4,True
C,10,994,286,4,True
C,10,995,286,4,True
C,10,996,286,4,True
C,10,997,286,4,True
C,10,998,286,4,True
C,10,999,286,4,True
C,10,1000,286,4,True
C,11,0,365,4,True
C,11,1,337,4,True
C,11,2,336,4,True
C,11,3,322,4,True
C,11,4,322,4,True
C,11,5,318,4,True
C,11,6,318,4,True
C,11,7,318,4,True
C,11,8,318,4,True
C,11,9,317,4,True
C,11,10,316,4,True
C,11,11,316,4,True
C,11,12,312,4,True
C,11,13,311,4,True
C,11,14,311,4,True
C,11,15,311,4,True
C,11,16,311,4,True
C,11,17,311,4,True
C,11,18,311,4,True
C,11,19,311,4,True
C,11,20,306,4,True
C,11,21,306,4,True
C,11,22,306,4,True
C,11,23,306,4,True
C,11,24,306,4,True
C,11,25,306,4,True
C,11,26,306,4,True
C,11,27,306,4,True
C,11,28,306,4,True
C,11,29,306,4,True
C,11,30,306,4,True
C,11,31,306,4,True
C,11,32,306,4,True
C,11,33,306,4,True
C,11,34,306,4,True
C,11,35,306,4,True
C,11,36,305,4,True
C,11,37,305,4,True
C,11,38,304,4,True
C,11,39,302,4,True
C,11,40,302,4,True
C,11,41,302,4,True
C,11,42,302,4,True
C,11,43,302,4,True
C,11,44,302,4,True
C,11,45,302,4,True
C,11,46,302,4,True
C,11,47,302,4,True
C,11,48,300,4,True
C,11,49,300,4,True
C,11,50,300,4,True
C,11,51,300,4,True
C,11,52,300,4,True
C,11,53,300,4,True
C,11,54,300,4,True
C,11,55,300,4,True
C,11,56,300,4,True
C,11,57,300,4,True
C,11,58,300,4,True
C,11,59,300,4,True
C,11,60,300,4,True
C,11,61,300,4,True
C,11,62,300,4,True
C,11,63,300,4,True
C,11,64,300,4,True
C,11,65,300,4,True
C,11,66,300,4,True
C,11,67,300,4,True
C,11,68,300,4,True
C,11,69,300,4,True
C,11,70,300,4,True
C,11,71,298,4,True
C,11,72,298,4,True
C,11,73,298,4,True
C,11,74,298,4,True
C,11,75,296,4,True
C,11,76,296,4,True
C,11,77,296,4,True
C,11,78,296,4,True
C,11,79,296,4,True
C,11,80,296,4,True
C,11,81,296,4,True
C,11,82,296,4,True
C,11,83,296,4,True
C,11,84,296,4,True
C,11,85,296,4,True
C,11,86,296,4,True
C,11,87,296,4,True
C,11,88,296,4,True
C,11,89,295,4,True
C,11,90,294,4,True
C,11,91,294,4,True
C,11,92,294,4,True
C,11,93,294,4,True
C,11,94,294,4,True
C,11,95,294,4,True
C,11,96,294,4,True
C,11,97,294,4,True
C,11,98,294,4,True
C,11,99,294,4,True
C,11,100,294,4,True
C,11,101,294,4,True
C,11,102,294,4,True
C,11,103,294,4,True
C,11,104,294,4,True
C,11,105,294,4,True
C,11,106,294,4,True
C,11,107,294,4,True
C,11,108,294,4,True
C,11,109,294,4,True
C,11,110,294,4,True
C,11,111,294,4,True
C,11,112,294,4,True
C,11,113,294,4,True
C,11,114,294,4,True
C,11,115,294,4,True
C,11,116,294,4,True
C,11,117,294,4,True
C,11,118,294,4,True
C,11,119,294,4,True
C,11,120,294,4,True
C,11,121,294,4,True
C,11,122,294,4,True
C,11,123,294,4,True
C,11,124,294,4,True
C,11,125,294,4,True
C,11,126,294,4,True
C,11,127,294,4,True
C,11,128,294,4,True
C,11,129,294,4,True
C,11,130,294,4,True
C,11,131,294,4,True
C,11,132,294,4,True
C,11,133,294,4,True
C,11,134,294,4,True
C,11,135,294,4,True
C,11,136,294,4,True
C,11,137,294,4,True
C,11,138,294,4,True
C,11,139,294,4,True
C,11,140,294,4,True
C,11,141,294,4,True
C,11,142,294,4,True
C,11,143,294,4,True
C,11,144,294,4,True
C,11,145,294,4,True
C,11,146,294,4,True
C,11,147,294,4,True
C,11,148,294,4,True
C,11,149,294,4,True
C,11,150,294,4,True
C,11,151,294,4,True
C,11,152,294,4,True
C,11,153,294,4,True
C,11,154,294,4,True
C,11,155,294,4,True
C,11,156,294,4,True
C,11,157,294,4,True
C,11,158,294,4,True
C,11,159,294,4,True
C,11,160,294,4,True
C,11,161,294,4,True
C,11,162,294,4,True
C,11,163,294,4,True
C,11,164,294,4,True
C,11,165,294,4,True
C,11,166,294,4,True
C,11,167,294,4,True
C,11,168,294,4,True
C,11,169,294,4,True
C,11,170,294,4,True
C,11,171,294,4,True
C,11,172,294,4,True
C,11,173,294,4,True
C,11,174,294,4,True
C,11,175,294,4,True
C,11,176,294,4,True
C,11,177,294,4,True
C,11,178,294,4,True
C,11,179,294,4,True
C,11,180,294,4,True
C,11,181,294,4,True
C,11,182,294,4,True
C,11,183,294,4,True
C,11,184,294,4,True
C,11,185,294,4,True
C,11,186,294,4,True
C,11,187,294,4,True
C,11,188,294,4,True
C,11,189,294,4,True
C,11,190,294,4,True
C,11,191,294,4,True
C,11,192,294,4,True
C,11,193,294,4,True
C,11,194,294,4,True
C,11,195,294,4,True
C,11,196,294,4,True
C,11,197,294,4,True
C,11,198,294,4,True
C,11,199,294,4,True
C,11,200,294,4,True
C,11,201,294,4,True
C,11,202,294,4,True
C,11,203,294,4,True
C,11,204,294,4,True
C,11,205,294,4,True
C,11,206,294,4,True
C,11,207,294,4,True
C,11,208,294,4,True
C,11,209,294,4,True
C,11,210,294,4,True
C,11,211,294,4,True
C,11,212,294,4,True
C,11,213,294,4,True
C,11,214,294,4,True
C,11,215,294,4,True
C,11,216,294,4,True
C,11,217,294,4,True
C,11,218,294,4,True
C,11,219,294,4,True
C,11,220,294,4,True
C,11,221,294,4,True
C,11,222,294,4,True
C,11,223,294,4,True
C,11,224,294,4,True
C,11,225,294,4,True
C,11,226,294,4,True
C,11,227,294,4,True
C,11,228,294,4,True
C,11,229,294,4,True
C,11,230,294,4,True
C,11,231,294,4,True
C,11,232,294,4,True
C,11,233,294,4,True
C,11,234,294,4,True
C,11,235,294,4,True
C,11,236,294,4,True
C,11,237,294,4,True
C,11,238,294,4,True
C,11,239,294,4,True
C,11,240,294,4,True
C,11,241,294,4,True
C,11,242,294,4,True
C,11,243,294,4,True
C,11,244,294,4,True
C,11,245,294,4,True
C,11,246,294,4,True
C,11,247,294,4,True
C,11,248,294,4,True
C,11,249,294,4,True
C,11,250,294,4,True
C,11,251,294,4,True
C,11,252,294,4,True
C,11,253,294,4,True
C,11,254,294,4,True
C,11,255,294,4,True
C,11,256,294,4,True
C,11,257,294,4,True
C,11,258,294,4,True
C,11,259,294,4,True
C,11,260,294,4,True
C,11,261,294,4,True
C,11,262,294,4,True
C,11,263,294,4,True
C,11,264,294,4,True
C,11,265,294,4,True
C,11,266,294,4,True
C,11,267,294,4,True
C,11,268,294,4,True
C,11,269,294,4,True
C,11,270,294,4,True
C,11,271,294,4,True
C,11,272,294,4,True
C,11,273,294,4,True
C,11,274,294,4,True
C,11,275,294,4,True
C,11,276,294,4,True
C,11,277,294,4,True
C,11,278,294,4,True
C,11,279,294,4,True
C,11,280,294,4,True
C,11,281,294,4,True
C,11,282,294,4,True
C,11,283,294,4,True
C,11,284,294,4,True
C,11,285,294,4,True
C,11,286,294,4,True
C,11,287,294,4,True
C,11,288,294,4,True
C,11,289,294,4,True
C,11,290,294,4,True
C,11,291,294,4,True
C,11,292,294,4,True
C,11,293,294,4,True
C,11,294,294,4,True
C,11,295,294,4,True
C,11,296,294,4,True
C,11,297,294,4,True
C,11,298,294,4,True
C,11,299,294,4,True
C,11,300,294,4,True
C,11,301,294,4,True
C,11,302,294,4,True
C,11,303,294,4,True
C,11,304,294,4,True
C,11,305,294,4,True
C,11,306,294,4,True
C,11,307,294,4,True
C,11,308,294,4,True
C,11,309,294,4,True
C,11,310,294,4,True
C,11,311,294,4,True
C,11,312,294,4,True
C,11,313,294,4,True
C,11,314,294,4,True
C,11,315,294,4,True
C,11,316,294,4,True
C,11,317,294,4,True
C,11,318,294,4,True
C,11,319,294,4,True
C,11,320,294,4,True
C,11,321,294,4,True
C,11,322,294,4,True
C,11,323,294,4,True
C,11,324,294,4,True
C,11,325,294,4,True
C,11,326,294,4,True
C,11,327,294,4,True
C,11,328,294,4,True
C,11,329,294,4,True
C,11,330,294,4,True
C,11,331,294,4,True
C,11,332,294,4,True
C,11,333,294,4,True
C,11,334,294,4,True
C,11,335,294,4,True
C,11,336,292,4,True
C,11,337,292,4,True
C,11,338,292,4,True
C,11,339,292,4,True
C,11,340,292,4,True
C,11,341,292,4,True
C,11,342,292,4,True
C,11,343,292,4,True
C,11,344,292,4,True
C,11,345,292,4,True
C,11,346,292,4,True
C,11,347,292,4,True
C,11,348,292,4,True
C,11,349,292,4,True
C,11,350,292,4,True
C,11,351,292,4,True
C,11,352,292,4,True
C,11,353,292,4,True
C,11,354,292,4,True
C,11,355,292,4,True
C,11,356,292,4,True
C,11,357,292,4,True
C,11,358,292,4,True
C,11,359,292,4,True
C,11,360,292,4,True
C,11,361,292,4,True
C,11,362,292,4,True
C,11,363,292,4,True
C,11,364,292,4,True
C,11,365,292,4,True
C,11,366,292,4,True
C,11,367,292,4,True
C,11,368,292,4,True
C,11,369,292,4,True
C,11,370,292,4,True
C,11,371,292,4,True
C,11,372,292,4,True
C,11,373,292,4,True
C,11,374,292,4,True
C,11,375,292,4,True
C,11,376,292,4,True
C,11,377,292,4,True
C,11,378,292,4,True
C,11,379,292,4,True
C,11,380,292,4,True
C,11,381,292,4,True
C,11,382,292,4,True
C,11,383,292,4,True
C,11,384,292,4,True
C,11,385,292,4,True
C,11,386,292,4,True
C,11,387,292,4,True
C,11,388,292,4,True
C,11,389,292,4,True
C,11,390,292,4,True
C,11,391,292,4,True
C,11,392,292,4,True
C,11,393,292,4,True
C,11,394,292,4,True
C,11,395,292,4,True
C,11,396,292,4,True
C,11,397,292,4,True
C,11,398,292,4,True
C,11,399,292,4,True
C,11,400,292,4,True
C,11,401,292,4,True
C,11,402,292,4,True
C,11,403,292,4,True
C,11,404,292,4,True
C,11,405,292,4,True
C,11,406,292,4,True
C,11,407,292,4,True
C,11,408,292,4,True
C,11,409,292,4,True
C,11,410,292,4,True
C,11,411,292,4,True
C,11,412,292,4,True
C,11,413,292,4,True
C,11,414,292,4,True
C,11,415,292,4,True
C,11,416,292,4,True
C,11,417,292,4,True
C,11,418,292,4,True
C,11,419,292,4,True
C,11,420,292,4,True
C,11,421,292,4,True
C,11,422,292,4,True
C,11,423,292,4,True
C,11,424,292,4,True
C,11,425,292,4,True
C,11,426,292,4,True
C,11,427,292,4,True
C,11,428,292,4,True
C,11,429,292,4,True
C,11,430,292,4,True
C,11,431,292,4,True
C,11,432,292,4,True
C,11,433,292,4,True
C,11,434,292,4,True
C,11,435,292,4,True
C,11,436,292,4,True
C,11,437,292,4,True
C,11,438,292,4,True
C,11,439,292,4,True
C,11,440,292,4,True
C,11,441,292,4,True
C,11,442,292,4,True
C,11,443,292,4,True
C,11,444,292,4,True
C,11,445,292,4,True
C,11,446,292,4,True
C,11,447,292,4,True
C,11,448,292,4,True
C,11,449,292,4,True
C,11,450,292,4,True
C,11,451,292,4,True
C,11,452,292,4,True
C,11,453,292,4,True
C,11,454,292,4,True
C,11,455,292,4,True
C,11,456,292,4,True
C,11,457,292,4,True
C,11,458,292,4,True
C,11,459,292,4,True
C,11,460,292,4,True
C,11,461,292,4,True
C,11,462,292,4,True
C,11,463,292,4,True
C,11,464,292,4,True
C,11,465,292,4,True
C,11,466,292,4,True
C,11,467,292,4,True
C,11,468,292,4,True
C,11,469,292,4,True
C,11,470,292,4,True
C,11,471,292,4,True
C,11,472,292,4,True
C,11,473,292,4,True
C,11,474,292,4,True
C,11,475,292,4,True
C,11,476,292,4,True
C,11,477,292,4,True
C,11,478,292,4,True
C,11,479,292,4,True
C,11,480,292,4,True
C,11,481,292,4,True
C,11,482,292,4,True
C,11,483,292,4,True
C,11,484,292,4,True
C,11,485,292,4,True
C,11,486,292,4,True
C,11,487,292,4,True
C,11,488,292,4,True
C,11,489,292,4,True
C,11,490,292,4,True
C,11,491,292,4,True
C,11,492,292,4,True
C,11,493,292,4,True
C,11,494,292,4,True
C,11,495,292,4,True
C,11,496,292,4,True
C,11,497,292,4,True
C,11,498,292,4,True
C,11,499,292,4,True
C,11,500,292,4,True
C,11,501,292,4,True
C,11,502,292,4,True
C,11,503,292,4,True
C,11,504,292,4,True
C,11,505,292,4,True
C,11,506,292,4,True
C,11,507,292,4,True
C,11,508,292,4,True
C,11,509,292,4,True
C,11,510,292,4,True
C,11,511,292,4,True
C,11,512,292,4,True
C,11,513,292,4,True
C,11,514,292,4,True
C,11,515,292,4,True
C,11,516,292,4,True
C,11,517,292,4,True
C,11,518,292,4,True
C,11,519,292,4,True
C,11,520,292,4,True
C,11,521,292,4,True
C,11,522,292,4,True
C,11,523,292,4,True
C,11,524,292,4,True
C,11,525,292,4,True
C,11,526,292,4,True
C,11,527,292,4,True
C,11,528,292,4,True
C,11,529,292,4,True
C,11,530,292,4,True
C,11,531,292,4,True
C,11,532,292,4,True
C,11,533,292,4,True
C,11,534,292,4,True
C,11,535,292,4,True
C,11,536,292,4,True
C,11,537,292,4,True
C,11,538,292,4,True
C,11,539,292,4,True
C,11,540,292,4,True
C,11,541,292,4,True
C,11,542,292,4,True
C,11,543,292,4,True
C,11,544,292,4,True
C,11,545,292,4,True
C,11,546,292,4,True
C,11,547,292,4,True
C,11,548,292,4,True
C,11,549,292,4,True
C,11,550,292,4,True
C,11,551,292,4,True
C,11,552,292,4,True
C,11,553,292,4,True
C,11,554,292,4,True
C,11,555,292,4,True
C,11,556,292,4,True
C,11,557,292,4,True
C,11,558,292,4,True
C,11,559,292,4,True
C,11,560,292,4,True
C,11,561,292,4,True
C,11,562,292,4,True
C,11,563,292,4,True
C,11,564,292,4,True
C,11,565,292,4,True
C,11,566,292,4,True
C,11,567,292,4,True
C,11,568,292,4,True
C,11,569,292,4,True
C,11,570,292,4,True
C,11,571,292,4,True
C,11,572,292,4,True
C,11,573,292,4,True
C,11,574,292,4,True
C,11,575,292,4,True
C,11,576,292,4,True
C,11,577,292,4,True
C,11,578,292,4,True
C,11,579,292,4,True
C,11,580,292,4,True
C,11,581,292,4,True
C,11,582,292,4,True
C,11,583,292,4,True
C,11,584,292,4,True
C,11,585,292,4,True
C,11,586,292,4,True
C,11,587,292,4,True
C,11,588,292,4,True
C,11,589,292,4,True
C,11,590,292,4,True
C,11,591,292,4,True
C,11,592,292,4,True
C,11,593,292,4,True
C,11,594,292,4,True
C,11,595,292,4,True
C,11,596,292,4,True
C,11,597,292,4,True
C,11,598,292,4,True
C,11,599,292,4,True
C,11,600,292,4,True
C,11,601,292,4,True
C,11,602,292,4,True
C,11,603,292,4,True
C,11,604,292,4,True
C,11,605,292,4,True
C,11,606,292,4,True
C,11,607,292,4,True
C,11,608,292,4,True
C,11,609,292,4,True
C,11,610,292,4,True
C,11,611,292,4,True
C,11,612,292,4,True
C,11,613,292,4,True
C,11,614,292,4,True
C,11,615,292,4,True
C,11,616,292,4,True
C,11,617,292,4,True
C,11,618,292,4,True
C,11,619,292,4,True
C,11,620,292,4,True
C,11,621,292,4,True
C,11,622,292,4,True
C,11,623,292,4,True
C,11,624,292,4,True
C,11,625,292,4,True
C,11,626,292,4,True
C,11,627,292,4,True
C,11,628,292,4,True
C,11,629,292,4,True
C,11,630,292,4,True
C,11,631,292,4,True
C,11,632,292,4,True
C,11,633,292,4,True
C,11,634,292,4,True
C,11,635,292,4,True
C,11,636,292,4,True
C,11,637,292,4,True
C,11,638,292,4,True
C,11,639,292,4,True
C,11,640,292,4,True
C,11,641,292,4,True
C,11,642,292,4,True
C,11,643,292,4,True
C,11,644,292,4,True
C,11,645,292,4,True
C,11,646,292,4,True
C,11,647,292,4,True
C,11,648,292,4,True
C,11,649,292,4,True
C,11,650,292,4,True
C,11,651,292,4,True
C,11,652,292,4,True
C,11,653,292,4,True
C,11,654,292,4,True
C,11,655,292,4,True
C,11,656,292,4,True
C,11,657,292,4,True
C,11,658,292,4,True
C,11,659,292,4,True
C,11,660,292,4,True
C,11,661,292,4,True
C,11,662,292,4,True
C,11,663,292,4,True
C,11,664,292,4,True
C,11,665,292,4,True
C,11,666,292,4,True
C,11,667,292,4,True
C,11,668,292,4,True
C,11,669,292,4,True
C,11,670,292,4,True
C,11,671,292,4,True
C,11,672,292,4,True
C,11,673,292,4,True
C,11,674,292,4,True
C,11,675,292,4,True
C,11,676,292,4,True
C,11,677,292,4,True
C,11,678,292,4,True
C,11,679,292,4,True
C,11,680,292,4,True
C,11,681,292,4,True
C,11,682,292,4,True
C,11,683,292,4,True
C,11,684,292,4,True
C,11,685,292,4,True
C,11,686,292,4,True
C,11,687,292,4,True
C,11,688,292,4,True
C,11,689,292,4,True
C,11,690,292,4,True
C,11,691,292,4,True
C,11,692,292,4,True
C,11,693,292,4,True
C,11,694,292,4,True
C,11,695,292,4,True
C,11,696,292,4,True
C,11,697,292,4,True
C,11,698,292,4,True
C,11,699,292,4,True
C,11,700,292,4,True
C,11,701,292,4,True
C,11,702,292,4,True
C,11,703,292,4,True
C,11,704,292,4,True
C,11,705,292,4,True
C,11,706,292,4,True
C,11,707,292,4,True
C,11,708,292,4,True
C,11,709,292,4,True
C,11,710,292,4,True
C,11,711,292,4,True
C,11,712,292,4,True
C,11,713,292,4,True
C,11,714,292,4,True
C,11,715,292,4,True
C,11,716,292,4,True
C,11,717,292,4,True
C,11,718,292,4,True
C,11,719,292,4,True
C,11,720,292,4,True
C,11,721,292,4,True
C,11,722,292,4,True
C,11,723,292,4,True
C,11,724,292,4,True
C,11,725,292,4,True
C,11,726,292,4,True
C,11,727,292,4,True
C,11,728,292,4,True
C,11,729,292,4,True
C,11,730,292,4,True
C,11,731,292,4,True
C,11,732,292,4,True
C,11,733,292,4,True
C,11,734,292,4,True
C,11,735,292,4,True
C,11,736,292,4,True
C,11,737,292,4,True
C,11,738,292,4,True
C,11,739,292,4,True
C,11,740,292,4,True
C,11,741,292,4,True
C,11,742,292,4,True
C,11,743,292,4,True
C,11,744,292,4,True
C,11,745,292,4,True
C,11,746,292,4,True
C,11,747,292,4,True
C,11,748,292,4,True
C,11,749,292,4,True
C,11,750,292,4,True
C,11,751,292,4,True
C,11,752,292,4,True
C,11,753,292,4,True
C,11,754,292,4,True
C,11,755,292,4,True
C,11,756,292,4,True
C,11,757,292,4,True
C,11,758,292,4,True
C,11,759,292,4,True
C,11,760,292,4,True
C,11,761,292,4,True
C,11,762,292,4,True
C,11,763,292,4,True
C,11,764,292,4,True
C,11,765,292,4,True
C,11,766,292,4,True
C,11,767,292,4,True
C,11,768,292,4,True
C,11,769,292,4,True
C,11,770,292,4,True
C,11,771,292,4,True
C,11,772,292,4,True
C,11,773,292,4,True
C,11,774,292,4,True
C,11,775,292,4,True
C,11,776,292,4,True
C,11,777,292,4,True
C,11,778,292,4,True
C,11,779,292,4,True
C,11,780,292,4,True
C,11,781,292,4,True
C,11,782,292,4,True
C,11,783,292,4,True
C,11,784,292,4,True
C,11,785,292,4,True
C,11,786,292,4,True
C,11,787,292,4,True
C,11,788,292,4,True
C,11,789,292,4,True
C,11,790,292,4,True
C,11,791,292,4,True
C,11,792,292,4,True
C,11,793,292,4,True
C,11,794,292,4,True
C,11,795,292,4,True
C,11,796,292,4,True
C,11,797,292,4,True
C,11,798,292,4,True
C,11,799,292,4,True
C,11,800,292,4,True
C,11,801,292,4,True
C,11,802,292,4,True
C,11,803,292,4,True
C,11,804,292,4,True
C,11,805,292,4,True
C,11,806,292,4,True
C,11,807,292,4,True
C,11,808,292,4,True
C,11,809,292,4,True
C,11,810,292,4,True
C,11,811,292,4,True
C,11,812,292,4,True
C,11,813,292,4,True
C,11,814,292,4,True
C,11,815,292,4,True
C,11,816,292,4,True
C,11,817,292,4,True
C,11,818,292,4,True
C,11,819,292,4,True
C,11,820,292,4,True
C,11,821,292,4,True
C,11,822,292,4,True
C,11,823,292,4,True
C,11,824,292,4,True
C,11,825,292,4,True
C,11,826,292,4,True
C,11,827,292,4,True
C,11,828,292,4,True
C,11,829,292,4,True
C,11,830,292,4,True
C,11,831,292,4,True
C,11,832,292,4,True
C,11,833,292,4,True
C,11,834,292,4,True
C,11,835,292,4,True
C,11,836,292,4,True
C,11,837,292,4,True
C,11,838,292,4,True
C,11,839,292,4,True
C,11,840,292,4,True
C,11,841,292,4,True
C,11,842,292,4,True
C,11,843,292,4,True
C,11,844,292,4,True
C,11,845,289,4,True
C,11,846,289,4,True
C,11,847,289,4,True
C,11,848,289,4,True
C,11,849,289,4,True
C,11,850,289,4,True
C,11,851,289,4,True
C,11,852,289,4,True
C,11,853,289,4,True
C,11,854,289,4,True
C,11,855,289,4,True
C,11,856,289,4,True
C,11,857,289,4,True
C,11,858,289,4,True
C,11,859,289,4,True
C,11,860,289,4,True
C,11,861,289,4,True
C,11,862,289,4,True
C,11,863,289,4,True
C,11,864,289,4,True
C,11,865,289,4,True
C,11,866,289,4,True
C,11,867,289,4,True
C,11,868,289,4,True
C,11,869,289,4,True
C,11,870,289,4,True
C,11,871,289,4,True
C,11,872,289,4,True
C,11,873,289,4,True
C,11,874,289,4,True
C,11,875,289,4,True
C,11,876,289,4,True
C,11,877,289,4,True
C,11,878,289,4,True
C,11,879,289,4,True
C,11,880,289,4,True
C,11,881,289,4,True
C,11,882,289,4,True
C,11,883,289,4,True
C,11,884,289,4,True
C,11,885,289,4,True
C,11,886,289,4,True
C,11,887,289,4,True
C,11,888,289,4,True
C,11,889,289,4,True
C,11,890,289,4,True
C,11,891,289,4,True
C,11,892,289,4,True
C,11,893,289,4,True
C,11,894,289,4,True
C,11,895,289,4,True
C,11,896,289,4,True
C,11,897,289,4,True
C,11,898,289,4,True
C,11,899,289,4,True
C,11,900,289,4,True
C,11,901,289,4,True
C,11,902,289,4,True
C,11,903,289,4,True
C,11,904,289,4,True
C,11,905,289,4,True
C,11,906,289,4,True
C,11,907,289,4,True
C,11,908,289,4,True
C,11,909,289,4,True
C,11,910,289,4,True
C,11,911,289,4,True
C,11,912,289,4,True
C,11,913,289,4,True
C,11,914,289,4,True
C,11,915,289,4,True
C,11,916,289,4,True
C,11,917,289,4,True
C,11,918,289,4,True
C,11,919,289,4,True
C,11,920,289,4,True
C,11,921,289,4,True
C,11,922,289,4,True
C,11,923,289,4,True
C,11,924,289,4,True
C,11,925,289,4,True
C,11,926,289,4,True
C,11,927,289,4,True
C,11,928,289,4,True
C,11,929,289,4,True
C,11,930,289,4,True
C,11,931,289,4,True
C,11,932,289,4,True
C,11,933,289,4,True
C,11,934,289,4,True
C,11,935,289,4,True
C,11,936,289,4,True
C,11,937,289,4,True
C,11,938,289,4,True
C,11,939,289,4,True
C,11,940,289,4,True
C,11,941,289,4,True
C,11,942,289,4,True
C,11,943,289,4,True
C,11,944,289,4,True
C,11,945,289,4,True
C,11,946,289,4,True
C,11,947,289,4,True
C,11,948,289,4,True
C,11,949,289,4,True
C,11,950,289,4,True
C,11,951,289,4,True
C,11,952,289,4,True
C,11,953,289,4,True
C,11,954,289,4,True
C,11,955,289,4,True
C,11,956,289,4,True
C,11,957,289,4,True
C,11,958,289,4,True
C,11,959,289,4,True
C,11,960,289,4,True
C,11,961,289,4,True
C,11,962,289,4,True
C,11,963,289,4,True
C,11,964,289,4,True
C,11,965,289,4,True
C,11,966,289,4,True
C,11,967,289,4,True
C,11,968,289,4,True
C,11,969,289,4,True
C,11,970,289,4,True
C,11,971,289,4,True
C,11,972,289,4,True
C,11,973,289,4,True
C,11,974,289,4,True
C,11,975,289,4,True
C,11,976,289,4,True
C,11,977,289,4,True
C,11,978,289,4,True
C,11,979,289,4,True
C,11,980,289,4,True
C,11,981,289,4,True
C,11,982,289,4,True
C,11,983,289,4,True
C,11,984,289,4,True
C,11,985,289,4,True
C,11,986,289,4,True
C,11,987,289,4,True
C,11,988,289,4,True
C,11,989,289,4,True
C,11,990,289,4,True
C,11,991,289,4,True
C,11,992,289,4,True
C,11,993,289,4,True
C,11,994,289,4,True
C,11,995,289,4,True
C,11,996,289,4,True
C,11,997,289,4,True
C,11,998,289,4,True
C,11,999,289,4,True
C,11,1000,289,4,True
C,12,0,365,4,True
C,12,1,364,4,True
C,12,2,364,4,True
C,12,3,364,4,True
C,12,4,336,4,True
C,12,5,331,4,True
C,12,6,330,4,True
C,12,7,330,4,True
C,12,8,329,4,True
C,12,9,323,4,True
C,12,10,323,4,True
C,12,11,323,4,True
C,12,12,323,4,True
C,12,13,321,4,True
C,12,14,321,4,True
C,12,15,318,4,True
C,12,16,317,4,True
C,12,17,317,4,True
C,12,18,316,4,True
C,12,19,315,4,True
C,12,20,315,4,True
C,12,21,311,4,True
C,12,22,308,4,True
C,12,23,307,4,True
C,12,24,307,4,True
C,12,25,307,4,True
C,12,26,307,4,True
C,12,27,307,4,True
C,12,28,307,4,True
C,12,29,307,4,True
C,12,30,307,4,True
C,12,31,306,4,True
C,12,32,303,4,True
C,12,33,303,4,True
C,12,34,303,4,True
C,12,35,293,4,True
C,12,36,293,4,True
C,12,37,293,4,True
C,12,38,293,4,True
C,12,39,293,4,True
C,12,40,293,4,True
C,12,41,293,4,True
C,12,42,293,4,True
C,12,43,292,4,True
C,12,44,291,4,True
C,12,45,288,4,True
C,12,46,288,4,True
C,12,47,288,4,True
C,12,48,286,4,True
C,12,49,286,4,True
C,12,50,286,4,True
C,12,51,286,4,True
C,12,52,286,4,True
C,12,53,286,4,True
C,12,54,286,4,True
C,12,55,286,4,True
C,12,56,286,4,True
C,12,57,286,4,True
C,12,58,286,4,True
C,12,59,286,4,True
C,12,60,286,4,True
C,12,61,286,4,True
C,12,62,286,4,True
C,12,63,286,4,True
C,12,64,286,4,True
C,12,65,286,4,True
C,12,66,286,4,True
C,12,67,286,4,True
C,12,68,286,4,True
C,12,69,286,4,True
C,12,70,286,4,True
C,12,71,286,4,True
C,12,72,286,4,True
C,12,73,286,4,True
C,12,74,286,4,True
C,12,75,286,4,True
C,12,76,286,4,True
C,12,77,286,4,True
C,12,78,286,4,True
C,12,79,286,4,True
C,12,80,286,4,True
C,12,81,286,4,True
C,12,82,286,4,True
C,12,83,286,4,True
C,12,84,286,4,True
C,12,85,286,4,True
C,12,86,286,4,True
C,12,87,286,4,True
C,12,88,286,4,True
C,12,89,286,4,True
C,12,90,286,4,True
C,12,91,286,4,True
C,12,92,286,4,True
C,12,93,286,4,True
C,12,94,286,4,True
C,12,95,286,4,True
C,12,96,286,4,True
C,12,97,286,4,True
C,12,98,286,4,True
C,12,99,286,4,True
C,12,100,286,4,True
C,12,101,286,4,True
C,12,102,286,4,True
C,12,103,286,4,True
C,12,104,286,4,True
C,12,105,286,4,True
C,12,106,286,4,True
C,12,107,286,4,True
C,12,108,286,4,True
C,12,109,286,4,True
C,12,110,286,4,True
C,12,111,286,4,True
C,12,112,286,4,True
C,12,113,286,4,True
C,12,114,286,4,True
C,12,115,286,4,True
C,12,116,286,4,True
C,12,117,286,4,True
C,12,118,286,4,True
C,12,119,286,4,True
C,12,120,286,4,True
C,12,121,286,4,True
C,12,122,286,4,True
C,12,123,286,4,True
C,12,124,286,4,True
C,12,125,286,4,True
C,12,126,286,4,True
C,12,127,286,4,True
C,12,128,286,4,True
C,12,129,286,4,True
C,12,130,286,4,True
C,12,131,286,4,True
C,12,132,286,4,True
C,12,133,286,4,True
C,12,134,286,4,True
C,12,135,286,4,True
C,12,136,286,4,True
C,12,137,286,4,True
C,12,138,286,4,True
C,12,139,286,4,True
C,12,140,286,4,True
C,12,141,286,4,True
C,12,142,286,4,True
C,12,143,286,4,True
C,12,144,286,4,True
C,12,145,286,4,True
C,12,146,286,4,True
C,12,147,286,4,True
C,12,148,286,4,True
C,12,149,286,4,True
C,12,150,286,4,True
C,12,151,286,4,True
C,12,152,286,4,True
C,12,153,286,4,True
C,12,154,286,4,True
C,12,155,286,4,True
C,12,156,286,4,True
C,12,157,286,4,True
C,12,158,286,4,True
C,12,159,286,4,True
C,12,160,286,4,True
C,12,161,286,4,True
C,12,162,286,4,True
C,12,163,286,4,True
C,12,164,286,4,True
C,12,165,286,4,True
C,12,166,286,4,True
C,12,167,286,4,True
C,12,168,286,4,True
C,12,169,286,4,True
C,12,170,286,4,True
C,12,171,286,4,True
C,12,172,286,4,True
C,12,173,286,4,True
C,12,174,286,4,True
C,12,175,286,4,True
C,12,176,286,4,True
C,12,177,286,4,True
C,12,178,286,4,True
C,12,179,286,4,True
C,12,180,286,4,True
C,12,181,286,4,True
C,12,182,286,4,True
C,12,183,286,4,True
C,12,184,286,4,True
C,12,185,286,4,True
C,12,186,286,4,True
C,12,187,286,4,True
C,12,188,286,4,True
C,12,189,286,4,True
C,12,190,286,4,True
C,12,191,286,4,True
C,12,192,286,4,True
C,12,193,286,4,True
C,12,194,286,4,True
C,12,195,286,4,True
C,12,196,286,4,True
C,12,197,286,4,True
C,12,198,286,4,True
C,12,199,286,4,True
C,12,200,286,4,True
C,12,201,286,4,True
C,12,202,286,4,True
C,12,203,286,4,True
C,12,204,286,4,True
C,12,205,286,4,True
C,12,206,286,4,True
C,12,207,286,4,True
C,12,208,286,4,True
C,12,209,286,4,True
C,12,210,286,4,True
C,12,211,286,4,True
C,12,212,286,4,True
C,12,213,286,4,True
C,12,214,286,4,True
C,12,215,286,4,True
C,12,216,286,4,True
C,12,217,286,4,True
C,12,218,286,4,True
C,12,219,286,4,True
C,12,220,286,4,True
C,12,221,286,4,True
C,12,222,286,4,True
C,12,223,286,4,True
C,12,224,286,4,True
C,12,225,286,4,True
C,12,226,286,4,True
C,12,227,286,4,True
C,12,228,286,4,True
C,12,229,286,4,True
C,12,230,286,4,True
C,12,231,286,4,True
C,12,232,286,4,True
C,12,233,286,4,True
C,12,234,286,4,True
C,12,235,286,4,True
C,12,236,286,4,True
C,12,237,286,4,True
C,12,238,286,4,True
C,12,239,286,4,True
C,12,240,286,4,True
C,12,241,286,4,True
C,12,242,286,4,True
C,12,243,286,4,True
C,12,244,286,4,True
C,12,245,286,4,True
C,12,246,286,4,True
C,12,247,286,4,True
C,12,248,286,4,True
C,12,249,286,4,True
C,12,250,286,4,True
C,12,251,286,4,True
C,12,252,286,4,True
C,12,253,286,4,True
C,12,254,286,4,True
C,12,255,286,4,True
C,12,256,286,4,True
C,12,257,286,4,True
C,12,258,286,4,True
C,12,259,286,4,True
C,12,260,286,4,True
C,12,261,286,4,True
C,12,262,286,4,True
C,12,263,286,4,True
C,12,264,286,4,True
C,12,265,286,4,True
C,12,266,286,4,True
C,12,267,286,4,True
C,12,268,286,4,True
C,12,269,286,4,True
C,12,270,286,4,True
C,12,271,286,4,True
C,12,272,286,4,True
C,12,273,286,4,True
C,12,274,286,4,True
C,12,275,286,4,True
C,12,276,286,4,True
C,12,277,286,4,True
C,12,278,286,4,True
C,12,279,286,4,True
C,12,280,286,4,True
C,12,281,286,4,True
C,12,282,286,4,True
C,12,283,286,4,True
C,12,284,286,4,True
C,12,285,286,4,True
C,12,286,286,4,True
C,12,287,286,4,True
C,12,288,286,4,True
C,12,289,286,4,True
C,12,290,286,4,True
C,12,291,286,4,True
C,12,292,286,4,True
C,12,293,286,4,True
C,12,294,286,4,True
C,12,295,286,4,True
C,12,296,286,4,True
C,12,297,286,4,True
C,12,298,286,4,True
C,12,299,286,4,True
C,12,300,286,4,True
C,12,301,286,4,True
C,12,302,286,4,True
C,12,303,286,4,True
C,12,304,286,4,True
C,12,305,286,4,True
C,12,306,286,4,True
C,12,307,286,4,True
C,12,308,286,4,True
C,12,309,286,4,True
C,12,310,286,4,True
C,12,311,286,4,True
C,12,312,286,4,True
C,12,313,286,4,True
C,12,314,286,4,True
C,12,315,286,4,True
C,12,316,286,4,True
C,12,317,286,4,True
C,12,318,286,4,True
C,12,319,286,4,True
C,12,320,286,4,True
C,12,321,286,4,True
C,12,322,286,4,True
C,12,323,286,4,True
C,12,324,286,4,True
C,12,325,286,4,True
C,12,326,286,4,True
C,12,327,286,4,True
C,12,328,286,4,True
C,12,329,286,4,True
C,12,330,286,4,True
C,12,331,286,4,True
C,12,332,286,4,True
C,12,333,286,4,True
C,12,334,286,4,True
C,12,335,286,4,True
C,12,336,286,4,True
C,12,337,286,4,True
C,12,338,286,4,True
C,12,339,286,4,True
C,12,340,286,4,True
C,12,341,286,4,True
C,12,342,286,4,True
C,12,343,286,4,True
C,12,344,286,4,True
C,12,345,286,4,True
C,12,346,286,4,True
C,12,347,286,4,True
C,12,348,286,4,True
C,12,349,286,4,True
C,12,350,286,4,True
C,12,351,286,4,True
C,12,352,286,4,True
C,12,353,286,4,True
C,12,354,286,4,True
C,12,355,286,4,True
C,12,356,286,4,True
C,12,357,286,4,True
C,12,358,286,4,True
C,12,359,286,4,True
C,12,360,286,4,True
C,12,361,286,4,True
C,12,362,286,4,True
C,12,363,286,4,True
C,12,364,286,4,True
C,12,365,286,4,True
C,12,366,286,4,True
C,12,367,286,4,True
C,12,368,286,4,True
C,12,369,286,4,True
C,12,370,286,4,True
C,12,371,286,4,True
C,12,372,286,4,True
C,12,373,286,4,True
C,12,374,286,4,True
C,12,375,286,4,True
C,12,376,286,4,True
C,12,377,286,4,True
C,12,378,286,4,True
C,12,379,286,4,True
C,12,380,286,4,True
C,12,381,286,4,True
C,12,382,286,4,True
C,12,383,286,4,True
C,12,384,286,4,True
C,12,385,286,4,True
C,12,386,286,4,True
C,12,387,286,4,True
C,12,388,286,4,True
C,12,389,286,4,True
C,12,390,286,4,True
C,12,391,286,4,True
C,12,392,286,4,True
C,12,393,286,4,True
C,12,394,286,4,True
C,12,395,286,4,True
C,12,396,286,4,True
C,12,397,286,4,True
C,12,398,286,4,True
C,12,399,286,4,True
C,12,400,286,4,True
C,12,401,286,4,True
C,12,402,286,4,True
C,12,403,286,4,True
C,12,404,286,4,True
C,12,405,286,4,True
C,12,406,286,4,True
C,12,407,286,4,True
C,12,408,286,4,True
C,12,409,286,4,True
C,12,410,286,4,True
C,12,411,286,4,True
C,12,412,286,4,True
C,12,413,286,4,True
C,12,414,286,4,True
C,12,415,286,4,True
C,12,416,286,4,True
C,12,417,286,4,True
C,12,418,286,4,True
C,12,419,286,4,True
C,12,420,286,4,True
C,12,421,286,4,True
C,12,422,286,4,True
C,12,423,286,4,True
C,12,424,286,4,True
C,12,425,286,4,True
C,12,426,286,4,True
C,12,427,286,4,True
C,12,428,286,4,True
C,12,429,286,4,True
C,12,430,286,4,True
C,12,431,286,4,True
C,12,432,286,4,True
C,12,433,286,4,True
C,12,434,286,4,True
C,12,435,286,4,True
C,12,436,286,4,True
C,12,437,286,4,True
C,12,438,286,4,True
C,12,439,286,4,True
C,12,440,286,4,True
C,12,441,286,4,True
C,12,442,286,4,True
C,12,443,286,4,True
C,12,444,286,4,True
C,12,445,286,4,True
C,12,446,286,4,True
C,12,447,286,4,True
C,12,448,286,4,True
C,12,449,286,4,True
C,12,450,286,4,True
C,12,451,286,4,True
C,12,452,286,4,True
C,12,453,286,4,True
C,12,454,286,4,True
C,12,455,286,4,True
C,12,456,286,4,True
C,12,457,286,4,True
C,12,458,286,4,True
C,12,459,286,4,True
C,12,460,286,4,True
C,12,461,286,4,True
C,12,462,286,4,True
C,12,463,286,4,True
C,12,464,286,4,True
C,12,465,286,4,True
C,12,466,286,4,True
C,12,467,286,4,True
C,12,468,286,4,True
C,12,469,286,4,True
C,12,470,286,4,True
C,12,471,286,4,True
C,12,472,286,4,True
C,12,473,286,4,True
C,12,474,286,4,True
C,12,475,286,4,True
C,12,476,286,4,True
C,12,477,286,4,True
C,12,478,286,4,True
C,12,479,286,4,True
C,12,480,286,4,True
C,12,481,286,4,True
C,12,482,286,4,True
C,12,483,286,4,True
C,12,484,286,4,True
C,12,485,286,4,True
C,12,486,286,4,True
C,12,487,286,4,True
C,12,488,286,4,True
C,12,489,286,4,True
C,12,490,286,4,True
C,12,491,286,4,True
C,12,492,286,4,True
C,12,493,286,4,True
C,12,494,286,4,True
C,12,495,286,4,True
C,12,496,286,4,True
C,12,497,286,4,True
C,12,498,286,4,True
C,12,499,286,4,True
C,12,500,286,4,True
C,12,501,286,4,True
C,12,502,286,4,True
C,12,503,286,4,True
C,12,504,286,4,True
C,12,505,286,4,True
C,12,506,286,4,True
C,12,507,286,4,True
C,12,508,286,4,True
C,12,509,286,4,True
C,12,510,286,4,True
C,12,511,286,4,True
C,12,512,286,4,True
C,12,513,286,4,True
C,12,514,286,4,True
C,12,515,286,4,True
C,12,516,286,4,True
C,12,517,286,4,True
C,12,518,286,4,True
C,12,519,286,4,True
C,12,520,286,4,True
C,12,521,286,4,True
C,12,522,286,4,True
C,12,523,286,4,True
C,12,524,286,4,True
C,12,525,286,4,True
C,12,526,286,4,True
C,12,527,286,4,True
C,12,528,286,4,True
C,12,529,286,4,True
C,12,530,286,4,True
C,12,531,286,4,True
C,12,532,286,4,True
C,12,533,286,4,True
C,12,534,286,4,True
C,12,535,286,4,True
C,12,536,286,4,True
C,12,537,286,4,True
C,12,538,286,4,True
C,12,539,286,4,True
C,12,540,286,4,True
C,12,541,286,4,True
C,12,542,286,4,True
C,12,543,286,4,True
C,12,544,286,4,True
C,12,545,286,4,True
C,12,546,286,4,True
C,12,547,286,4,True
C,12,548,286,4,True
C,12,549,286,4,True
C,12,550,286,4,True
C,12,551,286,4,True
C,12,552,286,4,True
C,12,553,286,4,True
C,12,554,286,4,True
C,12,555,286,4,True
C,12,556,286,4,True
C,12,557,286,4,True
C,12,558,286,4,True
C,12,559,286,4,True
C,12,560,286,4,True
C,12,561,286,4,True
C,12,562,286,4,True
C,12,563,286,4,True
C,12,564,286,4,True
C,12,565,286,4,True
C,12,566,286,4,True
C,12,567,286,4,True
C,12,568,286,4,True
C,12,569,286,4,True
C,12,570,286,4,True
C,12,571,286,4,True
C,12,572,286,4,True
C,12,573,286,4,True
C,12,574,286,4,True
C,12,575,286,4,True
C,12,576,286,4,True
C,12,577,286,4,True
C,12,578,286,4,True
C,12,579,286,4,True
C,12,580,286,4,True
C,12,581,286,4,True
C,12,582,286,4,True
C,12,583,286,4,True
C,12,584,286,4,True
C,12,585,286,4,True
C,12,586,286,4,True
C,12,587,286,4,True
C,12,588,286,4,True
C,12,589,286,4,True
C,12,590,286,4,True
C,12,591,286,4,True
C,12,592,286,4,True
C,12,593,286,4,True
C,12,594,286,4,True
C,12,595,286,4,True
C,12,596,286,4,True
C,12,597,286,4,True
C,12,598,286,4,True
C,12,599,286,4,True
C,12,600,286,4,True
C,12,601,286,4,True
C,12,602,286,4,True
C,12,603,286,4,True
C,12,604,286,4,True
C,12,605,286,4,True
C,12,606,286,4,True
C,12,607,286,4,True
C,12,608,286,4,True
C,12,609,286,4,True
C,12,610,286,4,True
C,12,611,286,4,True
C,12,612,286,4,True
C,12,613,286,4,True
C,12,614,286,4,True
C,12,615,286,4,True
C,12,616,286,4,True
C,12,617,286,4,True
C,12,618,286,4,True
C,12,619,286,4,True
C,12,620,286,4,True
C,12,621,286,4,True
C,12,622,286,4,True
C,12,623,286,4,True
C,12,624,286,4,True
C,12,625,286,4,True
C,12,626,286,4,True
C,12,627,286,4,True
C,12,628,286,4,True
C,12,629,286,4,True
C,12,630,286,4,True
C,12,631,286,4,True
C,12,632,286,4,True
C,12,633,286,4,True
C,12,634,286,4,True
C,12,635,286,4,True
C,12,636,286,4,True
C,12,637,286,4,True
C,12,638,286,4,True
C,12,639,286,4,True
C,12,640,286,4,True
C,12,641,286,4,True
C,12,642,286,4,True
C,12,643,286,4,True
C,12,644,286,4,True
C,12,645,286,4,True
C,12,646,286,4,True
C,12,647,286,4,True
C,12,648,286,4,True
C,12,649,286,4,True
C,12,650,286,4,True
C,12,651,286,4,True
C,12,652,286,4,True
C,12,653,286,4,True
C,12,654,286,4,True
C,12,655,286,4,True
C,12,656,286,4,True
C,12,657,286,4,True
C,12,658,286,4,True
C,12,659,286,4,True
C,12,660,286,4,True
C,12,661,286,4,True
C,12,662,286,4,True
C,12,663,286,4,True
C,12,664,286,4,True
C,12,665,286,4,True
C,12,666,286,4,True
C,12,667,286,4,True
C,12,668,286,4,True
C,12,669,286,4,True
C,12,670,286,4,True
C,12,671,286,4,True
C,12,672,286,4,True
C,12,673,286,4,True
C,12,674,286,4,True
C,12,675,286,4,True
C,12,676,286,4,True
C,12,677,286,4,True
C,12,678,286,4,True
C,12,679,286,4,True
C,12,680,286,4,True
C,12,681,286,4,True
C,12,682,286,4,True
C,12,683,286,4,True
C,12,684,286,4,True
C,12,685,286,4,True
C,12,686,286,4,True
C,12,687,286,4,True
C,12,688,286,4,True
C,12,689,286,4,True
C,12,690,286,4,True
C,12,691,286,4,True
C,12,692,286,4,True
C,12,693,286,4,True
C,12,694,286,4,True
C,12,695,286,4,True
C,12,696,285,4,True
C,12,697,283,4,True
C,12,698,283,4,True
C,12,699,282,4,True
C,12,700,282,4,True
C,12,701,282,4,True
C,12,702,282,4,True
C,12,703,282,4,True
C,12,704,282,4,True
C,12,705,282,4,True
C,12,706,282,4,True
C,12,707,282,4,True
C,12,708,282,4,True
C,12,709,282,4,True
C,12,710,282,4,True
C,12,711,282,4,True
C,12,712,282,4,True
C,12,713,282,4,True
C,12,714,282,4,True
C,12,715,282,4,True
C,12,716,282,4,True
C,12,717,282,4,True
C,12,718,282,4,True
C,12,719,282,4,True
C,12,720,282,4,True
C,12,721,282,4,True
C,12,722,282,4,True
C,12,723,282,4,True
C,12,724,282,4,True
C,12,725,282,4,True
C,12,726,282,4,True
C,12,727,282,4,True
C,12,728,282,4,True
C,12,729,282,4,True
C,12,730,282,4,True
C,12,731,282,4,True
C,12,732,282,4,True
C,12,733,282,4,True
C,12,734,282,4,True
C,12,735,282,4,True
C,12,736,282,4,True
C,12,737,282,4,True
C,12,738,282,4,True
C,12,739,282,4,True
C,12,740,282,4,True
C,12,741,282,4,True
C,12,742,282,4,True
C,12,743,282,4,True
C,12,744,282,4,True
C,12,745,282,4,True
C,12,746,282,4,True
C,12,747,282,4,True
C,12,748,282,4,True
C,12,749,282,4,True
C,12,750,282,4,True
C,12,751,282,4,True
C,12,752,282,4,True
C,12,753,282,4,True
C,12,754,282,4,True
C,12,755,282,4,True
C,12,756,282,4,True
C,12,757,282,4,True
C,12,758,282,4,True
C,12,759,282,4,True
C,12,760,282,4,True
C,12,761,282,4,True
C,12,762,282,4,True
C,12,763,282,4,True
C,12,764,282,4,True
C,12,765,282,4,True
C,12,766,282,4,True
C,12,767,282,4,True
C,12,768,282,4,True
C,12,769,282,4,True
C,12,770,282,4,True
C,12,771,282,4,True
C,12,772,282,4,True
C,12,773,282,4,True
C,12,774,282,4,True
C,12,775,282,4,True
C,12,776,282,4,True
C,12,777,282,4,True
C,12,778,282,4,True
C,12,779,282,4,True
C,12,780,282,4,True
C,12,781,282,4,True
C,12,782,282,4,True
C,12,783,282,4,True
C,12,784,282,4,True
C,12,785,282,4,True
C,12,786,282,4,True
C,12,787,282,4,True
C,12,788,282,4,True
C,12,789,282,4,True
C,12,790,282,4,True
C,12,791,282,4,True
C,12,792,282,4,True
C,12,793,282,4,True
C,12,794,282,4,True
C,12,795,282,4,True
C,12,796,282,4,True
C,12,797,282,4,True
C,12,798,282,4,True
C,12,799,282,4,True
C,12,800,282,4,True
C,12,801,282,4,True
C,12,802,282,4,True
C,12,803,282,4,True
C,12,804,282,4,True
C,12,805,282,4,True
C,12,806,282,4,True
C,12,807,282,4,True
C,12,808,282,4,True
C,12,809,282,4,True
C,12,810,282,4,True
C,12,811,282,4,True
C,12,812,282,4,True
C,12,813,282,4,True
C,12,814,282,4,True
C,12,815,282,4,True
C,12,816,282,4,True
C,12,817,282,4,True
C,12,818,282,4,True
C,12,819,282,4,True
C,12,820,282,4,True
C,12,821,282,4,True
C,12,822,282,4,True
C,12,823,282,4,True
C,12,824,282,4,True
C,12,825,282,4,True
C,12,826,282,4,True
C,12,827,282,4,True
C,12,828,282,4,True
C,12,829,282,4,True
C,12,830,282,4,True
C,12,831,282,4,True
C,12,832,282,4,True
C,12,833,282,4,True
C,12,834,282,4,True
C,12,835,282,4,True
C,12,836,282,4,True
C,12,837,282,4,True
C,12,838,282,4,True
C,12,839,282,4,True
C,12,840,282,4,True
C,12,841,282,4,True
C,12,842,282,4,True
C,12,843,282,4,True
C,12,844,282,4,True
C,12,845,282,4,True
C,12,846,282,4,True
C,12,847,282,4,True
C,12,848,282,4,True
C,12,849,282,4,True
C,12,850,282,4,True
C,12,851,282,4,True
C,12,852,282,4,True
C,12,853,282,4,True
C,12,854,282,4,True
C,12,855,282,4,True
C,12,856,282,4,True
C,12,857,282,4,True
C,12,858,282,4,True
C,12,859,282,4,True
C,12,860,282,4,True
C,12,861,282,4,True
C,12,862,282,4,True
C,12,863,282,4,True
C,12,864,282,4,True
C,12,865,282,4,True
C,12,866,282,4,True
C,12,867,282,4,True
C,12,868,282,4,True
C,12,869,282,4,True
C,12,870,282,4,True
C,12,871,282,4,True
C,12,872,282,4,True
C,12,873,282,4,True
C,12,874,282,4,True
C,12,875,282,4,True
C,12,876,282,4,True
C,12,877,282,4,True
C,12,878,282,4,True
C,12,879,282,4,True
C,12,880,282,4,True
C,12,881,282,4,True
C,12,882,282,4,True
C,12,883,282,4,True
C,12,884,282,4,True
C,12,885,282,4,True
C,12,886,282,4,True
C,12,887,282,4,True
C,12,888,282,4,True
C,12,889,282,4,True
C,12,890,282,4,True
C,12,891,282,4,True
C,12,892,282,4,True
C,12,893,282,4,True
C,12,894,282,4,True
C,12,895,282,4,True
C,12,896,282,4,True
C,12,897,282,4,True
C,12,898,282,4,True
C,12,899,282,4,True
C,12,900,282,4,True
C,12,901,282,4,True
C,12,902,282,4,True
C,12,903,282,4,True
C,12,904,282,4,True
C,12,905,282,4,True
C,12,906,282,4,True
C,12,907,282,4,True
C,12,908,282,4,True
C,12,909,282,4,True
C,12,910,282,4,True
C,12,911,282,4,True
C,12,912,282,4,True
C,12,913,282,4,True
C,12,914,282,4,True
C,12,915,282,4,True
C,12,916,282,4,True
C,12,917,282,4,True
C,12,918,282,4,True
C,12,919,282,4,True
C,12,920,282,4,True
C,12,921,282,4,True
C,12,922,282,4,True
C,12,923,282,4,True
C,12,924,282,4,True
C,12,925,282,4,True
C,12,926,282,4,True
C,12,927,282,4,True
C,12,928,282,4,True
C,12,929,282,4,True
C,12,930,282,4,True
C,12,931,282,4,True
C,12,932,282,4,True
C,12,933,282,4,True
C,12,934,282,4,True
C,12,935,282,4,True
C,12,936,282,4,True
C,12,937,282,4,True
C,12,938,282,4,True
C,12,939,282,4,True
C,12,940,282,4,True
C,12,941,282,4,True
C,12,942,282,4,True
C,12,943,282,4,True
C,12,944,282,4,True
C,12,945,282,4,True
C,12,946,282,4,True
C,12,947,282,4,True
C,12,948,282,4,True
C,12,949,282,4,True
C,12,950,282,4,True
C,12,951,282,4,True
C,12,952,282,4,True
C,12,953,282,4,True
C,12,954,282,4,True
C,12,955,282,4,True
C,12,956,282,4,True
C,12,957,282,4,True
C,12,958,282,4,True
C,12,959,282,4,True
C,12,960,282,4,True
C,12,961,282,4,True
C,12,962,282,4,True
C,12,963,282,4,True
C,12,964,282,4,True
C,12,965,282,4,True
C,12,966,282,4,True
C,12,967,282,4,True
C,12,968,282,4,True
C,12,969,282,4,True
C,12,970,282,4,True
C,12,971,282,4,True
C,12,972,282,4,True
C,12,973,282,4,True
C,12,974,282,4,True
C,12,975,282,4,True
C,12,976,282,4,True
C,12,977,282,4,True
C,12,978,282,4,True
C,12,979,282,4,True
C,12,980,282,4,True
C,12,981,282,4,True
C,12,982,282,4,True
C,12,983,282,4,True
C,12,984,282,4,True
C,12,985,282,4,True
C,12,986,282,4,True
C,12,987,282,4,True
C,12,988,282,4,True
C,12,989,282,4,True
C,12,990,282,4,True
C,12,991,282,4,True
C,12,992,282,4,True
C,12,993,282,4,True
C,12,994,282,4,True
C,12,995,282,4,True
C,12,996,282,4,True
C,12,997,282,4,True
C,12,998,282,4,True
C,12,999,282,4,True
C,12,1000,282,4,True
D,10,0,365,4,True
D,10,1,337,4,True
D,10,2,337,4,True
D,10,3,328,4,True
D,10,4,321,4,True
D,10,5,321,4,True
D,10,6,321,4,True
D,10,7,321,4,True
D,10,8,321,4,True
D,10,9,321,4,True
D,10,10,321,4,True
D,10,11,321,4,True
D,10,12,321,4,True
D,10,13,321,4,True
D,10,14,317,4,True
D,10,15,317,4,True
D,10,16,317,4,True
D,10,17,313,4,True
D,10,18,311,4,True
D,10,19,311,4,True
D,10,20,311,4,True
D,10,21,311,4,True
D,10,22,311,4,True
D,10,23,307,4,True
D,10,24,307,4,True
D,10,25,307,4,True
D,10,26,307,4,True
D,10,27,307,4,True
D,10,28,307,4,True
D,10,29,307,4,True
D,10,30,307,4,True
D,10,31,307,4,True
D,10,32,307,4,True
D,10,33,307,4,True
D,10,34,305,4,True
D,10,35,305,4,True
D,10,36,303,4,True
D,10,37,303,4,True
D,10,38,303,4,True
D,10,39,300,4,True
D,10,40,300,4,True
D,10,41,300,4,True
D,10,42,299,4,True
D,10,43,298,4,True
D,10,44,298,4,True
D,10,45,298,4,True
D,10,46,296,4,True
D,10,47,296,4,True
D,10,48,296,4,True
D,10,49,296,4,True
D,10,50,296,4,True
D,10,51,296,4,True
D,10,52,296,4,True
D,10,53,296,4,True
D,10,54,296,4,True
D,10,55,296,4,True
D,10,56,296,4,True
D,10,57,296,4,True
D,10,58,296,4,True
D,10,59,296,4,True
D,10,60,296,4,True
D,10,61,296,4,True
D,10,62,296,4,True
D,10,63,296,4,True
D,10,64,296,4,True
D,10,65,296,4,True
D,10,66,296,4,True
D,10,67,296,4,True
D,10,68,296,4,True
D,10,69,296,4,True
D,10,70,296,4,True
D,10,71,296,4,True
D,10,72,296,4,True
D,10,73,296,4,True
D,10,74,296,4,True
D,10,75,296,4,True
D,10,76,296,4,True
D,10,77,296,4,True
D,10,78,296,4,True
D,10,79,296,4,True
D,10,80,296,4,True
D,10,81,296,4,True
D,10,82,296,4,True
D,10,83,296,4,True
D,10,84,296,4,True
D,10,85,296,4,True
D,10,86,296,4,True
D,10,87,296,4,True
D,10,88,296,4,True
D,10,89,296,4,True
D,10,90,296,4,True
D,10,91,296,4,True
D,10,92,296,4,True
D,10,93,296,4,True
D,10,94,296,4,True
D,10,95,296,4,True
D,10,96,296,4,True
D,10,97,296,4,True
D,10,98,296,4,True
D,10,99,296,4,True
D,10,100,296,4,True
D,10,101,296,4,True
D,10,102,296,4,True
D,10,103,296,4,True
D,10,104,296,4,True
D,10,105,296,4,True
D,10,106,296,4,True
D,10,107,296,4,True
D,10,108,296,4,True
D,10,109,296,4,True
D,10,110,296,4,True
D,10,111,296,4,True
D,10,112,296,4,True
D,10,113,296,4,True
D,10,114,296,4,True
D,10,115,296,4,True
D,10,116,296,4,True
D,10,117,296,4,True
D,10,118,296,4,True
D,10,119,296,4,True
D,10,120,296,4,True
D,10,121,296,4,True
D,10,122,296,4,True
D,10,123,296,4,True
D,10,124,296,4,True
D,10,125,296,4,True
D,10,126,296,4,True
D,10,127,296,4,True
D,10,128,296,4,True
D,10,129,296,4,True
D,10,130,296,4,True
D,10,131,296,4,True
D,10,132,296,4,True
D,10,133,296,4,True
D,10,134,296,4,True
D,10,135,296,4,True
D,10,136,296,4,True
D,10,137,295,4,True
D,10,138,295,4,True
D,10,139,295,4,True
D,10,140,295,4,True
D,10,141,295,4,True
D,10,142,295,4,True
D,10,143,295,4,True
D,10,144,295,4,True
D,10,145,295,4,True
D,10,146,295,4,True
D,10,147,295,4,True
D,10,148,295,4,True
D,10,149,295,4,True
D,10,150,295,4,True
D,10,151,295,4,True
D,10,152,295,4,True
D,10,153,295,4,True
D,10,154,295,4,True
D,10,155,295,4,True
D,10,156,295,4,True
D,10,157,295,4,True
D,10,158,295,4,True
D,10,159,295,4,True
D,10,160,295,4,True
D,10,161,295,4,True
D,10,162,295,4,True
D,10,163,295,4,True
D,10,164,295,4,True
D,10,165,295,4,True
D,10,166,295,4,True
D,10,167,295,4,True
D,10,168,295,4,True
D,10,169,295,4,True
D,10,170,295,4,True
D,10,171,295,4,True
D,10,172,295,4,True
D,10,173,295,4,True
D,10,174,295,4,True
D,10,175,295,4,True
D,10,176,295,4,True
D,10,177,295,4,True
D,10,178,293,4,True
D,10,179,293,4,True
D,10,180,292,4,True
D,10,181,292,4,True
D,10,182,292,4,True
D,10,183,291,4,True
D,10,184,291,4,True
D,10,185,291,4,True
D,10,186,291,4,True
D,10,187,291,4,True
D,10,188,291,4,True
D,10,189,291,4,True
D,10,190,291,4,True
D,10,191,291,4,True
D,10,192,291,4,True
D,10,193,291,4,True
D,10,194,291,4,True
D,10,195,291,4,True
D,10,196,291,4,True
D,10,197,291,4,True
D,10,198,291,4,True
D,10,199,291,4,True
D,10,200,291,4,True
D,10,201,291,4,True
D,10,202,291,4,True
D,10,203,291,4,True
D,10,204,291,4,True
D,10,205,291,4,True
D,10,206,291,4,True
D,10,207,291,4,True
D,10,208,291,4,True
D,10,209,291,4,True
D,10,210,291,4,True
D,10,211,291,4,True
D,10,212,291,4,True
D,10,213,291,4,True
D,10,214,291,4,True
D,10,215,291,4,True
D,10,216,291,4,True
D,10,217,291,4,True
D,10,218,291,4,True
D,10,219,291,4,True
D,10,220,291,4,True
D,10,221,291,4,True
D,10,222,291,4,True
D,10,223,291,4,True
D,10,224,291,4,True
D,10,225,291,4,True
D,10,226,291,4,True
D,10,227,291,4,True
D,10,228,291,4,True
D,10,229,291,4,True
D,10,230,291,4,True
D,10,231,291,4,True
D,10,232,291,4,True
D,10,233,291,4,True
D,10,234,291,4,True
D,10,235,291,4,True
D,10,236,291,4,True
D,10,237,290,4,True
D,10,238,290,4,True
D,10,239,290,4,True
D,10,240,290,4,True
D,10,241,290,4,True
D,10,242,289,4,True
D,10,243,289,4,True
D,10,244,289,4,True
D,10,245,289,4,True
D,10,246,289,4,True
D,10,247,289,4,True
D,10,248,289,4,True
D,10,249,289,4,True
D,10,250,289,4,True
D,10,251,289,4,True
D,10,252,289,4,True
D,10,253,289,4,True
D,10,254,289,4,True
D,10,255,289,4,True
D,10,256,289,4,True
D,10,257,289,4,True
D,10,258,289,4,True
D,10,259,289,4,True
D,10,260,289,4,True
D,10,261,289,4,True
D,10,262,289,4,True
D,10,263,289,4,True
D,10,264,289,4,True
D,10,265,289,4,True
D,10,266,289,4,True
D,10,267,289,4,True
D,10,268,289,4,True
D,10,269,289,4,True
D,10,270,289,4,True
D,10,271,289,4,True
D,10,272,289,4,True
D,10,273,289,4,True
D,10,274,289,4,True
D,10,275,289,4,True
D,10,276,289,4,True
D,10,277,289,4,True
D,10,278,289,4,True
D,10,279,289,4,True
D,10,280,289,4,True
D,10,281,289,4,True
D,10,282,289,4,True
D,10,283,289,4,True
D,10,284,289,4,True
D,10,285,289,4,True
D,10,286,289,4,True
D,10,287,289,4,True
D,10,288,289,4,True
D,10,289,289,4,True
D,10,290,289,4,True
D,10,291,289,4,True
D,10,292,289,4,True
D,10,293,289,4,True
D,10,294,289,4,True
D,10,295,289,4,True
D,10,296,289,4,True
D,10,297,289,4,True
D,10,298,289,4,True
D,10,299,289,4,True
D,10,300,289,4,True
D,10,301,289,4,True
D,10,302,289,4,True
D,10,303,289,4,True
D,10,304,289,4,True
D,10,305,289,4,True
D,10,306,289,4,True
D,10,307,289,4,True
D,10,308,289,4,True
D,10,309,289,4,True
D,10,310,289,4,True
D,10,311,289,4,True
D,10,312,289,4,True
D,10,313,289,4,True
D,10,314,289,4,True
D,10,315,289,4,True
D,10,316,289,4,True
D,10,317,289,4,True
D,10,318,289,4,True
D,10,319,289,4,True
D,10,320,289,4,True
D,10,321,289,4,True
D,10,322,289,4,True
D,10,323,289,4,True
D,10,324,289,4,True
D,10,325,289,4,True
D,10,326,289,4,True
D,10,327,289,4,True
D,10,328,289,4,True
D,10,329,289,4,True
D,10,330,289,4,True
D,10,331,289,4,True
D,10,332,289,4,True
D,10,333,289,4,True
D,10,334,289,4,True
D,10,335,289,4,True
D,10,336,289,4,True
D,10,337,289,4,True
D,10,338,289,4,True
D,10,339,289,4,True
D,10,340,289,4,True
D,10,341,289,4,True
D,10,342,289,4,True
D,10,343,289,4,True
D,10,344,289,4,True
D,10,345,289,4,True
D,10,346,289,4,True
D,10,347,289,4,True
D,10,348,289,4,True
D,10,349,289,4,True
D,10,350,289,4,True
D,10,351,289,4,True
D,10,352,289,4,True
D,10,353,289,4,True
D,10,354,289,4,True
D,10,355,289,4,True
D,10,356,289,4,True
D,10,357,289,4,True
D,10,358,289,4,True
D,10,359,289,4,True
D,10,360,289,4,True
D,10,361,289,4,True
D,10,362,289,4,True
D,10,363,289,4,True
D,10,364,289,4,True
D,10,365,289,4,True
D,10,366,289,4,True
D,10,367,289,4,True
D,10,368,289,4,True
D,10,369,289,4,True
D,10,370,289,4,True
D,10,371,289,4,True
D,10,372,289,4,True
D,10,373,289,4,True
D,10,374,289,4,True
D,10,375,289,4,True
D,10,376,289,4,True
D,10,377,289,4,True
D,10,378,289,4,True
D,10,379,289,4,True
D,10,380,289,4,True
D,10,381,289,4,True
D,10,382,289,4,True
D,10,383,289,4,True
D,10,384,289,4,True
D,10,385,289,4,True
D,10,386,289,4,True
D,10,387,289,4,True
D,10,388,289,4,True
D,10,389,289,4,True
D,10,390,289,4,True
D,10,391,289,4,True
D,10,392,289,4,True
D,10,393,289,4,True
D,10,394,289,4,True
D,10,395,289,4,True
D,10,396,289,4,True
D,10,397,289,4,True
D,10,398,289,4,True
D,10,399,289,4,True
D,10,400,289,4,True
D,10,401,289,4,True
D,10,402,289,4,True
D,10,403,289,4,True
D,10,404,289,4,True
D,10,405,289,4,True
D,10,406,289,4,True
D,10,407,289,4,True
D,10,408,289,4,True
D,10,409,289,4,True
D,10,410,289,4,True
D,10,411,289,4,True
D,10,412,289,4,True
D,10,413,289,4,True
D,10,414,289,4,True
D,10,415,289,4,True
D,10,416,289,4,True
D,10,417,289,4,True
D,10,418,289,4,True
D,10,419,289,4,True
D,10,420,289,4,True
D,10,421,289,4,True
D,10,422,289,4,True
D,10,423,289,4,True
D,10,424,289,4,True
D,10,425,289,4,True
D,10,426,289,4,True
D,10,427,289,4,True
D,10,428,289,4,True
D,10,429,289,4,True
D,10,430,289,4,True
D,10,431,289,4,True
D,10,432,289,4,True
D,10,433,289,4,True
D,10,434,289,4,True
D,10,435,289,4,True
D,10,436,289,4,True
D,10,437,289,4,True
D,10,438,289,4,True
D,10,439,289,4,True
D,10,440,289,4,True
D,10,441,289,4,True
D,10,442,289,4,True
D,10,443,289,4,True
D,10,444,289,4,True
D,10,445,289,4,True
D,10,446,289,4,True
D,10,447,289,4,True
D,10,448,289,4,True
D,10,449,289,4,True
D,10,450,289,4,True
D,10,451,289,4,True
D,10,452,289,4,True
D,10,453,289,4,True
D,10,454,289,4,True
D,10,455,289,4,True
D,10,456,289,4,True
D,10,457,289,4,True
D,10,458,289,4,True
D,10,459,289,4,True
D,10,460,289,4,True
D,10,461,289,4,True
D,10,462,289,4,True
D,10,463,289,4,True
D,10,464,289,4,True
D,10,465,289,4,True
D,10,466,289,4,True
D,10,467,289,4,True
D,10,468,289,4,True
D,10,469,289,4,True
D,10,470,289,4,True
D,10,471,289,4,True
D,10,472,289,4,True
D,10,473,289,4,True
D,10,474,289,4,True
D,10,475,289,4,True
D,10,476,289,4,True
D,10,477,289,4,True
D,10,478,289,4,True
D,10,479,289,4,True
D,10,480,289,4,True
D,10,481,289,4,True
D,10,482,289,4,True
D,10,483,289,4,True
D,10,484,289,4,True
D,10,485,289,4,True
D,10,486,289,4,True
D,10,487,289,4,True
D,10,488,289,4,True
D,10,489,289,4,True
D,10,490,289,4,True
D,10,491,289,4,True
D,10,492,289,4,True
D,10,493,289,4,True
D,10,494,289,4,True
D,10,495,289,4,True
D,10,496,289,4,True
D,10,497,289,4,True
D,10,498,289,4,True
D,10,499,289,4,True
D,10,500,289,4,True
D,10,501,289,4,True
D,10,502,289,4,True
D,10,503,289,4,True
D,10,504,289,4,True
D,10,505,289,4,True
D,10,506,289,4,True
D,10,507,289,4,True
D,10,508,289,4,True
D,10,509,289,4,True
D,10,510,289,4,True
D,10,511,289,4,True
D,10,512,289,4,True
D,10,513,289,4,True
D,10,514,289,4,True
D,10,515,289,4,True
D,10,516,289,4,True
D,10,517,289,4,True
D,10,518,289,4,True
D,10,519,289,4,True
D,10,520,289,4,True
D,10,521,289,4,True
D,10,522,289,4,True
D,10,523,289,4,True
D,10,524,289,4,True
D,10,525,289,4,True
D,10,526,289,4,True
D,10,527,289,4,True
D,10,528,289,4,True
D,10,529,289,4,True
D,10,530,289,4,True
D,10,531,289,4,True
D,10,532,289,4,True
D,10,533,289,4,True
D,10,534,289,4,True
D,10,535,289,4,True
D,10,536,289,4,True
D,10,537,289,4,True
D,10,538,289,4,True
D,10,539,289,4,True
D,10,540,289,4,True
D,10,541,289,4,True
D,10,542,289,4,True
D,10,543,289,4,True
D,10,544,289,4,True
D,10,545,289,4,True
D,10,546,289,4,True
D,10,547,289,4,True
D,10,548,289,4,True
D,10,549,289,4,True
D,10,550,289,4,True
D,10,551,289,4,True
D,10,552,289,4,True
D,10,553,289,4,True
D,10,554,289,4,True
D,10,555,289,4,True
D,10,556,289,4,True
D,10,557,289,4,True
D,10,558,289,4,True
D,10,559,289,4,True
D,10,560,289,4,True
D,10,561,289,4,True
D,10,562,289,4,True
D,10,563,289,4,True
D,10,564,289,4,True
D,10,565,289,4,True
D,10,566,289,4,True
D,10,567,289,4,True
D,10,568,289,4,True
D,10,569,289,4,True
D,10,570,289,4,True
D,10,571,289,4,True
D,10,572,289,4,True
D,10,573,289,4,True
D,10,574,289,4,True
D,10,575,289,4,True
D,10,576,289,4,True
D,10,577,289,4,True
D,10,578,289,4,True
D,10,579,289,4,True
D,10,580,289,4,True
D,10,581,289,4,True
D,10,582,289,4,True
D,10,583,289,4,True
D,10,584,289,4,True
D,10,585,289,4,True
D,10,586,289,4,True
D,10,587,289,4,True
D,10,588,289,4,True
D,10,589,289,4,True
D,10,590,289,4,True
D,10,591,289,4,True
D,10,592,289,4,True
D,10,593,289,4,True
D,10,594,289,4,True
D,10,595,289,4,True
D,10,596,289,4,True
D,10,597,289,4,True
D,10,598,289,4,True
D,10,599,289,4,True
D,10,600,289,4,True
D,10,601,289,4,True
D,10,602,289,4,True
D,10,603,289,4,True
D,10,604,289,4,True
D,10,605,289,4,True
D,10,606,289,4,True
D,10,607,289,4,True
D,10,608,289,4,True
D,10,609,289,4,True
D,10,610,289,4,True
D,10,611,289,4,True
D,10,612,289,4,True
D,10,613,289,4,True
D,10,614,289,4,True
D,10,615,289,4,True
D,10,616,289,4,True
D,10,617,289,4,True
D,10,618,289,4,True
D,10,619,289,4,True
D,10,620,289,4,True
D,10,621,289,4,True
D,10,622,289,4,True
D,10,623,289,4,True
D,10,624,289,4,True
D,10,625,289,4,True
D,10,626,289,4,True
D,10,627,289,4,True
D,10,628,289,4,True
D,10,629,289,4,True
D,10,630,289,4,True
D,10,631,289,4,True
D,10,632,289,4,True
D,10,633,289,4,True
D,10,634,289,4,True
D,10,635,289,4,True
D,10,636,289,4,True
D,10,637,287,4,True
D,10,638,287,4,True
D,10,639,287,4,True
D,10,640,287,4,True
D,10,641,287,4,True
D,10,642,287,4,True
D,10,643,287,4,True
D,10,644,287,4,True
D,10,645,287,4,True
D,10,646,287,4,True
D,10,647,287,4,True
D,10,648,286,4,True
D,10,649,286,4,True
D,10,650,286,4,True
D,10,651,286,4,True
D,10,652,286,4,True
D,10,653,286,4,True
D,10,654,286,4,True
D,10,655,286,4,True
D,10,656,286,4,True
D,10,657,286,4,True
D,10,658,286,4,True
D,10,659,286,4,True
D,10,660,286,4,True
D,10,661,286,4,True
D,10,662,286,4,True
D,10,663,286,4,True
D,10,664,286,4,True
D,10,665,286,4,True
D,10,666,286,4,True
D,10,667,286,4,True
D,10,668,286,4,True
D,10,669,286,4,True
D,10,670,286,4,True
D,10,671,286,4,True
D,10,672,286,4,True
D,10,673,286,4,True
D,10,674,286,4,True
D,10,675,286,4,True
D,10,676,286,4,True
D,10,677,286,4,True
D,10,678,286,4,True
D,10,679,286,4,True
D,10,680,286,4,True
D,10,681,286,4,True
D,10,682,286,4,True
D,10,683,286,4,True
D,10,684,286,4,True
D,10,685,286,4,True
D,10,686,286,4,True
D,10,687,286,4,True
D,10,688,286,4,True
D,10,689,286,4,True
D,10,690,286,4,True
D,10,691,286,4,True
D,10,692,286,4,True
D,10,693,286,4,True
D,10,694,286,4,True
D,10,695,286,4,True
D,10,696,286,4,True
D,10,697,286,4,True
D,10,698,286,4,True
D,10,699,286,4,True
D,10,700,286,4,True
D,10,701,286,4,True
D,10,702,286,4,True
D,10,703,286,4,True
D,10,704,286,4,True
D,10,705,286,4,True
D,10,706,286,4,True
D,10,707,286,4,True
D,10,708,286,4,True
D,10,709,286,4,True
D,10,710,286,4,True
D,10,711,286,4,True
D,10,712,286,4,True
D,10,713,286,4,True
D,10,714,286,4,True
D,10,715,286,4,True
D,10,716,286,4,True
D,10,717,286,4,True
D,10,718,286,4,True
D,10,719,286,4,True
D,10,720,286,4,True
D,10,721,286,4,True
D,10,722,286,4,True
D,10,723,286,4,True
D,10,724,286,4,True
D,10,725,286,4,True
D,10,726,286,4,True
D,10,727,286,4,True
D,10,728,286,4,True
D,10,729,286,4,True
D,10,730,286,4,True
D,10,731,286,4,True
D,10,732,286,4,True
D,10,733,286,4,True
D,10,734,286,4,True
D,10,735,286,4,True
D,10,736,286,4,True
D,10,737,286,4,True
D,10,738,286,4,True
D,10,739,286,4,True
D,10,740,286,4,True
D,10,741,286,4,True
D,10,742,286,4,True
D,10,743,286,4,True
D,10,744,286,4,True
D,10,745,286,4,True
D,10,746,286,4,True
D,10,747,286,4,True
D,10,748,286,4,True
D,10,749,286,4,True
D,10,750,286,4,True
D,10,751,286,4,True
D,10,752,286,4,True
D,10,753,286,4,True
D,10,754,286,4,True
D,10,755,286,4,True
D,10,756,286,4,True
D,10,757,286,4,True
D,10,758,286,4,True
D,10,759,286,4,True
D,10,760,286,4,True
D,10,761,286,4,True
D,10,762,286,4,True
D,10,763,286,4,True
D,10,764,286,4,True
D,10,765,286,4,True
D,10,766,286,4,True
D,10,767,286,4,True
D,10,768,286,4,True
D,10,769,286,4,True
D,10,770,286,4,True
D,10,771,286,4,True
D,10,772,286,4,True
D,10,773,286,4,True
D,10,774,286,4,True
D,10,775,286,4,True
D,10,776,286,4,True
D,10,777,286,4,True
D,10,778,286,4,True
D,10,779,286,4,True
D,10,780,286,4,True
D,10,781,286,4,True
D,10,782,286,4,True
D,10,783,286,4,True
D,10,784,286,4,True
D,10,785,286,4,True
D,10,786,286,4,True
D,10,787,286,4,True
D,10,788,286,4,True
D,10,789,286,4,True
D,10,790,286,4,True
D,10,791,286,4,True
D,10,792,286,4,True
D,10,793,286,4,True
D,10,794,286,4,True
D,10,795,286,4,True
D,10,796,286,4,True
D,10,797,286,4,True
D,10,798,286,4,True
D,10,799,286,4,True
D,10,800,286,4,True
D,10,801,286,4,True
D,10,802,286,4,True
D,10,803,286,4,True
D,10,804,286,4,True
D,10,805,286,4,True
D,10,806,286,4,True
D,10,807,286,4,True
D,10,808,286,4,True
D,10,809,286,4,True
D,10,810,286,4,True
D,10,811,286,4,True
D,10,812,286,4,True
D,10,813,286,4,True
D,10,814,286,4,True
D,10,815,286,4,True
D,10,816,286,4,True
D,10,817,286,4,True
D,10,818,286,4,True
D,10,819,286,4,True
D,10,820,286,4,True
D,10,821,286,4,True
D,10,822,286,4,True
D,10,823,286,4,True
D,10,824,286,4,True
D,10,825,286,4,True
D,10,826,286,4,True
D,10,827,286,4,True
D,10,828,286,4,True
D,10,829,286,4,True
D,10,830,286,4,True
D,10,831,286,4,True
D,10,832,286,4,True
D,10,833,286,4,True
D,10,834,286,4,True
D,10,835,286,4,True
D,10,836,286,4,True
D,10,837,286,4,True
D,10,838,286,4,True
D,10,839,286,4,True
D,10,840,286,4,True
D,10,841,286,4,True
D,10,842,286,4,True
D,10,843,286,4,True
D,10,844,286,4,True
D,10,845,286,4,True
D,10,846,286,4,True
D,10,847,286,4,True
D,10,848,286,4,True
D,10,849,286,4,True
D,10,850,286,4,True
D,10,851,286,4,True
D,10,852,286,4,True
D,10,853,286,4,True
D,10,854,286,4,True
D,10,855,286,4,True
D,10,856,286,4,True
D,10,857,286,4,True
D,10,858,286,4,True
D,10,859,286,4,True
D,10,860,286,4,True
D,10,861,286,4,True
D,10,862,286,4,True
D,10,863,286,4,True
D,10,864,286,4,True
D,10,865,286,4,True
D,10,866,286,4,True
D,10,867,286,4,True
D,10,868,286,4,True
D,10,869,286,4,True
D,10,870,286,4,True
D,10,871,286,4,True
D,10,872,286,4,True
D,10,873,286,4,True
D,10,874,286,4,True
D,10,875,286,4,True
D,10,876,286,4,True
D,10,877,286,4,True
D,10,878,286,4,True
D,10,879,286,4,True
D,10,880,286,4,True
D,10,881,286,4,True
D,10,882,286,4,True
D,10,883,286,4,True
D,10,884,286,4,True
D,10,885,286,4,True
D,10,886,286,4,True
D,10,887,286,4,True
D,10,888,286,4,True
D,10,889,286,4,True
D,10,890,286,4,True
D,10,891,286,4,True
D,10,892,286,4,True
D,10,893,286,4,True
D,10,894,286,4,True
D,10,895,286,4,True
D,10,896,286,4,True
D,10,897,286,4,True
D,10,898,286,4,True
D,10,899,286,4,True
D,10,900,286,4,True
D,10,901,286,4,True
D,10,902,286,4,True
D,10,903,286,4,True
D,10,904,286,4,True
D,10,905,286,4,True
D,10,906,286,4,True
D,10,907,286,4,True
D,10,908,286,4,True
D,10,909,286,4,True
D,10,910,286,4,True
D,10,911,286,4,True
D,10,912,286,4,True
D,10,913,286,4,True
D,10,914,286,4,True
D,10,915,286,4,True
D,10,916,286,4,True
D,10,917,286,4,True
D,10,918,286,4,True
D,10,919,286,4,True
D,10,920,286,4,True
D,10,921,286,4,True
D,10,922,286,4,True
D,10,923,286,4,True
D,10,924,286,4,True
D,10,925,286,4,True
D,10,926,286,4,True
D,10,927,286,4,True
D,10,928,286,4,True
D,10,929,286,4,True
D,10,930,286,4,True
D,10,931,286,4,True
D,10,932,286,4,True
D,10,933,286,4,True
D,10,934,286,4,True
D,10,935,286,4,True
D,10,936,286,4,True
D,10,937,286,4,True
D,10,938,286,4,True
D,10,939,286,4,True
D,10,940,286,4,True
D,10,941,286,4,True
D,10,942,286,4,True
D,10,943,286,4,True
D,10,944,286,4,True
D,10,945,286,4,True
D,10,946,286,4,True
D,10,947,286,4,True
D,10,948,286,4,True
D,10,949,286,4,True
D,10,950,286,4,True
D,10,951,286,4,True
D,10,952,286,4,True
D,10,953,286,4,True
D,10,954,286,4,True
D,10,955,286,4,True
D,10,956,286,4,True
D,10,957,286,4,True
D,10,958,286,4,True
D,10,959,286,4,True
D,10,960,286,4,True
D,10,961,286,4,True
D,10,962,286,4,True
D,10,963,286,4,True
D,10,964,286,4,True
D,10,965,286,4,True
D,10,966,286,4,True
D,10,967,286,4,True
D,10,968,286,4,True
D,10,969,286,4,True
D,10,970,286,4,True
D,10,971,286,4,True
D,10,972,286,4,True
D,10,973,286,4,True
D,10,974,286,4,True
D,10,975,286,4,True
D,10,976,286,4,True
D,10,977,286,4,True
D,10,978,286,4,True
D,10,979,286,4,True
D,10,980,286,4,True
D,10,981,286,4,True
D,10,982,286,4,True
D,10,983,286,4,True
D,10,984,286,4,True
D,10,985,286,4,True
D,10,986,286,4,True
D,10,987,286,4,True
D,10,988,286,4,True
D,10,989,286,4,True
D,10,990,286,4,True
D,10,991,286,4,True
D,10,992,286,4,True
D,10,993,286,4,True
D,10,994,286,4,True
D,10,995,286,4,True
D,10,996,286,4,True
D,10,997,286,4,True
D,10,998,286,4,True
D,10,999,286,4,True
D,10,1000,286,4,True
D,11,0,365,4,True
D,11,1,337,4,True
D,11,2,336,4,True
D,11,3,322,4,True
D,11,4,322,4,True
D,11,5,318,4,True
D,11,6,318,4,True
D,11,7,318,4,True
D,11,8,318,4,True
D,11,9,317,4,True
D,11,10,316,4,True
D,11,11,316,4,True
D,11,12,312,4,True
D,11,13,311,4,True
D,11,14,311,4,True
D,11,15,311,4,True
D,11,16,311,4,True
D,11,17,311,4,True
D,11,18,311,4,True
D,11,19,311,4,True
D,11,20,306,4,True
D,11,21,306,4,True
D,11,22,306,4,True
D,11,23,306,4,True
D,11,24,306,4,True
D,11,25,306,4,True
D,11,26,306,4,True
D,11,27,306,4,True
D,11,28,306,4,True
D,11,29,306,4,True
D,11,30,306,4,True
D,11,31,306,4,True
D,11,32,306,4,True
D,11,33,306,4,True
D,11,34,306,4,True
D,11,35,306,4,True
D,11,36,305,4,True
D,11,37,305,4,True
D,11,38,304,4,True
D,11,39,302,4,True
D,11,40,302,4,True
D,11,41,302,4,True
D,11,42,302,4,True
D,11,43,302,4,True
D,11,44,302,4,True
D,11,45,302,4,True
D,11,46,302,4,True
D,11,47,302,4,True
D,11,48,300,4,True
D,11,49,300,4,True
D,11,50,300,4,True
D,11,51,300,4,True
D,11,52,300,4,True
D,11,53,300,4,True
D,11,54,300,4,True
D,11,55,300,4,True
D,11,56,300,4,True
D,11,57,300,4,True
D,11,58,300,4,True
D,11,59,300,4,True
D,11,60,300,4,True
D,11,61,300,4,True
D,11,62,300,4,True
D,11,63,300,4,True
D,11,64,300,4,True
D,11,65,300,4,True
D,11,66,300,4,True
D,11,67,300,4,True
D,11,68,300,4,True
D,11,69,300,4,True
D,11,70,300,4,True
D,11,71,298,4,True
D,11,72,298,4,True
D,11,73,298,4,True
D,11,74,298,4,True
D,11,75,296,4,True
D,11,76,296,4,True
D,11,77,296,4,True
D,11,78,296,4,True
D,11,79,296,4,True
D,11,80,296,4,True
D,11,81,296,4,True
D,11,82,296,4,True
D,11,83,296,4,True
D,11,84,296,4,True
D,11,85,296,4,True
D,11,86,296,4,True
D,11,87,296,4,True
D,11,88,296,4,True
D,11,89,295,4,True
D,11,90,294,4,True
D,11,91,294,4,True
D,11,92,294,4,True
D,11,93,294,4,True
D,11,94,294,4,True
D,11,95,294,4,True
D,11,96,294,4,True
D,11,97,294,4,True
D,11,98,294,4,True
D,11,99,294,4,True
D,11,100,294,4,True
D,11,101,294,4,True
D,11,102,294,4,True
D,11,103,294,4,True
D,11,104,294,4,True
D,11,105,294,4,True
D,11,106,294,4,True
D,11,107,294,4,True
D,11,108,294,4,True
D,11,109,294,4,True
D,11,110,294,4,True
D,11,111,294,4,True
D,11,112,294,4,True
D,11,113,294,4,True
D,11,114,294,4,True
D,11,115,294,4,True
D,11,116,294,4,True
D,11,117,294,4,True
D,11,118,294,4,True
D,11,119,294,4,True
D,11,120,294,4,True
D,11,121,294,4,True
D,11,122,294,4,True
D,11,123,294,4,True
D,11,124,294,4,True
D,11,125,294,4,True
D,11,126,294,4,True
D,11,127,294,4,True
D,11,128,294,4,True
D,11,129,294,4,True
D,11,130,294,4,True
D,11,131,294,4,True
D,11,132,294,4,True
D,11,133,294,4,True
D,11,134,294,4,True
D,11,135,294,4,True
D,11,136,294,4,True
D,11,137,294,4,True
D,11,138,294,4,True
D,11,139,294,4,True
D,11,140,294,4,True
D,11,141,294,4,True
D,11,142,294,4,True
D,11,143,294,4,True
D,11,144,294,4,True
D,11,145,294,4,True
D,11,146,294,4,True
D,11,147,294,4,True
D,11,148,294,4,True
D,11,149,294,4,True
D,11,150,294,4,True
D,11,151,294,4,True
D,11,152,294,4,True
D,11,153,294,4,True
D,11,154,294,4,True
D,11,155,294,4,True
D,11,156,294,4,True
D,11,157,294,4,True
D,11,158,294,4,True
D,11,159,294,4,True
D,11,160,294,4,True
D,11,161,294,4,True
D,11,162,294,4,True
D,11,163,294,4,True
D,11,164,294,4,True
D,11,165,294,4,True
D,11,166,294,4,True
D,11,167,294,4,True
D,11,168,294,4,True
D,11,169,294,4,True
D,11,170,294,4,True
D,11,171,294,4,True
D,11,172,294,4,True
D,11,173,294,4,True
D,11,174,294,4,True
D,11,175,294,4,True
D,11,176,294,4,True
D,11,177,294,4,True
D,11,178,294,4,True
D,11,179,294,4,True
D,11,180,294,4,True
D,11,181,294,4,True
D,11,182,294,4,True
D,11,183,294,4,True
D,11,184,294,4,True
D,11,185,294,4,True
D,11,186,294,4,True
D,11,187,294,4,True
D,11,188,294,4,True
D,11,189,294,4,True
D,11,190,294,4,True
D,11,191,294,4,True
D,11,192,294,4,True
D,11,193,294,4,True
D,11,194,294,4,True
D,11,195,294,4,True
D,11,196,294,4,True
D,11,197,294,4,True
D,11,198,294,4,True
D,11,199,294,4,True
D,11,200,294,4,True
D,11,201,294,4,True
D,11,202,294,4,True
D,11,203,294,4,True
D,11,204,294,4,True
D,11,205,294,4,True
D,11,206,294,4,True
D,11,207,294,4,True
D,11,208,294,4,True
D,11,209,294,4,True
D,11,210,294,4,True
D,11,211,294,4,True
D,11,212,294,4,True
D,11,213,294,4,True
D,11,214,294,4,True
D,11,215,294,4,True
D,11,216,294,4,True
D,11,217,294,4,True
D,11,218,294,4,True
D,11,219,294,4,True
D,11,220,294,4,True
D,11,221,294,4,True
D,11,222,294,4,True
D,11,223,294,4,True
D,11,224,294,4,True
D,11,225,294,4,True
D,11,226,294,4,True
D,11,227,294,4,True
D,11,228,294,4,True
D,11,229,294,4,True
D,11,230,294,4,True
D,11,231,294,4,True
D,11,232,294,4,True
D,11,233,294,4,True
D,11,234,294,4,True
D,11,235,294,4,True
D,11,236,294,4,True
D,11,237,294,4,True
D,11,238,294,4,True
D,11,239,294,4,True
D,11,240,294,4,True
D,11,241,294,4,True
D,11,242,294,4,True
D,11,243,292,4,True
D,11,244,292,4,True
D,11,245,290,4,True
D,11,246,290,4,True
D,11,247,290,4,True
D,11,248,290,4,True
D,11,249,290,4,True
D,11,250,290,4,True
D,11,251,290,4,True
D,11,252,290,4,True
D,11,253,290,4,True
D,11,254,290,4,True
D,11,255,290,4,True
D,11,256,290,4,True
D,11,257,290,4,True
D,11,258,290,4,True
D,11,259,290,4,True
D,11,260,290,4,True
D,11,261,290,4,True
D,11,262,290,4,True
D,11,263,290,4,True
D,11,264,290,4,True
D,11,265,290,4,True
D,11,266,290,4,True
D,11,267,290,4,True
D,11,268,290,4,True
D,11,269,290,4,True
D,11,270,290,4,True
D,11,271,290,4,True
D,11,272,290,4,True
D,11,273,290,4,True
D,11,274,290,4,True
D,11,275,290,4,True
D,11,276,290,4,True
D,11,277,290,4,True
D,11,278,290,4,True
D,11,279,290,4,True
D,11,280,290,4,True
D,11,281,290,4,True
D,11,282,290,4,True
D,11,283,290,4,True
D,11,284,290,4,True
D,11,285,290,4,True
D,11,286,290,4,True
D,11,287,290,4,True
D,11,288,290,4,True
D,11,289,290,4,True
D,11,290,290,4,True
D,11,291,290,4,True
D,11,292,290,4,True
D,11,293,290,4,True
D,11,294,290,4,True
D,11,295,290,4,True
D,11,296,290,4,True
D,11,297,290,4,True
D,11,298,290,4,True
D,11,299,290,4,True
D,11,300,290,4,True
D,11,301,290,4,True
D,11,302,290,4,True
D,11,303,290,4,True
D,11,304,290,4,True
D,11,305,290,4,True
D,11,306,290,4,True
D,11,307,290,4,True
D,11,308,290,4,True
D,11,309,290,4,True
D,11,310,290,4,True
D,11,311,290,4,True
D,11,312,290,4,True
D,11,313,290,4,True
D,11,314,290,4,True
D,11,315,290,4,True
D,11,316,290,4,True
D,11,317,290,4,True
D,11,318,290,4,True
D,11,319,290,4,True
D,11,320,290,4,True
D,11,321,290,4,True
D,11,322,290,4,True
D,11,323,290,4,True
D,11,324,290,4,True
D,11,325,290,4,True
D,11,326,290,4,True
D,11,327,290,4,True
D,11,328,290,4,True
D,11,329,290,4,True
D,11,330,290,4,True
D,11,331,290,4,True
D,11,332,290,4,True
D,11,333,290,4,True
D,11,334,290,4,True
D,11,335,290,4,True
D,11,336,290,4,True
D,11,337,290,4,True
D,11,338,290,4,True
D,11,339,290,4,True
D,11,340,290,4,True
D,11,341,290,4,True
D,11,342,290,4,True
D,11,343,290,4,True
D,11,344,290,4,True
D,11,345,290,4,True
D,11,346,290,4,True
D,11,347,290,4,True
D,11,348,290,4,True
D,11,349,290,4,True
D,11,350,290,4,True
D,11,351,290,4,True
D,11,352,290,4,True
D,11,353,290,4,True
D,11,354,290,4,True
D,11,355,290,4,True
D,11,356,290,4,True
D,11,357,290,4,True
D,11,358,290,4,True
D,11,359,290,4,True
D,11,360,290,4,True
D,11,361,290,4,True
D,11,362,290,4,True
D,11,363,290,4,True
D,11,364,290,4,True
D,11,365,290,4,True
D,11,366,290,4,True
D,11,367,290,4,True
D,11,368,290,4,True
D,11,369,290,4,True
D,11,370,290,4,True
D,11,371,290,4,True
D,11,372,290,4,True
D,11,373,290,4,True
D,11,374,290,4,True
D,11,375,290,4,True
D,11,376,290,4,True
D,11,377,290,4,True
D,11,378,290,4,True
D,11,379,290,4,True
D,11,380,290,4,True
D,11,381,290,4,True
D,11,382,290,4,True
D,11,383,290,4,True
D,11,384,290,4,True
D,11,385,290,4,True
D,11,386,290,4,True
D,11,387,290,4,True
D,11,388,290,4,True
D,11,389,290,4,True
D,11,390,290,4,True
D,11,391,290,4,True
D,11,392,290,4,True
D,11,393,290,4,True
D,11,394,290,4,True
D,11,395,290,4,True
D,11,396,290,4,True
D,11,397,290,4,True
D,11,398,290,4,True
D,11,399,290,4,True
D,11,400,290,4,True
D,11,401,290,4,True
D,11,402,290,4,True
D,11,403,290,4,True
D,11,404,290,4,True
D,11,405,290,4,True
D,11,406,290,4,True
D,11,407,290,4,True
D,11,408,290,4,True
D,11,409,290,4,True
D,11,410,290,4,True
D,11,411,290,4,True
D,11,412,290,4,True
D,11,413,290,4,True
D,11,414,290,4,True
D,11,415,290,4,True
D,11,416,290,4,True
D,11,417,290,4,True
D,11,418,290,4,True
D,11,419,290,4,True
D,11,420,290,4,True
D,11,421,290,4,True
D,11,422,290,4,True
D,11,423,290,4,True
D,11,424,290,4,True
D,11,425,290,4,True
D,11,426,290,4,True
D,11,427,290,4,True
D,11,428,290,4,True
D,11,429,290,4,True
D,11,430,290,4,True
D,11,431,290,4,True
D,11,432,290,4,True
D,11,433,290,4,True
D,11,434,290,4,True
D,11,435,290,4,True
D,11,436,290,4,True
D,11,437,290,4,True
D,11,438,290,4,True
D,11,439,290,4,True
D,11,440,290,4,True
D,11,441,290,4,True
D,11,442,290,4,True
D,11,443,290,4,True
D,11,444,290,4,True
D,11,445,290,4,True
D,11,446,290,4,True
D,11,447,290,4,True
D,11,448,290,4,True
D,11,449,290,4,True
D,11,450,290,4,True
D,11,451,290,4,True
D,11,452,290,4,True
D,11,453,290,4,True
D,11,454,290,4,True
D,11,455,290,4,True
D,11,456,290,4,True
D,11,457,290,4,True
D,11,458,290,4,True
D,11,459,290,4,True
D,11,460,290,4,True
D,11,461,290,4,True
D,11,462,290,4,True
D,11,463,290,4,True
D,11,464,290,4,True
D,11,465,290,4,True
D,11,466,290,4,True
D,11,467,290,4,True
D,11,468,290,4,True
D,11,469,290,4,True
D,11,470,290,4,True
D,11,471,290,4,True
D,11,472,290,4,True
D,11,473,290,4,True
D,11,474,290,4,True
D,11,475,290,4,True
D,11,476,290,4,True
D,11,477,290,4,True
D,11,478,290,4,True
D,11,479,290,4,True
D,11,480,290,4,True
D,11,481,290,4,True
D,11,482,290,4,True
D,11,483,290,4,True
D,11,484,290,4,True
D,11,485,290,4,True
D,11,486,290,4,True
D,11,487,290,4,True
D,11,488,290,4,True
D,11,489,290,4,True
D,11,490,290,4,True
D,11,491,290,4,True
D,11,492,290,4,True
D,11,493,290,4,True
D,11,494,290,4,True
D,11,495,290,4,True
D,11,496,290,4,True
D,11,497,290,4,True
D,11,498,290,4,True
D,11,499,290,4,True
D,11,500,290,4,True
D,11,501,290,4,True
D,11,502,290,4,True
D,11,503,290,4,True
D,11,504,290,4,True
D,11,505,290,4,True
D,11,506,290,4,True
D,11,507,290,4,True
D,11,508,290,4,True
D,11,509,290,4,True
D,11,510,290,4,True
D,11,511,290,4,True
D,11,512,290,4,True
D,11,513,290,4,True
D,11,514,290,4,True
D,11,515,290,4,True
D,11,516,290,4,True
D,11,517,290,4,True
D,11,518,290,4,True
D,11,519,290,4,True
D,11,520,290,4,True
D,11,521,290,4,True
D,11,522,290,4,True
D,11,523,290,4,True
D,11,524,290,4,True
D,11,525,290,4,True
D,11,526,290,4,True
D,11,527,290,4,True
D,11,528,290,4,True
D,11,529,290,4,True
D,11,530,290,4,True
D,11,531,290,4,True
D,11,532,290,4,True
D,11,533,290,4,True
D,11,534,290,4,True
D,11,535,290,4,True
D,11,536,290,4,True
D,11,537,290,4,True
D,11,538,290,4,True
D,11,539,290,4,True
D,11,540,290,4,True
D,11,541,290,4,True
D,11,542,290,4,True
D,11,543,290,4,True
D,11,544,290,4,True
D,11,545,290,4,True
D,11,546,290,4,True
D,11,547,290,4,True
D,11,548,290,4,True
D,11,549,290,4,True
D,11,550,290,4,True
D,11,551,290,4,True
D,11,552,290,4,True
D,11,553,290,4,True
D,11,554,290,4,True
D,11,555,290,4,True
D,11,556,290,4,True
D,11,557,290,4,True
D,11,558,290,4,True
D,11,559,290,4,True
D,11,560,290,4,True
D,11,561,290,4,True
D,11,562,290,4,True
D,11,563,290,4,True
D,11,564,290,4,True
D,11,565,290,4,True
D,11,566,290,4,True
D,11,567,290,4,True
D,11,568,290,4,True
D,11,569,290,4,True
D,11,570,290,4,True
D,11,571,290,4,True
D,11,572,290,4,True
D,11,573,290,4,True
D,11,574,290,4,True
D,11,575,290,4,True
D,11,576,290,4,True
D,11,577,290,4,True
D,11,578,290,4,True
D,11,579,290,4,True
D,11,580,290,4,True
D,11,581,290,4,True
D,11,582,290,4,True
D,11,583,290,4,True
D,11,584,290,4,True
D,11,585,290,4,True
D,11,586,290,4,True
D,11,587,290,4,True
D,11,588,290,4,True
D,11,589,290,4,True
D,11,590,290,4,True
D,11,591,290,4,True
D,11,592,290,4,True
D,11,593,290,4,True
D,11,594,290,4,True
D,11,595,290,4,True
D,11,596,290,4,True
D,11,597,290,4,True
D,11,598,290,4,True
D,11,599,290,4,True
D,11,600,290,4,True
D,11,601,290,4,True
D,11,602,290,4,True
D,11,603,290,4,True
D,11,604,290,4,True
D,11,605,290,4,True
D,11,606,290,4,True
D,11,607,290,4,True
D,11,608,290,4,True
D,11,609,290,4,True
D,11,610,290,4,True
D,11,611,290,4,True
D,11,612,290,4,True
D,11,613,290,4,True
D,11,614,290,4,True
D,11,615,290,4,True
D,11,616,290,4,True
D,11,617,290,4,True
D,11,618,290,4,True
D,11,619,290,4,True
D,11,620,290,4,True
D,11,621,290,4,True
D,11,622,290,4,True
D,11,623,290,4,True
D,11,624,290,4,True
D,11,625,290,4,True
D,11,626,290,4,True
D,11,627,290,4,True
D,11,628,290,4,True
D,11,629,290,4,True
D,11,630,290,4,True
D,11,631,290,4,True
D,11,632,290,4,True
D,11,633,290,4,True
D,11,634,290,4,True
D,11,635,290,4,True
D,11,636,290,4,True
D,11,637,290,4,True
D,11,638,290,4,True
D,11,639,290,4,True
D,11,640,290,4,True
D,11,641,290,4,True
D,11,642,290,4,True
D,11,643,290,4,True
D,11,644,290,4,True
D,11,645,290,4,True
D,11,646,290,4,True
D,11,647,290,4,True
D,11,648,290,4,True
D,11,649,290,4,True
D,11,650,290,4,True
D,11,651,290,4,True
D,11,652,290,4,True
D,11,653,290,4,True
D,11,654,290,4,True
D,11,655,290,4,True
D,11,656,290,4,True
D,11,657,290,4,True
D,11,658,290,4,True
D,11,659,290,4,True
D,11,660,290,4,True
D,11,661,290,4,True
D,11,662,290,4,True
D,11,663,290,4,True
D,11,664,290,4,True
D,11,665,290,4,True
D,11,666,290,4,True
D,11,667,290,4,True
D,11,668,290,4,True
D,11,669,290,4,True
D,11,670,290,4,True
D,11,671,290,4,True
D,11,672,290,4,True
D,11,673,290,4,True
D,11,674,290,4,True
D,11,675,290,4,True
D,11,676,290,4,True
D,11,677,290,4,True
D,11,678,290,4,True
D,11,679,290,4,True
D,11,680,290,4,True
D,11,681,290,4,True
D,11,682,290,4,True
D,11,683,290,4,True
D,11,684,290,4,True
D,11,685,290,4,True
D,11,686,290,4,True
D,11,687,290,4,True
D,11,688,290,4,True
D,11,689,290,4,True
D,11,690,290,4,True
D,11,691,290,4,True
D,11,692,290,4,True
D,11,693,290,4,True
D,11,694,290,4,True
D,11,695,290,4,True
D,11,696,290,4,True
D,11,697,290,4,True
D,11,698,290,4,True
D,11,699,290,4,True
D,11,700,290,4,True
D,11,701,290,4,True
D,11,702,290,4,True
D,11,703,290,4,True
D,11,704,290,4,True
D,11,705,290,4,True
D,11,706,290,4,True
D,11,707,290,4,True
D,11,708,290,4,True
D,11,709,290,4,True
D,11,710,290,4,True
D,11,711,290,4,True
D,11,712,290,4,True
D,11,713,290,4,True
D,11,714,290,4,True
D,11,715,290,4,True
D,11,716,290,4,True
D,11,717,290,4,True
D,11,718,290,4,True
D,11,719,290,4,True
D,11,720,290,4,True
D,11,721,290,4,True
D,11,722,290,4,True
D,11,723,290,4,True
D,11,724,290,4,True
D,11,725,290,4,True
D,11,726,290,4,True
D,11,727,290,4,True
D,11,728,290,4,True
D,11,729,290,4,True
D,11,730,290,4,True
D,11,731,290,4,True
D,11,732,290,4,True
D,11,733,290,4,True
D,11,734,290,4,True
D,11,735,290,4,True
D,11,736,290,4,True
D,11,737,290,4,True
D,11,738,290,4,True
D,11,739,290,4,True
D,11,740,290,4,True
D,11,741,290,4,True
D,11,742,290,4,True
D,11,743,290,4,True
D,11,744,290,4,True
D,11,745,290,4,True
D,11,746,290,4,True
D,11,747,290,4,True
D,11,748,290,4,True
D,11,749,290,4,True
D,11,750,290,4,True
D,11,751,290,4,True
D,11,752,290,4,True
D,11,753,290,4,True
D,11,754,290,4,True
D,11,755,290,4,True
D,11,756,290,4,True
D,11,757,290,4,True
D,11,758,290,4,True
D,11,759,290,4,True
D,11,760,290,4,True
D,11,761,290,4,True
D,11,762,290,4,True
D,11,763,290,4,True
D,11,764,290,4,True
D,11,765,290,4,True
D,11,766,290,4,True
D,11,767,290,4,True
D,11,768,290,4,True
D,11,769,290,4,True
D,11,770,290,4,True
D,11,771,290,4,True
D,11,772,290,4,True
D,11,773,290,4,True
D,11,774,290,4,True
D,11,775,290,4,True
D,11,776,290,4,True
D,11,777,290,4,True
D,11,778,290,4,True
D,11,779,290,4,True
D,11,780,290,4,True
D,11,781,290,4,True
D,11,782,290,4,True
D,11,783,290,4,True
D,11,784,290,4,True
D,11,785,290,4,True
D,11,786,290,4,True
D,11,787,290,4,True
D,11,788,290,4,True
D,11,789,290,4,True
D,11,790,290,4,True
D,11,791,290,4,True
D,11,792,290,4,True
D,11,793,290,4,True
D,11,794,290,4,True
D,11,795,290,4,True
D,11,796,290,4,True
D,11,797,290,4,True
D,11,798,290,4,True
D,11,799,290,4,True
D,11,800,290,4,True
D,11,801,290,4,True
D,11,802,290,4,True
D,11,803,290,4,True
D,11,804,290,4,True
D,11,805,290,4,True
D,11,806,290,4,True
D,11,807,290,4,True
D,11,808,290,4,True
D,11,809,290,4,True
D,11,810,290,4,True
D,11,811,290,4,True
D,11,812,290,4,True
D,11,813,290,4,True
D,11,814,290,4,True
D,11,815,290,4,True
D,11,816,290,4,True
D,11,817,290,4,True
D,11,818,290,4,True
D,11,819,290,4,True
D,11,820,290,4,True
D,11,821,290,4,True
D,11,822,290,4,True
D,11,823,290,4,True
D,11,824,290,4,True
D,11,825,290,4,True
D,11,826,290,4,True
D,11,827,290,4,True
D,11,828,290,4,True
D,11,829,290,4,True
D,11,830,290,4,True
D,11,831,290,4,True
D,11,832,290,4,True
D,11,833,290,4,True
D,11,834,290,4,True
D,11,835,290,4,True
D,11,836,290,4,True
D,11,837,290,4,True
D,11,838,290,4,True
D,11,839,290,4,True
D,11,840,290,4,True
D,11,841,290,4,True
D,11,842,290,4,True
D,11,843,290,4,True
D,11,844,290,4,True
D,11,845,290,4,True
D,11,846,290,4,True
D,11,847,290,4,True
D,11,848,290,4,True
D,11,849,290,4,True
D,11,850,290,4,True
D,11,851,290,4,True
D,11,852,290,4,True
D,11,853,290,4,True
D,11,854,290,4,True
D,11,855,290,4,True
D,11,856,290,4,True
D,11,857,290,4,True
D,11,858,290,4,True
D,11,859,290,4,True
D,11,860,290,4,True
D,11,861,290,4,True
D,11,862,290,4,True
D,11,863,290,4,True
D,11,864,290,4,True
D,11,865,290,4,True
D,11,866,290,4,True
D,11,867,290,4,True
D,11,868,290,4,True
D,11,869,290,4,True
D,11,870,290,4,True
D,11,871,290,4,True
D,11,872,290,4,True
D,11,873,290,4,True
D,11,874,290,4,True
D,11,875,290,4,True
D,11,876,290,4,True
D,11,877,290,4,True
D,11,878,290,4,True
D,11,879,290,4,True
D,11,880,290,4,True
D,11,881,290,4,True
D,11,882,290,4,True
D,11,883,290,4,True
D,11,884,290,4,True
D,11,885,290,4,True
D,11,886,290,4,True
D,11,887,290,4,True
D,11,888,290,4,True
D,11,889,290,4,True
D,11,890,290,4,True
D,11,891,290,4,True
D,11,892,290,4,True
D,11,893,290,4,True
D,11,894,290,4,True
D,11,895,290,4,True
D,11,896,290,4,True
D,11,897,290,4,True
D,11,898,290,4,True
D,11,899,290,4,True
D,11,900,290,4,True
D,11,901,290,4,True
D,11,902,290,4,True
D,11,903,290,4,True
D,11,904,290,4,True
D,11,905,290,4,True
D,11,906,290,4,True
D,11,907,290,4,True
D,11,908,290,4,True
D,11,909,290,4,True
D,11,910,290,4,True
D,11,911,290,4,True
D,11,912,290,4,True
D,11,913,290,4,True
D,11,914,290,4,True
D,11,915,290,4,True
D,11,916,290,4,True
D,11,917,290,4,True
D,11,918,290,4,True
D,11,919,290,4,True
D,11,920,290,4,True
D,11,921,290,4,True
D,11,922,290,4,True
D,11,923,290,4,True
D,11,924,290,4,True
D,11,925,290,4,True
D,11,926,290,4,True
D,11,927,290,4,True
D,11,928,290,4,True
D,11,929,290,4,True
D,11,930,290,4,True
D,11,931,290,4,True
D,11,932,290,4,True
D,11,933,290,4,True
D,11,934,290,4,True
D,11,935,290,4,True
D,11,936,290,4,True
D,11,937,290,4,True
D,11,938,290,4,True
D,11,939,290,4,True
D,11,940,290,4,True
D,11,941,290,4,True
D,11,942,290,4,True
D,11,943,290,4,True
D,11,944,290,4,True
D,11,945,290,4,True
D,11,946,290,4,True
D,11,947,290,4,True
D,11,948,290,4,True
D,11,949,290,4,True
D,11,950,290,4,True
D,11,951,290,4,True
D,11,952,290,4,True
D,11,953,290,4,True
D,11,954,290,4,True
D,11,955,290,4,True
D,11,956,290,4,True
D,11,957,290,4,True
D,11,958,290,4,True
D,11,959,290,4,True
D,11,960,290,4,True
D,11,961,290,4,True
D,11,962,290,4,True
D,11,963,290,4,True
D,11,964,290,4,True
D,11,965,290,4,True
D,11,966,290,4,True
D,11,967,290,4,True
D,11,968,290,4,True
D,11,969,290,4,True
D,11,970,290,4,True
D,11,971,290,4,True
D,11,972,290,4,True
D,11,973,290,4,True
D,11,974,290,4,True
D,11,975,290,4,True
D,11,976,290,4,True
D,11,977,290,4,True
D,11,978,290,4,True
D,11,979,290,4,True
D,11,980,290,4,True
D,11,981,290,4,True
D,11,982,290,4,True
D,11,983,290,4,True
D,11,984,290,4,True
D,11,985,290,4,True
D,11,986,290,4,True
D,11,987,290,4,True
D,11,988,290,4,True
D,11,989,290,4,True
D,11,990,290,4,True
D,11,991,290,4,True
D,11,992,290,4,True
D,11,993,290,4,True
D,11,994,290,4,True
D,11,995,290,4,True
D,11,996,290,4,True
D,11,997,290,4,True
D,11,998,290,4,True
D,11,999,290,4,True
D,11,1000,290,4,True
D,12,0,365,4,True
D,12,1,364,4,True
D,12,2,364,4,True
D,12,3,364,4,True
D,12,4,336,4,True
D,12,5,331,4,True
D,12,6,330,4,True
D,12,7,330,4,True
D,12,8,329,4,True
D,12,9,323,4,True
D,12,10,323,4,True
D,12,11,323,4,True
D,12,12,323,4,True
D,12,13,321,4,True
D,12,14,321,4,True
D,12,15,318,4,True
D,12,16,317,4,True
D,12,17,317,4,True
D,12,18,316,4,True
D,12,19,315,4,True
D,12,20,315,4,True
D,12,21,311,4,True
D,12,22,308,4,True
D,12,23,307,4,True
D,12,24,307,4,True
D,12,25,307,4,True
D,12,26,307,4,True
D,12,27,307,4,True
D,12,28,307,4,True
D,12,29,307,4,True
D,12,30,307,4,True
D,12,31,306,4,True
D,12,32,303,4,True
D,12,33,303,4,True
D,12,34,303,4,True
D,12,35,293,4,True
D,12,36,293,4,True
D,12,37,293,4,True
D,12,38,293,4,True
D,12,39,293,4,True
D,12,40,293,4,True
D,12,41,293,4,True
D,12,42,293,4,True
D,12,43,292,4,True
D,12,44,291,4,True
D,12,45,288,4,True
D,12,46,288,4,True
D,12,47,288,4,True
D,12,48,286,4,True
D,12,49,286,4,True
D,12,50,286,4,True
D,12,51,286,4,True
D,12,52,286,4,True
D,12,53,286,4,True
D,12,54,286,4,True
D,12,55,286,4,True
D,12,56,286,4,True
D,12,57,286,4,True
D,12,58,286,4,True
D,12,59,286,4,True
D,12,60,286,4,True
D,12,61,286,4,True
D,12,62,286,4,True
D,12,63,286,4,True
D,12,64,286,4,True
D,12,65,286,4,True
D,12,66,286,4,True
D,12,67,286,4,True
D,12,68,286,4,True
D,12,69,286,4,True
D,12,70,286,4,True
D,12,71,286,4,True
D,12,72,286,4,True
D,12,73,286,4,True
D,12,74,286,4,True
D,12,75,286,4,True
D,12,76,286,4,True
D,12,77,286,4,True
D,12,78,286,4,True
D,12,79,286,4,True
D,12,80,286,4,True
D,12,81,286,4,True
D,12,82,286,4,True
D,12,83,286,4,True
D,12,84,286,4,True
D,12,85,286,4,True
D,12,86,286,4,True
D,12,87,286,4,True
D,12,88,286,4,True
D,12,89,286,4,True
D,12,90,286,4,True
D,12,91,286,4,True
D,12,92,286,4,True
D,12,93,286,4,True
D,12,94,286,4,True
D,12,95,286,4,True
D,12,96,286,4,True
D,12,97,286,4,True
D,12,98,286,4,True
D,12,99,286,4,True
D,12,100,286,4,True
D,12,101,286,4,True
D,12,102,286,4,True
D,12,103,286,4,True
D,12,104,286,4,True
D,12,105,286,4,True
D,12,106,286,4,True
D,12,107,286,4,True
D,12,108,286,4,True
D,12,109,286,4,True
D,12,110,286,4,True
D,12,111,286,4,True
D,12,112,286,4,True
D,12,113,286,4,True
D,12,114,286,4,True
D,12,115,286,4,True
D,12,116,286,4,True
D,12,117,286,4,True
D,12,118,286,4,True
D,12,119,286,4,True
D,12,120,286,4,True
D,12,121,286,4,True
D,12,122,286,4,True
D,12,123,286,4,True
D,12,124,286,4,True
D,12,125,286,4,True
D,12,126,286,4,True
D,12,127,286,4,True
D,12,128,286,4,True
D,12,129,286,4,True
D,12,130,286,4,True
D,12,131,286,4,True
D,12,132,286,4,True
D,12,133,286,4,True
D,12,134,286,4,True
D,12,135,286,4,True
D,12,136,286,4,True
D,12,137,286,4,True
D,12,138,286,4,True
D,12,139,286,4,True
D,12,140,286,4,True
D,12,141,286,4,True
D,12,142,286,4,True
D,12,143,286,4,True
D,12,144,286,4,True
D,12,145,286,4,True
D,12,146,286,4,True
D,12,147,286,4,True
D,12,148,286,4,True
D,12,149,286,4,True
D,12,150,286,4,True
D,12,151,286,4,True
D,12,152,286,4,True
D,12,153,286,4,True
D,12,154,286,4,True
D,12,155,286,4,True
D,12,156,286,4,True
D,12,157,286,4,True
D,12,158,286,4,True
D,12,159,286,4,True
D,12,160,286,4,True
D,12,161,286,4,True
D,12,162,286,4,True
D,12,163,286,4,True
D,12,164,286,4,True
D,12,165,286,4,True
D,12,166,286,4,True
D,12,167,286,4,True
D,12,168,286,4,True
D,12,169,286,4,True
D,12,170,286,4,True
D,12,171,286,4,True
D,12,172,286,4,True
D,12,173,286,4,True
D,12,174,286,4,True
D,12,175,286,4,True
D,12,176,286,4,True
D,12,177,286,4,True
D,12,178,286,4,True
D,12,179,286,4,True
D,12,180,286,4,True
D,12,181,286,4,True
D,12,182,286,4,True
D,12,183,286,4,True
D,12,184,286,4,True
D,12,185,286,4,True
D,12,186,286,4,True
D,12,187,286,4,True
D,12,188,286,4,True
D,12,189,286,4,True
D,12,190,286,4,True
D,12,191,286,4,True
D,12,192,286,4,True
D,12,193,286,4,True
D,12,194,286,4,True
D,12,195,286,4,True
D,12,196,286,4,True
D,12,197,286,4,True
D,12,198,286,4,True
D,12,199,286,4,True
D,12,200,286,4,True
D,12,201,286,4,True
D,12,202,286,4,True
D,12,203,286,4,True
D,12,204,286,4,True
D,12,205,286,4,True
D,12,206,286,4,True
D,12,207,286,4,True
D,12,208,286,4,True
D,12,209,286,4,True
D,12,210,286,4,True
D,12,211,286,4,True
D,12,212,286,4,True
D,12,213,286,4,True
D,12,214,286,4,True
D,12,215,286,4,True
D,12,216,286,4,True
D,12,217,286,4,True
D,12,218,286,4,True
D,12,219,286,4,True
D,12,220,286,4,True
D,12,221,286,4,True
D,12,222,286,4,True
D,12,223,286,4,True
D,12,224,286,4,True
D,12,225,286,4,True
D,12,226,286,4,True
D,12,227,286,4,True
D,12,228,286,4,True
D,12,229,286,4,True
D,12,230,286,4,True
D,12,231,286,4,True
D,12,232,286,4,True
D,12,233,286,4,True
D,12,234,286,4,True
D,12,235,286,4,True
D,12,236,286,4,True
D,12,237,286,4,True
D,12,238,286,4,True
D,12,239,286,4,True
D,12,240,286,4,True
D,12,241,286,4,True
D,12,242,286,4,True
D,12,243,286,4,True
D,12,244,286,4,True
D,12,245,286,4,True
D,12,246,286,4,True
D,12,247,286,4,True
D,12,248,286,4,True
D,12,249,286,4,True
D,12,250,286,4,True
D,12,251,286,4,True
D,12,252,286,4,True
D,12,253,286,4,True
D,12,254,286,4,True
D,12,255,286,4,True
D,12,256,286,4,True
D,12,257,286,4,True
D,12,258,286,4,True
D,12,259,286,4,True
D,12,260,286,4,True
D,12,261,286,4,True
D,12,262,286,4,True
D,12,263,286,4,True
D,12,264,286,4,True
D,12,265,286,4,True
D,12,266,286,4,True
D,12,267,286,4,True
D,12,268,286,4,True
D,12,269,286,4,True
D,12,270,286,4,True
D,12,271,286,4,True
D,12,272,286,4,True
D,12,273,286,4,True
D,12,274,286,4,True
D,12,275,286,4,True
D,12,276,286,4,True
D,12,277,286,4,True
D,12,278,286,4,True
D,12,279,286,4,True
D,12,280,286,4,True
D,12,281,286,4,True
D,12,282,286,4,True
D,12,283,286,4,True
D,12,284,286,4,True
D,12,285,286,4,True
D,12,286,286,4,True
D,12,287,286,4,True
D,12,288,286,4,True
D,12,289,286,4,True
D,12,290,286,4,True
D,12,291,286,4,True
D,12,292,286,4,True
D,12,293,286,4,True
D,12,294,286,4,True
D,12,295,286,4,True
D,12,296,286,4,True
D,12,297,286,4,True
D,12,298,286,4,True
D,12,299,286,4,True
D,12,300,286,4,True
D,12,301,286,4,True
D,12,302,286,4,True
D,12,303,286,4,True
D,12,304,286,4,True
D,12,305,286,4,True
D,12,306,286,4,True
D,12,307,286,4,True
D,12,308,286,4,True
D,12,309,286,4,True
D,12,310,286,4,True
D,12,311,286,4,True
D,12,312,286,4,True
D,12,313,286,4,True
D,12,314,286,4,True
D,12,315,286,4,True
D,12,316,286,4,True
D,12,317,286,4,True
D,12,318,286,4,True
D,12,319,286,4,True
D,12,320,286,4,True
D,12,321,286,4,True
D,12,322,286,4,True
D,12,323,286,4,True
D,12,324,286,4,True
D,12,325,286,4,True
D,12,326,286,4,True
D,12,327,286,4,True
D,12,328,286,4,True
D,12,329,286,4,True
D,12,330,286,4,True
D,12,331,286,4,True
D,12,332,286,4,True
D,12,333,286,4,True
D,12,334,286,4,True
D,12,335,286,4,True
D,12,336,286,4,True
D,12,337,286,4,True
D,12,338,280,4,True
D,12,339,280,4,True
D,12,340,280,4,True
D,12,341,280,4,True
D,12,342,280,4,True
D,12,343,280,4,True
D,12,344,280,4,True
D,12,345,280,4,True
D,12,346,280,4,True
D,12,347,280,4,True
D,12,348,280,4,True
D,12,349,280,4,True
D,12,350,280,4,True
D,12,351,280,4,True
D,12,352,280,4,True
D,12,353,280,4,True
D,12,354,280,4,True
D,12,355,280,4,True
D,12,356,280,4,True
D,12,357,280,4,True
D,12,358,280,4,True
D,12,359,280,4,True
D,12,360,280,4,True
D,12,361,280,4,True
D,12,362,280,4,True
D,12,363,280,4,True
D,12,364,280,4,True
D,12,365,280,4,True
D,12,366,280,4,True
D,12,367,280,4,True
D,12,368,280,4,True
D,12,369,280,4,True
D,12,370,280,4,True
D,12,371,280,4,True
D,12,372,280,4,True
D,12,373,280,4,True
D,12,374,280,4,True
D,12,375,280,4,True
D,12,376,280,4,True
D,12,377,280,4,True
D,12,378,280,4,True
D,12,379,280,4,True
D,12,380,280,4,True
D,12,381,280,4,True
D,12,382,280,4,True
D,12,383,280,4,True
D,12,384,280,4,True
D,12,385,280,4,True
D,12,386,280,4,True
D,12,387,280,4,True
D,12,388,280,4,True
D,12,389,280,4,True
D,12,390,280,4,True
D,12,391,280,4,True
D,12,392,280,4,True
D,12,393,280,4,True
D,12,394,280,4,True
D,12,395,280,4,True
D,12,396,280,4,True
D,12,397,280,4,True
D,12,398,280,4,True
D,12,399,280,4,True
D,12,400,280,4,True
D,12,401,280,4,True
D,12,402,280,4,True
D,12,403,280,4,True
D,12,404,280,4,True
D,12,405,280,4,True
D,12,406,280,4,True
D,12,407,280,4,True
D,12,408,280,4,True
D,12,409,280,4,True
D,12,410,280,4,True
D,12,411,280,4,True
D,12,412,280,4,True
D,12,413,280,4,True
D,12,414,280,4,True
D,12,415,280,4,True
D,12,416,280,4,True
D,12,417,280,4,True
D,12,418,280,4,True
D,12,419,280,4,True
D,12,420,280,4,True
D,12,421,280,4,True
D,12,422,280,4,True
D,12,423,280,4,True
D,12,424,280,4,True
D,12,425,280,4,True
D,12,426,280,4,True
D,12,427,280,4,True
D,12,428,280,4,True
D,12,429,280,4,True
D,12,430,280,4,True
D,12,431,280,4,True
D,12,432,280,4,True
D,12,433,280,4,True
D,12,434,280,4,True
D,12,435,280,4,True
D,12,436,280,4,True
D,12,437,280,4,True
D,12,438,280,4,True
D,12,439,280,4,True
D,12,440,280,4,True
D,12,441,280,4,True
D,12,442,280,4,True
D,12,443,280,4,True
D,12,444,280,4,True
D,12,445,280,4,True
D,12,446,280,4,True
D,12,447,280,4,True
D,12,448,280,4,True
D,12,449,280,4,True
D,12,450,280,4,True
D,12,451,280,4,True
D,12,452,280,4,True
D,12,453,280,4,True
D,12,454,280,4,True
D,12,455,280,4,True
D,12,456,280,4,True
D,12,457,280,4,True
D,12,458,280,4,True
D,12,459,280,4,True
D,12,460,280,4,True
D,12,461,280,4,True
D,12,462,280,4,True
D,12,463,280,4,True
D,12,464,280,4,True
D,12,465,280,4,True
D,12,466,280,4,True
D,12,467,280,4,True
D,12,468,280,4,True
D,12,469,280,4,True
D,12,470,280,4,True
D,12,471,280,4,True
D,12,472,280,4,True
D,12,473,280,4,True
D,12,474,280,4,True
D,12,475,280,4,True
D,12,476,280,4,True
D,12,477,280,4,True
D,12,478,280,4,True
D,12,479,280,4,True
D,12,480,280,4,True
D,12,481,280,4,True
D,12,482,280,4,True
D,12,483,280,4,True
D,12,484,280,4,True
D,12,485,280,4,True
D,12,486,280,4,True
D,12,487,280,4,True
D,12,488,280,4,True
D,12,489,280,4,True
D,12,490,280,4,True
D,12,491,280,4,True
D,12,492,280,4,True
D,12,493,280,4,True
D,12,494,280,4,True
D,12,495,280,4,True
D,12,496,280,4,True
D,12,497,280,4,True
D,12,498,280,4,True
D,12,499,280,4,True
D,12,500,280,4,True
D,12,501,280,4,True
D,12,502,280,4,True
D,12,503,280,4,True
D,12,504,280,4,True
D,12,505,280,4,True
D,12,506,280,4,True
D,12,507,280,4,True
D,12,508,280,4,True
D,12,509,280,4,True
D,12,510,280,4,True
D,12,511,280,4,True
D,12,512,280,4,True
D,12,513,280,4,True
D,12,514,280,4,True
D,12,515,280,4,True
D,12,516,280,4,True
D,12,517,280,4,True
D,12,518,280,4,True
D,12,519,280,4,True
D,12,520,280,4,True
D,12,521,280,4,True
D,12,522,280,4,True
D,12,523,280,4,True
D,12,524,280,4,True
D,12,525,280,4,True
D,12,526,280,4,True
D,12,527,280,4,True
D,12,528,280,4,True
D,12,529,280,4,True
D,12,530,280,4,True
D,12,531,280,4,True
D,12,532,280,4,True
D,12,533,280,4,True
D,12,534,280,4,True
D,12,535,280,4,True
D,12,536,280,4,True
D,12,537,280,4,True
D,12,538,280,4,True
D,12,539,280,4,True
D,12,540,280,4,True
D,12,541,280,4,True
D,12,542,280,4,True
D,12,543,280,4,True
D,12,544,280,4,True
D,12,545,280,4,True
D,12,546,280,4,True
D,12,547,280,4,True
D,12,548,280,4,True
D,12,549,280,4,True
D,12,550,280,4,True
D,12,551,280,4,True
D,12,552,280,4,True
D,12,553,280,4,True
D,12,554,280,4,True
D,12,555,280,4,True
D,12,556,280,4,True
D,12,557,280,4,True
D,12,558,280,4,True
D,12,559,280,4,True
D,12,560,280,4,True
D,12,561,280,4,True
D,12,562,280,4,True
D,12,563,280,4,True
D,12,564,280,4,True
D,12,565,280,4,True
D,12,566,280,4,True
D,12,567,280,4,True
D,12,568,280,4,True
D,12,569,280,4,True
D,12,570,280,4,True
D,12,571,280,4,True
D,12,572,280,4,True
D,12,573,280,4,True
D,12,574,280,4,True
D,12,575,280,4,True
D,12,576,280,4,True
D,12,577,280,4,True
D,12,578,280,4,True
D,12,579,280,4,True
D,12,580,280,4,True
D,12,581,280,4,True
D,12,582,280,4,True
D,12,583,280,4,True
D,12,584,280,4,True
D,12,585,280,4,True
D,12,586,280,4,True
D,12,587,280,4,True
D,12,588,280,4,True
D,12,589,280,4,True
D,12,590,280,4,True
D,12,591,280,4,True
D,12,592,280,4,True
D,12,593,280,4,True
D,12,594,280,4,True
D,12,595,280,4,True
D,12,596,280,4,True
D,12,597,280,4,True
D,12,598,280,4,True
D,12,599,280,4,True
D,12,600,280,4,True
D,12,601,280,4,True
D,12,602,280,4,True
D,12,603,280,4,True
D,12,604,280,4,True
D,12,605,280,4,True
D,12,606,280,4,True
D,12,607,280,4,True
D,12,608,280,4,True
D,12,609,280,4,True
D,12,610,280,4,True
D,12,611,280,4,True
D,12,612,280,4,True
D,12,613,280,4,True
D,12,614,280,4,True
D,12,615,280,4,True
D,12,616,280,4,True
D,12,617,280,4,True
D,12,618,280,4,True
D,12,619,280,4,True
D,12,620,280,4,True
D,12,621,280,4,True
D,12,622,280,4,True
D,12,623,280,4,True
D,12,624,280,4,True
D,12,625,280,4,True
D,12,626,280,4,True
D,12,627,280,4,True
D,12,628,280,4,True
D,12,629,280,4,True
D,12,630,280,4,True
D,12,631,280,4,True
D,12,632,280,4,True
D,12,633,280,4,True
D,12,634,280,4,True
D,12,635,280,4,True
D,12,636,280,4,True
D,12,637,280,4,True
D,12,638,280,4,True
D,12,639,280,4,True
D,12,640,280,4,True
D,12,641,280,4,True
D,12,642,280,4,True
D,12,643,280,4,True
D,12,644,280,4,True
D,12,645,280,4,True
D,12,646,280,4,True
D,12,647,280,4,True
D,12,648,280,4,True
D,12,649,280,4,True
D,12,650,280,4,True
D,12,651,280,4,True
D,12,652,280,4,True
D,12,653,280,4,True
D,12,654,280,4,True
D,12,655,280,4,True
D,12,656,280,4,True
D,12,657,280,4,True
D,12,658,280,4,True
D,12,659,280,4,True
D,12,660,280,4,True
D,12,661,280,4,True
D,12,662,280,4,True
D,12,663,280,4,True
D,12,664,280,4,True
D,12,665,280,4,True
D,12,666,280,4,True
D,12,667,280,4,True
D,12,668,280,4,True
D,12,669,280,4,True
D,12,670,280,4,True
D,12,671,280,4,True
D,12,672,280,4,True
D,12,673,280,4,True
D,12,674,280,4,True
D,12,675,280,4,True
D,12,676,280,4,True
D,12,677,280,4,True
D,12,678,280,4,True
D,12,679,280,4,True
D,12,680,280,4,True
D,12,681,280,4,True
D,12,682,280,4,True
D,12,683,280,4,True
D,12,684,280,4,True
D,12,685,280,4,True
D,12,686,280,4,True
D,12,687,280,4,True
D,12,688,280,4,True
D,12,689,280,4,True
D,12,690,280,4,True
D,12,691,280,4,True
D,12,692,280,4,True
D,12,693,280,4,True
D,12,694,280,4,True
D,12,695,280,4,True
D,12,696,280,4,True
D,12,697,280,4,True
D,12,698,280,4,True
D,12,699,280,4,True
D,12,700,280,4,True
D,12,701,280,4,True
D,12,702,280,4,True
D,12,703,280,4,True
D,12,704,280,4,True
D,12,705,280,4,True
D,12,706,280,4,True
D,12,707,280,4,True
D,12,708,280,4,True
D,12,709,280,4,True
D,12,710,280,4,True
D,12,711,280,4,True
D,12,712,280,4,True
D,12,713,280,4,True
D,12,714,280,4,True
D,12,715,280,4,True
D,12,716,280,4,True
D,12,717,280,4,True
D,12,718,280,4,True
D,12,719,280,4,True
D,12,720,280,4,True
D,12,721,280,4,True
D,12,722,280,4,True
D,12,723,280,4,True
D,12,724,280,4,True
D,12,725,280,4,True
D,12,726,280,4,True
D,12,727,280,4,True
D,12,728,280,4,True
D,12,729,280,4,True
D,12,730,280,4,True
D,12,731,280,4,True
D,12,732,280,4,True
D,12,733,280,4,True
D,12,734,280,4,True
D,12,735,280,4,True
D,12,736,280,4,True
D,12,737,280,4,True
D,12,738,280,4,True
D,12,739,280,4,True
D,12,740,280,4,True
D,12,741,280,4,True
D,12,742,280,4,True
D,12,743,280,4,True
D,12,744,280,4,True
D,12,745,280,4,True
D,12,746,280,4,True
D,12,747,280,4,True
D,12,748,280,4,True
D,12,749,280,4,True
D,12,750,280,4,True
D,12,751,280,4,True
D,12,752,280,4,True
D,12,753,280,4,True
D,12,754,280,4,True
D,12,755,280,4,True
D,12,756,280,4,True
D,12,757,280,4,True
D,12,758,280,4,True
D,12,759,280,4,True
D,12,760,280,4,True
D,12,761,280,4,True
D,12,762,280,4,True
D,12,763,280,4,True
D,12,764,280,4,True
D,12,765,280,4,True
D,12,766,280,4,True
D,12,767,280,4,True
D,12,768,280,4,True
D,12,769,280,4,True
D,12,770,280,4,True
D,12,771,280,4,True
D,12,772,280,4,True
D,12,773,280,4,True
D,12,774,280,4,True
D,12,775,280,4,True
D,12,776,280,4,True
D,12,777,280,4,True
D,12,778,280,4,True
D,12,779,280,4,True
D,12,780,280,4,True
D,12,781,280,4,True
D,12,782,280,4,True
D,12,783,280,4,True
D,12,784,280,4,True
D,12,785,280,4,True
D,12,786,280,4,True
D,12,787,280,4,True
D,12,788,280,4,True
D,12,789,280,4,True
D,12,790,280,4,True
D,12,791,280,4,True
D,12,792,280,4,True
D,12,793,280,4,True
D,12,794,280,4,True
D,12,795,280,4,True
D,12,796,280,4,True
D,12,797,280,4,True
D,12,798,280,4,True
D,12,799,280,4,True
D,12,800,280,4,True
D,12,801,280,4,True
D,12,802,280,4,True
D,12,803,280,4,True
D,12,804,280,4,True
D,12,805,280,4,True
D,12,806,280,4,True
D,12,807,280,4,True
D,12,808,280,4,True
D,12,809,280,4,True
D,12,810,280,4,True
D,12,811,280,4,True
D,12,812,280,4,True
D,12,813,280,4,True
D,12,814,280,4,True
D,12,815,280,4,True
D,12,816,280,4,True
D,12,817,280,4,True
D,12,818,280,4,True
D,12,819,280,4,True
D,12,820,280,4,True
D,12,821,280,4,True
D,12,822,280,4,True
D,12,823,280,4,True
D,12,824,280,4,True
D,12,825,280,4,True
D,12,826,280,4,True
D,12,827,280,4,True
D,12,828,280,4,True
D,12,829,280,4,True
D,12,830,280,4,True
D,12,831,280,4,True
D,12,832,280,4,True
D,12,833,280,4,True
D,12,834,280,4,True
D,12,835,280,4,True
D,12,836,280,4,True
D,12,837,280,4,True
D,12,838,280,4,True
D,12,839,280,4,True
D,12,840,280,4,True
D,12,841,280,4,True
D,12,842,280,4,True
D,12,843,280,4,True
D,12,844,280,4,True
D,12,845,280,4,True
D,12,846,280,4,True
D,12,847,280,4,True
D,12,848,280,4,True
D,12,849,280,4,True
D,12,850,280,4,True
D,12,851,280,4,True
D,12,852,280,4,True
D,12,853,280,4,True
D,12,854,280,4,True
D,12,855,280,4,True
D,12,856,280,4,True
D,12,857,280,4,True
D,12,858,280,4,True
D,12,859,280,4,True
D,12,860,280,4,True
D,12,861,280,4,True
D,12,862,280,4,True
D,12,863,280,4,True
D,12,864,280,4,True
D,12,865,280,4,True
D,12,866,280,4,True
D,12,867,280,4,True
D,12,868,280,4,True
D,12,869,280,4,True
D,12,870,280,4,True
D,12,871,280,4,True
D,12,872,280,4,True
D,12,873,280,4,True
D,12,874,280,4,True
D,12,875,280,4,True
D,12,876,280,4,True
D,12,877,280,4,True
D,12,878,280,4,True
D,12,879,280,4,True
D,12,880,280,4,True
D,12,881,280,4,True
D,12,882,280,4,True
D,12,883,280,4,True
D,12,884,280,4,True
D,12,885,280,4,True
D,12,886,280,4,True
D,12,887,280,4,True
D,12,888,280,4,True
D,12,889,280,4,True
D,12,890,280,4,True
D,12,891,280,4,True
D,12,892,280,4,True
D,12,893,280,4,True
D,12,894,280,4,True
D,12,895,280,4,True
D,12,896,280,4,True
D,12,897,280,4,True
D,12,898,280,4,True
D,12,899,280,4,True
D,12,900,280,4,True
D,12,901,280,4,True
D,12,902,280,4,True
D,12,903,280,4,True
D,12,904,280,4,True
D,12,905,280,4,True
D,12,906,280,4,True
D,12,907,280,4,True
D,12,908,280,4,True
D,12,909,280,4,True
D,12,910,280,4,True
D,12,911,280,4,True
D,12,912,280,4,True
D,12,913,280,4,True
D,12,914,280,4,True
D,12,915,280,4,True
D,12,916,280,4,True
D,12,917,280,4,True
D,12,918,280,4,True
D,12,919,280,4,True
D,12,920,280,4,True
D,12,921,280,4,True
D,12,922,280,4,True
D,12,923,280,4,True
D,12,924,280,4,True
D,12,925,280,4,True
D,12,926,280,4,True
D,12,927,280,4,True
D,12,928,280,4,True
D,12,929,280,4,True
D,12,930,280,4,True
D,12,931,280,4,True
D,12,932,280,4,True
D,12,933,280,4,True
D,12,934,280,4,True
D,12,935,280,4,True
D,12,936,280,4,True
D,12,937,280,4,True
D,12,938,280,4,True
D,12,939,280,4,True
D,12,940,280,4,True
D,12,941,280,4,True
D,12,942,280,4,True
D,12,943,280,4,True
D,12,944,280,4,True
D,12,945,280,4,True
D,12,946,280,4,True
D,12,947,280,4,True
D,12,948,280,4,True
D,12,949,280,4,True
D,12,950,280,4,True
D,12,951,280,4,True
D,12,952,280,4,True
D,12,953,280,4,True
D,12,954,280,4,True
D,12,955,280,4,True
D,12,956,280,4,True
D,12,957,280,4,True
D,12,958,280,4,True
D,12,959,280,4,True
D,12,960,280,4,True
D,12,961,280,4,True
D,12,962,280,4,True
D,12,963,280,4,True
D,12,964,280,4,True
D,12,965,280,4,True
D,12,966,280,4,True
D,12,967,280,4,True
D,12,968,280,4,True
D,12,969,280,4,True
D,12,970,280,4,True
D,12,971,280,4,True
D,12,972,280,4,True
D,12,973,280,4,True
D,12,974,280,4,True
D,12,975,280,4,True
D,12,976,280,4,True
D,12,977,280,4,True
D,12,978,280,4,True
D,12,979,280,4,True
D,12,980,280,4,True
D,12,981,280,4,True
D,12,982,280,4,True
D,12,983,280,4,True
D,12,984,280,4,True
D,12,985,280,4,True
D,12,986,280,4,True
D,12,987,280,4,True
D,12,988,280,4,True
D,12,989,280,4,True
D,12,990,280,4,True
D,12,991,280,4,True
D,12,992,280,4,True
D,12,993,280,4,True
D,12,994,280,4,True
D,12,995,280,4,True
D,12,996,280,4,True
D,12,997,280,4,True
D,12,998,280,4,True
D,12,999,280,4,True
D,12,1000,280,4,True
F,10,0,365,4,True
F,10,1,337,4,True
F,10,2,337,4,True
F,10,3,328,4,True
F,10,4,321,4,True
F,10,5,321,4,True
F,10,6,321,4,True
F,10,7,321,4,True
F,10,8,321,4,True
F,10,9,321,4,True
F,10,10,321,4,True
F,10,11,321,4,True
F,10,12,321,4,True
F,10,13,321,4,True
F,10,14,317,4,True
F,10,15,317,4,True
F,10,16,317,4,True
F,10,17,313,4,True
F,10,18,311,4,True
F,10,19,311,4,True
F,10,20,311,4,True
F,10,21,311,4,True
F,10,22,311,4,True
F,10,23,307,4,True
F,10,24,307,4,True
F,10,25,307,4,True
F,10,26,307,4,True
F,10,27,307,4,True
F,10,28,307,4,True
F,10,29,307,4,True
F,10,30,307,4,True
F,10,31,307,4,True
F,10,32,307,4,True
F,10,33,307,4,True
F,10,34,305,4,True
F,10,35,305,4,True
F,10,36,303,4,True
F,10,37,303,4,True
F,10,38,303,4,True
F,10,39,300,4,True
F,10,40,300,4,True
F,10,41,300,4,True
F,10,42,299,4,True
F,10,43,298,4,True
F,10,44,298,4,True
F,10,45,298,4,True
F,10,46,296,4,True
F,10,47,296,4,True
F,10,48,296,4,True
F,10,49,296,4,True
F,10,50,296,4,True
F,10,51,296,4,True
F,10,52,296,4,True
F,10,53,296,4,True
F,10,54,296,4,True
F,10,55,296,4,True
F,10,56,296,4,True
F,10,57,296,4,True
F,10,58,296,4,True
F,10,59,296,4,True
F,10,60,296,4,True
F,10,61,296,4,True
F,10,62,296,4,True
F,10,63,296,4,True
F,10,64,296,4,True
F,10,65,296,4,True
F,10,66,296,4,True
F,10,67,296,4,True
F,10,68,296,4,True
F,10,69,296,4,True
F,10,70,296,4,True
F,10,71,296,4,True
F,10,72,296,4,True
F,10,73,296,4,True
F,10,74,296,4,True
F,10,75,296,4,True
F,10,76,296,4,True
F,10,77,296,4,True
F,10,78,296,4,True
F,10,79,296,4,True
F,10,80,296,4,True
F,10,81,296,4,True
F,10,82,296,4,True
F,10,83,296,4,True
F,10,84,296,4,True
F,10,85,296,4,True
F,10,86,296,4,True
F,10,87,296,4,True
F,10,88,296,4,True
F,10,89,296,4,True
F,10,90,296,4,True
F,10,91,296,4,True
F,10,92,296,4,True
F,10,93,296,4,True
F,10,94,296,4,True
F,10,95,296,4,True
F,10,96,296,4,True
F,10,97,296,4,True
F,10,98,296,4,True
F,10,99,296,4,True
F,10,100,296,4,True
F,10,101,296,4,True
F,10,102,296,4,True
F,10,103,296,4,True
F,10,104,296,4,True
F,10,105,296,4,True
F,10,106,296,4,True
F,10,107,296,4,True
F,10,108,296,4,True
F,10,109,296,4,True
F,10,110,296,4,True
F,10,111,296,4,True
F,10,112,296,4,True
F,10,113,296,4,True
F,10,114,296,4,True
F,10,115,296,4,True
F,10,116,296,4,True
F,10,117,296,4,True
F,10,118,296,4,True
F,10,119,296,4,True
F,10,120,296,4,True
F,10,121,296,4,True
F,10,122,296,4,True
F,10,123,296,4,True
F,10,124,296,4,True
F,10,125,296,4,True
F,10,126,296,4,True
F,10,127,296,4,True
F,10,128,296,4,True
F,10,129,296,4,True
F,10,130,296,4,True
F,10,131,296,4,True
F,10,132,296,4,True
F,10,133,296,4,True
F,10,134,296,4,True
F,10,135,296,4,True
F,10,136,296,4,True
F,10,137,295,4,True
F,10,138,295,4,True
F,10,139,295,4,True
F,10,140,295,4,True
F,10,141,295,4,True
F,10,142,295,4,True
F,10,143,295,4,True
F,10,144,295,4,True
F,10,145,295,4,True
F,10,146,295,4,True
F,10,147,295,4,True
F,10,148,295,4,True
F,10,149,295,4,True
F,10,150,295,4,True
F,10,151,295,4,True
F,10,152,295,4,True
F,10,153,295,4,True
F,10,154,295,4,True
F,10,155,295,4,True
F,10,156,295,4,True
F,10,157,295,4,True
F,10,158,295,4,True
F,10,159,295,4,True
F,10,160,295,4,True
F,10,161,295,4,True
F,10,162,295,4,True
F,10,163,295,4,True
F,10,164,295,4,True
F,10,165,295,4,True
F,10,166,295,4,True
F,10,167,295,4,True
F,10,168,295,4,True
F,10,169,295,4,True
F,10,170,295,4,True
F,10,171,295,4,True
F,10,172,295,4,True
F,10,173,295,4,True
F,10,174,295,4,True
F,10,175,295,4,True
F,10,176,295,4,True
F,10,177,295,4,True
F,10,178,293,4,True
F,10,179,293,4,True
F,10,180,292,4,True
F,10,181,292,4,True
F,10,182,292,4,True
F,10,183,291,4,True
F,10,184,291,4,True
F,10,185,291,4,True
F,10,186,291,4,True
F,10,187,291,4,True
F,10,188,291,4,True
F,10,189,291,4,True
F,10,190,291,4,True
F,10,191,291,4,True
F,10,192,291,4,True
F,10,193,291,4,True
F,10,194,291,4,True
F,10,195,291,4,True
F,10,196,291,4,True
F,10,197,291,4,True
F,10,198,291,4,True
F,10,199,291,4,True
F,10,200,291,4,True
F,10,201,291,4,True
F,10,202,291,4,True
F,10,203,291,4,True
F,10,204,291,4,True
F,10,205,291,4,True
F,10,206,291,4,True
F,10,207,291,4,True
F,10,208,291,4,True
F,10,209,291,4,True
F,10,210,291,4,True
F,10,211,291,4,True
F,10,212,291,4,True
F,10,213,291,4,True
F,10,214,291,4,True
F,10,215,291,4,True
F,10,216,291,4,True
F,10,217,291,4,True
F,10,218,291,4,True
F,10,219,291,4,True
F,10,220,291,4,True
F,10,221,291,4,True
F,10,222,291,4,True
F,10,223,291,4,True
F,10,224,291,4,True
F,10,225,291,4,True
F,10,226,291,4,True
F,10,227,291,4,True
F,10,228,291,4,True
F,10,229,291,4,True
F,10,230,291,4,True
F,10,231,291,4,True
F,10,232,291,4,True
F,10,233,291,4,True
F,10,234,291,4,True
F,10,235,291,4,True
F,10,236,291,4,True
F,10,237,290,4,True
F,10,238,290,4,True
F,10,239,290,4,True
F,10,240,290,4,True
F,10,241,290,4,True
F,10,242,289,4,True
F,10,243,289,4,True
F,10,244,289,4,True
F,10,245,289,4,True
F,10,246,289,4,True
F,10,247,289,4,True
F,10,248,289,4,True
F,10,249,289,4,True
F,10,250,289,4,True
F,10,251,289,4,True
F,10,252,289,4,True
F,10,253,289,4,True
F,10,254,289,4,True
F,10,255,289,4,True
F,10,256,289,4,True
F,10,257,289,4,True
F,10,258,289,4,True
F,10,259,289,4,True
F,10,260,289,4,True
F,10,261,289,4,True
F,10,262,289,4,True
F,10,263,289,4,True
F,10,264,289,4,True
F,10,265,289,4,True
F,10,266,289,4,True
F,10,267,289,4,True
F,10,268,289,4,True
F,10,269,289,4,True
F,10,270,289,4,True
F,10,271,289,4,True
F,10,272,289,4,True
F,10,273,289,4,True
F,10,274,289,4,True
F,10,275,289,4,True
F,10,276,289,4,True
F,10,277,289,4,True
F,10,278,289,4,True
F,10,279,289,4,True
F,10,280,289,4,True
F,10,281,289,4,True
F,10,282,289,4,True
F,10,283,289,4,True
F,10,284,289,4,True
F,10,285,289,4,True
F,10,286,289,4,True
F,10,287,289,4,True
F,10,288,289,4,True
F,10,289,289,4,True
F,10,290,289,4,True
F,10,291,289,4,True
F,10,292,289,4,True
F,10,293,289,4,True
F,10,294,289,4,True
F,10,295,289,4,True
F,10,296,289,4,True
F,10,297,289,4,True
F,10,298,289,4,True
F,10,299,289,4,True
F,10,300,289,4,True
F,10,301,289,4,True
F,10,302,289,4,True
F,10,303,289,4,True
F,10,304,289,4,True
F,10,305,289,4,True
F,10,306,289,4,True
F,10,307,289,4,True
F,10,308,289,4,True
F,10,309,289,4,True
F,10,310,289,4,True
F,10,311,289,4,True
F,10,312,289,4,True
F,10,313,289,4,True
F,10,314,289,4,True
F,10,315,289,4,True
F,10,316,289,4,True
F,10,317,289,4,True
F,10,318,289,4,True
F,10,319,289,4,True
F,10,320,289,4,True
F,10,321,289,4,True
F,10,322,289,4,True
F,10,323,289,4,True
F,10,324,289,4,True
F,10,325,289,4,True
F,10,326,289,4,True
F,10,327,289,4,True
F,10,328,289,4,True
F,10,329,289,4,True
F,10,330,289,4,True
F,10,331,289,4,True
F,10,332,289,4,True
F,10,333,289,4,True
F,10,334,289,4,True
F,10,335,289,4,True
F,10,336,289,4,True
F,10,337,289,4,True
F,10,338,289,4,True
F,10,339,289,4,True
F,10,340,289,4,True
F,10,341,289,4,True
F,10,342,289,4,True
F,10,343,289,4,True
F,10,344,289,4,True
F,10,345,289,4,True
F,10,346,289,4,True
F,10,347,289,4,True
F,10,348,289,4,True
F,10,349,289,4,True
F,10,350,289,4,True
F,10,351,289,4,True
F,10,352,289,4,True
F,10,353,289,4,True
F,10,354,289,4,True
F,10,355,289,4,True
F,10,356,289,4,True
F,10,357,289,4,True
F,10,358,289,4,True
F,10,359,289,4,True
F,10,360,289,4,True
F,10,361,289,4,True
F,10,362,289,4,True
F,10,363,289,4,True
F,10,364,289,4,True
F,10,365,289,4,True
F,10,366,289,4,True
F,10,367,289,4,True
F,10,368,289,4,True
F,10,369,289,4,True
F,10,370,289,4,True
F,10,371,289,4,True
F,10,372,289,4,True
F,10,373,289,4,True
F,10,374,289,4,True
F,10,375,289,4,True
F,10,376,289,4,True
F,10,377,289,4,True
F,10,378,289,4,True
F,10,379,289,4,True
F,10,380,289,4,True
F,10,381,289,4,True
F,10,382,289,4,True
F,10,383,289,4,True
F,10,384,289,4,True
F,10,385,289,4,True
F,10,386,289,4,True
F,10,387,289,4,True
F,10,388,289,4,True
F,10,389,289,4,True
F,10,390,289,4,True
F,10,391,289,4,True
F,10,392,289,4,True
F,10,393,289,4,True
F,10,394,289,4,True
F,10,395,289,4,True
F,10,396,289,4,True
F,10,397,289,4,True
F,10,398,289,4,True
F,10,399,289,4,True
F,10,400,289,4,True
F,10,401,289,4,True
F,10,402,289,4,True
F,10,403,289,4,True
F,10,404,289,4,True
F,10,405,289,4,True
F,10,406,289,4,True
F,10,407,289,4,True
F,10,408,289,4,True
F,10,409,289,4,True
F,10,410,289,4,True
F,10,411,289,4,True
F,10,412,289,4,True
F,10,413,289,4,True
F,10,414,289,4,True
F,10,415,289,4,True
F,10,416,289,4,True
F,10,417,289,4,True
F,10,418,289,4,True
F,10,419,289,4,True
F,10,420,289,4,True
F,10,421,289,4,True
F,10,422,289,4,True
F,10,423,289,4,True
F,10,424,289,4,True
F,10,425,289,4,True
F,10,426,289,4,True
F,10,427,289,4,True
F,10,428,289,4,True
F,10,429,289,4,True
F,10,430,289,4,True
F,10,431,289,4,True
F,10,432,289,4,True
F,10,433,289,4,True
F,10,434,289,4,True
F,10,435,289,4,True
F,10,436,289,4,True
F,10,437,289,4,True
F,10,438,289,4,True
F,10,439,289,4,True
F,10,440,289,4,True
F,10,441,289,4,True
F,10,442,289,4,True
F,10,443,289,4,True
F,10,444,289,4,True
F,10,445,289,4,True
F,10,446,289,4,True
F,10,447,289,4,True
F,10,448,289,4,True
F,10,449,289,4,True
F,10,450,289,4,True
F,10,451,289,4,True
F,10,452,289,4,True
F,10,453,289,4,True
F,10,454,289,4,True
F,10,455,289,4,True
F,10,456,289,4,True
F,10,457,289,4,True
F,10,458,289,4,True
F,10,459,289,4,True
F,10,460,289,4,True
F,10,461,289,4,True
F,10,462,289,4,True
F,10,463,289,4,True
F,10,464,289,4,True
F,10,465,289,4,True
F,10,466,289,4,True
F,10,467,289,4,True
F,10,468,289,4,True
F,10,469,289,4,True
F,10,470,289,4,True
F,10,471,289,4,True
F,10,472,289,4,True
F,10,473,289,4,True
F,10,474,289,4,True
F,10,475,289,4,True
F,10,476,289,4,True
F,10,477,289,4,True
F,10,478,289,4,True
F,10,479,289,4,True
F,10,480,289,4,True
F,10,481,289,4,True
F,10,482,289,4,True
F,10,483,289,4,True
F,10,484,289,4,True
F,10,485,289,4,True
F,10,486,289,4,True
F,10,487,289,4,True
F,10,488,289,4,True
F,10,489,289,4,True
F,10,490,289,4,True
F,10,491,289,4,True
F,10,492,289,4,True
F,10,493,289,4,True
F,10,494,289,4,True
F,10,495,289,4,True
F,10,496,289,4,True
F,10,497,289,4,True
F,10,498,289,4,True
F,10,499,289,4,True
F,10,500,289,4,True
F,10,501,289,4,True
F,10,502,289,4,True
F,10,503,289,4,True
F,10,504,289,4,True
F,10,505,289,4,True
F,10,506,289,4,True
F,10,507,289,4,True
F,10,508,289,4,True
F,10,509,289,4,True
F,10,510,289,4,True
F,10,511,289,4,True
F,10,512,289,4,True
F,10,513,289,4,True
F,10,514,289,4,True
F,10,515,289,4,True
F,10,516,289,4,True
F,10,517,289,4,True
F,10,518,289,4,True
F,10,519,289,4,True
F,10,520,289,4,True
F,10,521,289,4,True
F,10,522,289,4,True
F,10,523,289,4,True
F,10,524,289,4,True
F,10,525,289,4,True
F,10,526,289,4,True
F,10,527,289,4,True
F,10,528,289,4,True
F,10,529,289,4,True
F,10,530,289,4,True
F,10,531,289,4,True
F,10,532,289,4,True
F,10,533,289,4,True
F,10,534,289,4,True
F,10,535,289,4,True
F,10,536,289,4,True
F,10,537,289,4,True
F,10,538,289,4,True
F,10,539,289,4,True
F,10,540,289,4,True
F,10,541,289,4,True
F,10,542,289,4,True
F,10,543,289,4,True
F,10,544,289,4,True
F,10,545,289,4,True
F,10,546,289,4,True
F,10,547,289,4,True
F,10,548,289,4,True
F,10,549,289,4,True
F,10,550,289,4,True
F,10,551,289,4,True
F,10,552,289,4,True
F,10,553,289,4,True
F,10,554,289,4,True
F,10,555,289,4,True
F,10,556,289,4,True
F,10,557,289,4,True
F,10,558,289,4,True
F,10,559,289,4,True
F,10,560,289,4,True
F,10,561,289,4,True
F,10,562,289,4,True
F,10,563,289,4,True
F,10,564,289,4,True
F,10,565,289,4,True
F,10,566,289,4,True
F,10,567,289,4,True
F,10,568,289,4,True
F,10,569,289,4,True
F,10,570,289,4,True
F,10,571,289,4,True
F,10,572,289,4,True
F,10,573,289,4,True
F,10,574,289,4,True
F,10,575,289,4,True
F,10,576,289,4,True
F,10,577,289,4,True
F,10,578,289,4,True
F,10,579,289,4,True
F,10,580,289,4,True
F,10,581,289,4,True
F,10,582,289,4,True
F,10,583,289,4,True
F,10,584,289,4,True
F,10,585,289,4,True
F,10,586,289,4,True
F,10,587,289,4,True
F,10,588,289,4,True
F,10,589,289,4,True
F,10,590,289,4,True
F,10,591,289,4,True
F,10,592,289,4,True
F,10,593,289,4,True
F,10,594,289,4,True
F,10,595,289,4,True
F,10,596,289,4,True
F,10,597,289,4,True
F,10,598,289,4,True
F,10,599,289,4,True
F,10,600,289,4,True
F,10,601,289,4,True
F,10,602,289,4,True
F,10,603,289,4,True
F,10,604,289,4,True
F,10,605,289,4,True
F,10,606,289,4,True
F,10,607,289,4,True
F,10,608,289,4,True
F,10,609,289,4,True
F,10,610,289,4,True
F,10,611,289,4,True
F,10,612,289,4,True
F,10,613,289,4,True
F,10,614,289,4,True
F,10,615,289,4,True
F,10,616,289,4,True
F,10,617,289,4,True
F,10,618,289,4,True
F,10,619,289,4,True
F,10,620,289,4,True
F,10,621,289,4,True
F,10,622,289,4,True
F,10,623,289,4,True
F,10,624,289,4,True
F,10,625,289,4,True
F,10,626,289,4,True
F,10,627,289,4,True
F,10,628,289,4,True
F,10,629,289,4,True
F,10,630,289,4,True
F,10,631,289,4,True
F,10,632,289,4,True
F,10,633,289,4,True
F,10,634,289,4,True
F,10,635,289,4,True
F,10,636,289,4,True
F,10,637,287,4,True
F,10,638,287,4,True
F,10,639,287,4,True
F,10,640,287,4,True
F,10,641,287,4,True
F,10,642,287,4,True
F,10,643,287,4,True
F,10,644,287,4,True
F,10,645,287,4,True
F,10,646,287,4,True
F,10,647,287,4,True
F,10,648,286,4,True
F,10,649,286,4,True
F,10,650,286,4,True
F,10,651,286,4,True
F,10,652,286,4,True
F,10,653,286,4,True
F,10,654,286,4,True
F,10,655,286,4,True
F,10,656,286,4,True
F,10,657,286,4,True
F,10,658,286,4,True
F,10,659,286,4,True
F,10,660,286,4,True
F,10,661,286,4,True
F,10,662,286,4,True
F,10,663,286,4,True
F,10,664,286,4,True
F,10,665,286,4,True
F,10,666,286,4,True
F,10,667,286,4,True
F,10,668,286,4,True
F,10,669,286,4,True
F,10,670,286,4,True
F,10,671,286,4,True
F,10,672,286,4,True
F,10,673,286,4,True
F,10,674,286,4,True
F,10,675,286,4,True
F,10,676,286,4,True
F,10,677,286,4,True
F,10,678,286,4,True
F,10,679,286,4,True
F,10,680,286,4,True
F,10,681,286,4,True
F,10,682,286,4,True
F,10,683,286,4,True
F,10,684,286,4,True
F,10,685,286,4,True
F,10,686,286,4,True
F,10,687,286,4,True
F,10,688,286,4,True
F,10,689,286,4,True
F,10,690,286,4,True
F,10,691,286,4,True
F,10,692,286,4,True
F,10,693,286,4,True
F,10,694,286,4,True
F,10,695,286,4,True
F,10,696,286,4,True
F,10,697,286,4,True
F,10,698,286,4,True
F,10,699,286,4,True
F,10,700,286,4,True
F,10,701,286,4,True
F,10,702,286,4,True
F,10,703,286,4,True
F,10,704,286,4,True
F,10,705,286,4,True
F,10,706,286,4,True
F,10,707,286,4,True
F,10,708,286,4,True
F,10,709,286,4,True
F,10,710,286,4,True
F,10,711,286,4,True
F,10,712,286,4,True
F,10,713,286,4,True
F,10,714,286,4,True
F,10,715,286,4,True
F,10,716,286,4,True
F,10,717,286,4,True
F,10,718,286,4,True
F,10,719,286,4,True
F,10,720,286,4,True
F,10,721,286,4,True
F,10,722,286,4,True
F,10,723,286,4,True
F,10,724,286,4,True
F,10,725,286,4,True
F,10,726,286,4,True
F,10,727,286,4,True
F,10,728,286,4,True
F,10,729,286,4,True
F,10,730,286,4,True
F,10,731,286,4,True
F,10,732,286,4,True
F,10,733,286,4,True
F,10,734,286,4,True
F,10,735,286,4,True
F,10,736,286,4,True
F,10,737,286,4,True
F,10,738,286,4,True
F,10,739,286,4,True
F,10,740,286,4,True
F,10,741,286,4,True
F,10,742,286,4,True
F,10,743,286,4,True
F,10,744,286,4,True
F,10,745,286,4,True
F,10,746,286,4,True
F,10,747,286,4,True
F,10,748,286,4,True
F,10,749,286,4,True
F,10,750,286,4,True
F,10,751,286,4,True
F,10,752,286,4,True
F,10,753,286,4,True
F,10,754,286,4,True
F,10,755,286,4,True
F,10,756,286,4,True
F,10,757,286,4,True
F,10,758,286,4,True
F,10,759,286,4,True
F,10,760,286,4,True
F,10,761,286,4,True
F,10,762,286,4,True
F,10,763,286,4,True
F,10,764,286,4,True
F,10,765,286,4,True
F,10,766,286,4,True
F,10,767,286,4,True
F,10,768,286,4,True
F,10,769,286,4,True
F,10,770,286,4,True
F,10,771,286,4,True
F,10,772,286,4,True
F,10,773,286,4,True
F,10,774,286,4,True
F,10,775,286,4,True
F,10,776,286,4,True
F,10,777,286,4,True
F,10,778,286,4,True
F,10,779,286,4,True
F,10,780,286,4,True
F,10,781,286,4,True
F,10,782,286,4,True
F,10,783,286,4,True
F,10,784,286,4,True
F,10,785,286,4,True
F,10,786,286,4,True
F,10,787,286,4,True
F,10,788,286,4,True
F,10,789,286,4,True
F,10,790,286,4,True
F,10,791,286,4,True
F,10,792,286,4,True
F,10,793,286,4,True
F,10,794,286,4,True
F,10,795,286,4,True
F,10,796,286,4,True
F,10,797,286,4,True
F,10,798,286,4,True
F,10,799,286,4,True
F,10,800,286,4,True
F,10,801,286,4,True
F,10,802,286,4,True
F,10,803,286,4,True
F,10,804,286,4,True
F,10,805,286,4,True
F,10,806,286,4,True
F,10,807,286,4,True
F,10,808,286,4,True
F,10,809,286,4,True
F,10,810,286,4,True
F,10,811,286,4,True
F,10,812,286,4,True
F,10,813,286,4,True
F,10,814,286,4,True
F,10,815,286,4,True
F,10,816,286,4,True
F,10,817,286,4,True
F,10,818,286,4,True
F,10,819,286,4,True
F,10,820,286,4,True
F,10,821,286,4,True
F,10,822,286,4,True
F,10,823,286,4,True
F,10,824,286,4,True
F,10,825,286,4,True
F,10,826,286,4,True
F,10,827,286,4,True
F,10,828,286,4,True
F,10,829,286,4,True
F,10,830,286,4,True
F,10,831,286,4,True
F,10,832,286,4,True
F,10,833,286,4,True
F,10,834,286,4,True
F,10,835,286,4,True
F,10,836,286,4,True
F,10,837,286,4,True
F,10,838,286,4,True
F,10,839,286,4,True
F,10,840,286,4,True
F,10,841,286,4,True
F,10,842,286,4,True
F,10,843,286,4,True
F,10,844,286,4,True
F,10,845,286,4,True
F,10,846,286,4,True
F,10,847,286,4,True
F,10,848,286,4,True
F,10,849,286,4,True
F,10,850,286,4,True
F,10,851,286,4,True
F,10,852,286,4,True
F,10,853,286,4,True
F,10,854,286,4,True
F,10,855,286,4,True
F,10,856,286,4,True
F,10,857,286,4,True
F,10,858,286,4,True
F,10,859,286,4,True
F,10,860,286,4,True
F,10,861,286,4,True
F,10,862,286,4,True
F,10,863,286,4,True
F,10,864,286,4,True
F,10,865,286,4,True
F,10,866,286,4,True
F,10,867,286,4,True
F,10,868,286,4,True
F,10,869,286,4,True
F,10,870,286,4,True
F,10,871,286,4,True
F,10,872,286,4,True
F,10,873,286,4,True
F,10,874,286,4,True
F,10,875,286,4,True
F,10,876,286,4,True
F,10,877,286,4,True
F,10,878,286,4,True
F,10,879,286,4,True
F,10,880,286,4,True
F,10,881,286,4,True
F,10,882,286,4,True
F,10,883,286,4,True
F,10,884,286,4,True
F,10,885,286,4,True
F,10,886,286,4,True
F,10,887,286,4,True
F,10,888,286,4,True
F,10,889,286,4,True
F,10,890,286,4,True
F,10,891,286,4,True
F,10,892,286,4,True
F,10,893,286,4,True
F,10,894,286,4,True
F,10,895,286,4,True
F,10,896,286,4,True
F,10,897,286,4,True
F,10,898,286,4,True
F,10,899,286,4,True
F,10,900,286,4,True
F,10,901,286,4,True
F,10,902,286,4,True
F,10,903,286,4,True
F,10,904,286,4,True
F,10,905,286,4,True
F,10,906,286,4,True
F,10,907,286,4,True
F,10,908,286,4,True
F,10,909,286,4,True
F,10,910,286,4,True
F,10,911,286,4,True
F,10,912,286,4,True
F,10,913,286,4,True
F,10,914,286,4,True
F,10,915,286,4,True
F,10,916,286,4,True
F,10,917,286,4,True
F,10,918,286,4,True
F,10,919,286,4,True
F,10,920,286,4,True
F,10,921,286,4,True
F,10,922,286,4,True
F,10,923,286,4,True
F,10,924,286,4,True
F,10,925,286,4,True
F,10,926,286,4,True
F,10,927,286,4,True
F,10,928,286,4,True
F,10,929,286,4,True
F,10,930,286,4,True
F,10,931,286,4,True
F,10,932,286,4,True
F,10,933,286,4,True
F,10,934,286,4,True
F,10,935,286,4,True
F,10,936,286,4,True
F,10,937,286,4,True
F,10,938,286,4,True
F,10,939,286,4,True
F,10,940,286,4,True
F,10,941,286,4,True
F,10,942,286,4,True
F,10,943,286,4,True
F,10,944,286,4,True
F,10,945,286,4,True
F,10,946,286,4,True
F,10,947,286,4,True
F,10,948,286,4,True
F,10,949,286,4,True
F,10,950,286,4,True
F,10,951,286,4,True
F,10,952,286,4,True
F,10,953,286,4,True
F,10,954,286,4,True
F,10,955,286,4,True
F,10,956,286,4,True
F,10,957,286,4,True
F,10,958,286,4,True
F,10,959,286,4,True
F,10,960,286,4,True
F,10,961,286,4,True
F,10,962,286,4,True
F,10,963,286,4,True
F,10,964,286,4,True
F,10,965,286,4,True
F,10,966,286,4,True
F,10,967,286,4,True
F,10,968,286,4,True
F,10,969,286,4,True
F,10,970,286,4,True
F,10,971,286,4,True
F,10,972,286,4,True
F,10,973,286,4,True
F,10,974,286,4,True
F,10,975,286,4,True
F,10,976,286,4,True
F,10,977,286,4,True
F,10,978,286,4,True
F,10,979,286,4,True
F,10,980,286,4,True
F,10,981,286,4,True
F,10,982,286,4,True
F,10,983,286,4,True
F,10,984,286,4,True
F,10,985,286,4,True
F,10,986,286,4,True
F,10,987,286,4,True
F,10,988,286,4,True
F,10,989,286,4,True
F,10,990,286,4,True
F,10,991,286,4,True
F,10,992,286,4,True
F,10,993,286,4,True
F,10,994,286,4,True
F,10,995,286,4,True
F,10,996,286,4,True
F,10,997,286,4,True
F,10,998,286,4,True
F,10,999,286,4,True
F,10,1000,286,4,True
F,11,0,365,4,True
F,11,1,337,4,True
F,11,2,336,4,True
F,11,3,322,4,True
F,11,4,322,4,True
F,11,5,318,4,True
F,11,6,318,4,True
F,11,7,318,4,True
F,11,8,318,4,True
F,11,9,317,4,True
F,11,10,316,4,True
F,11,11,316,4,True
F,11,12,312,4,True
F,11,13,311,4,True
F,11,14,311,4,True
F,11,15,311,4,True
F,11,16,311,4,True
F,11,17,311,4,True
F,11,18,311,4,True
F,11,19,311,4,True
F,11,20,306,4,True
F,11,21,306,4,True
F,11,22,306,4,True
F,11,23,306,4,True
F,11,24,306,4,True
F,11,25,306,4,True
F,11,26,306,4,True
F,11,27,306,4,True
F,11,28,306,4,True
F,11,29,306,4,True
F,11,30,306,4,True
F,11,31,306,4,True
F,11,32,306,4,True
F,11,33,306,4,True
F,11,34,306,4,True
F,11,35,306,4,True
F,11,36,305,4,True
F,11,37,305,4,True
F,11,38,304,4,True
F,11,39,302,4,True
F,11,40,302,4,True
F,11,41,302,4,True
F,11,42,302,4,True
F,11,43,302,4,True
F,11,44,302,4,True
F,11,45,302,4,True
F,11,46,302,4,True
F,11,47,302,4,True
F,11,48,300,4,True
F,11,49,300,4,True
F,11,50,300,4,True
F,11,51,300,4,True
F,11,52,300,4,True
F,11,53,300,4,True
F,11,54,300,4,True
F,11,55,300,4,True
F,11,56,300,4,True
F,11,57,300,4,True
F,11,58,300,4,True
F,11,59,300,4,True
F,11,60,300,4,True
F,11,61,300,4,True
F,11,62,300,4,True
F,11,63,300,4,True
F,11,64,300,4,True
F,11,65,300,4,True
F,11,66,300,4,True
F,11,67,300,4,True
F,11,68,300,4,True
F,11,69,300,4,True
F,11,70,300,4,True
F,11,71,298,4,True
F,11,72,298,4,True
F,11,73,298,4,True
F,11,74,298,4,True
F,11,75,296,4,True
F,11,76,296,4,True
F,11,77,296,4,True
F,11,78,296,4,True
F,11,79,296,4,True
F,11,80,296,4,True
F,11,81,296,4,True
F,11,82,296,4,True
F,11,83,296,4,True
F,11,84,296,4,True
F,11,85,296,4,True
F,11,86,296,4,True
F,11,87,296,4,True
F,11,88,296,4,True
F,11,89,295,4,True
F,11,90,294,4,True
F,11,91,294,4,True
F,11,92,294,4,True
F,11,93,294,4,True
F,11,94,294,4,True
F,11,95,294,4,True
F,11,96,294,4,True
F,11,97,294,4,True
F,11,98,294,4,True
F,11,99,294,4,True
F,11,100,294,4,True
F,11,101,294,4,True
F,11,102,294,4,True
F,11,103,294,4,True
F,11,104,294,4,True
F,11,105,294,4,True
F,11,106,294,4,True
F,11,107,294,4,True
F,11,108,294,4,True
F,11,109,294,4,True
F,11,110,294,4,True
F,11,111,294,4,True
F,11,112,294,4,True
F,11,113,294,4,True
F,11,114,294,4,True
F,11,115,294,4,True
F,11,116,294,4,True
F,11,117,294,4,True
F,11,118,294,4,True
F,11,119,294,4,True
F,11,120,294,4,True
F,11,121,294,4,True
F,11,122,294,4,True
F,11,123,294,4,True
F,11,124,294,4,True
F,11,125,294,4,True
F,11,126,294,4,True
F,11,127,294,4,True
F,11,128,294,4,True
F,11,129,294,4,True
F,11,130,294,4,True
F,11,131,294,4,True
F,11,132,294,4,True
F,11,133,294,4,True
F,11,134,294,4,True
F,11,135,294,4,True
F,11,136,294,4,True
F,11,137,294,4,True
F,11,138,294,4,True
F,11,139,294,4,True
F,11,140,294,4,True
F,11,141,294,4,True
F,11,142,294,4,True
F,11,143,294,4,True
F,11,144,294,4,True
F,11,145,294,4,True
F,11,146,294,4,True
F,11,147,294,4,True
F,11,148,294,4,True
F,11,149,294,4,True
F,11,150,294,4,True
F,11,151,294,4,True
F,11,152,294,4,True
F,11,153,294,4,True
F,11,154,294,4,True
F,11,155,294,4,True
F,11,156,294,4,True
F,11,157,294,4,True
F,11,158,294,4,True
F,11,159,294,4,True
F,11,160,294,4,True
F,11,161,294,4,True
F,11,162,294,4,True
F,11,163,294,4,True
F,11,164,294,4,True
F,11,165,294,4,True
F,11,166,294,4,True
F,11,167,294,4,True
F,11,168,294,4,True
F,11,169,294,4,True
F,11,170,294,4,True
F,11,171,294,4,True
F,11,172,294,4,True
F,11,173,294,4,True
F,11,174,294,4,True
F,11,175,294,4,True
F,11,176,294,4,True
F,11,177,294,4,True
F,11,178,294,4,True
F,11,179,294,4,True
F,11,180,294,4,True
F,11,181,294,4,True
F,11,182,294,4,True
F,11,183,294,4,True
F,11,184,294,4,True
F,11,185,294,4,True
F,11,186,294,4,True
F,11,187,294,4,True
F,11,188,294,4,True
F,11,189,294,4,True
F,11,190,294,4,True
F,11,191,294,4,True
F,11,192,294,4,True
F,11,193,294,4,True
F,11,194,294,4,True
F,11,195,294,4,True
F,11,196,294,4,True
F,11,197,294,4,True
F,11,198,294,4,True
F,11,199,294,4,True
F,11,200,294,4,True
F,11,201,294,4,True
F,11,202,294,4,True
F,11,203,294,4,True
F,11,204,294,4,True
F,11,205,294,4,True
F,11,206,294,4,True
F,11,207,294,4,True
F,11,208,294,4,True
F,11,209,294,4,True
F,11,210,294,4,True
F,11,211,294,4,True
F,11,212,294,4,True
F,11,213,294,4,True
F,11,214,294,4,True
F,11,215,294,4,True
F,11,216,294,4,True
F,11,217,294,4,True
F,11,218,294,4,True
F,11,219,294,4,True
F,11,220,294,4,True
F,11,221,294,4,True
F,11,222,294,4,True
F,11,223,294,4,True
F,11,224,294,4,True
F,11,225,294,4,True
F,11,226,294,4,True
F,11,227,294,4,True
F,11,228,294,4,True
F,11,229,294,4,True
F,11,230,294,4,True
F,11,231,294,4,True
F,11,232,294,4,True
F,11,233,294,4,True
F,11,234,294,4,True
F,11,235,294,4,True
F,11,236,294,4,True
F,11,237,294,4,True
F,11,238,294,4,True
F,11,239,294,4,True
F,11,240,294,4,True
F,11,241,294,4,True
F,11,242,294,4,True
F,11,243,294,4,True
F,11,244,294,4,True
F,11,245,294,4,True
F,11,246,294,4,True
F,11,247,294,4,True
F,11,248,294,4,True
F,11,249,294,4,True
F,11,250,294,4,True
F,11,251,294,4,True
F,11,252,294,4,True
F,11,253,294,4,True
F,11,254,294,4,True
F,11,255,294,4,True
F,11,256,294,4,True
F,11,257,294,4,True
F,11,258,294,4,True
F,11,259,294,4,True
F,11,260,294,4,True
F,11,261,294,4,True
F,11,262,294,4,True
F,11,263,294,4,True
F,11,264,294,4,True
F,11,265,294,4,True
F,11,266,294,4,True
F,11,267,294,4,True
F,11,268,294,4,True
F,11,269,294,4,True
F,11,270,294,4,True
F,11,271,294,4,True
F,11,272,294,4,True
F,11,273,294,4,True
F,11,274,294,4,True
F,11,275,294,4,True
F,11,276,294,4,True
F,11,277,294,4,True
F,11,278,294,4,True
F,11,279,294,4,True
F,11,280,294,4,True
F,11,281,294,4,True
F,11,282,294,4,True
F,11,283,294,4,True
F,11,284,294,4,True
F,11,285,294,4,True
F,11,286,294,4,True
F,11,287,294,4,True
F,11,288,294,4,True
F,11,289,294,4,True
F,11,290,294,4,True
F,11,291,294,4,True
F,11,292,294,4,True
F,11,293,294,4,True
F,11,294,294,4,True
F,11,295,294,4,True
F,11,296,294,4,True
F,11,297,294,4,True
F,11,298,294,4,True
F,11,299,294,4,True
F,11,300,294,4,True
F,11,301,294,4,True
F,11,302,294,4,True
F,11,303,294,4,True
F,11,304,294,4,True
F,11,305,294,4,True
F,11,306,294,4,True
F,11,307,294,4,True
F,11,308,294,4,True
F,11,309,294,4,True
F,11,310,294,4,True
F,11,311,294,4,True
F,11,312,294,4,True
F,11,313,294,4,True
F,11,314,294,4,True
F,11,315,294,4,True
F,11,316,294,4,True
F,11,317,294,4,True
F,11,318,294,4,True
F,11,319,294,4,True
F,11,320,294,4,True
F,11,321,294,4,True
F,11,322,294,4,True
F,11,323,294,4,True
F,11,324,294,4,True
F,11,325,294,4,True
F,11,326,294,4,True
F,11,327,294,4,True
F,11,328,294,4,True
F,11,329,294,4,True
F,11,330,294,4,True
F,11,331,294,4,True
F,11,332,294,4,True
F,11,333,294,4,True
F,11,334,294,4,True
F,11,335,294,4,True
F,11,336,292,4,True
F,11,337,292,4,True
F,11,338,292,4,True
F,11,339,292,4,True
F,11,340,292,4,True
F,11,341,292,4,True
F,11,342,292,4,True
F,11,343,292,4,True
F,11,344,292,4,True
F,11,345,292,4,True
F,11,346,292,4,True
F,11,347,292,4,True
F,11,348,292,4,True
F,11,349,292,4,True
F,11,350,292,4,True
F,11,351,292,4,True
F,11,352,292,4,True
F,11,353,292,4,True
F,11,354,292,4,True
F,11,355,292,4,True
F,11,356,292,4,True
F,11,357,292,4,True
F,11,358,292,4,True
F,11,359,292,4,True
F,11,360,292,4,True
F,11,361,292,4,True
F,11,362,292,4,True
F,11,363,292,4,True
F,11,364,292,4,True
F,11,365,292,4,True
F,11,366,292,4,True
F,11,367,292,4,True
F,11,368,292,4,True
F,11,369,292,4,True
F,11,370,292,4,True
F,11,371,292,4,True
F,11,372,292,4,True
F,11,373,292,4,True
F,11,374,292,4,True
F,11,375,292,4,True
F,11,376,292,4,True
F,11,377,292,4,True
F,11,378,292,4,True
F,11,379,292,4,True
F,11,380,292,4,True
F,11,381,292,4,True
F,11,382,292,4,True
F,11,383,292,4,True
F,11,384,292,4,True
F,11,385,292,4,True
F,11,386,292,4,True
F,11,387,292,4,True
F,11,388,292,4,True
F,11,389,292,4,True
F,11,390,292,4,True
F,11,391,292,4,True
F,11,392,292,4,True
F,11,393,292,4,True
F,11,394,292,4,True
F,11,395,292,4,True
F,11,396,292,4,True
F,11,397,292,4,True
F,11,398,292,4,True
F,11,399,292,4,True
F,11,400,292,4,True
F,11,401,292,4,True
F,11,402,292,4,True
F,11,403,292,4,True
F,11,404,292,4,True
F,11,405,292,4,True
F,11,406,292,4,True
F,11,407,292,4,True
F,11,408,292,4,True
F,11,409,292,4,True
F,11,410,292,4,True
F,11,411,292,4,True
F,11,412,292,4,True
F,11,413,292,4,True
F,11,414,292,4,True
F,11,415,292,4,True
F,11,416,292,4,True
F,11,417,292,4,True
F,11,418,292,4,True
F,11,419,292,4,True
F,11,420,292,4,True
F,11,421,292,4,True
F,11,422,292,4,True
F,11,423,292,4,True
F,11,424,292,4,True
F,11,425,292,4,True
F,11,426,292,4,True
F,11,427,292,4,True
F,11,428,292,4,True
F,11,429,292,4,True
F,11,430,292,4,True
F,11,431,292,4,True
F,11,432,292,4,True
F,11,433,292,4,True
F,11,434,292,4,True
F,11,435,292,4,True
F,11,436,292,4,True
F,11,437,292,4,True
F,11,438,292,4,True
F,11,439,292,4,True
F,11,440,291,4,True
F,11,441,290,4,True
F,11,442,290,4,True
F,11,443,290,4,True
F,11,444,290,4,True
F,11,445,290,4,True
F,11,446,290,4,True
F,11,447,290,4,True
F,11,448,290,4,True
F,11,449,290,4,True
F,11,450,290,4,True
F,11,451,290,4,True
F,11,452,290,4,True
F,11,453,290,4,True
F,11,454,290,4,True
F,11,455,290,4,True
F,11,456,290,4,True
F,11,457,290,4,True
F,11,458,290,4,True
F,11,459,290,4,True
F,11,460,290,4,True
F,11,461,290,4,True
F,11,462,290,4,True
F,11,463,290,4,True
F,11,464,290,4,True
F,11,465,290,4,True
F,11,466,290,4,True
F,11,467,290,4,True
F,11,468,290,4,True
F,11,469,290,4,True
F,11,470,290,4,True
F,11,471,290,4,True
F,11,472,290,4,True
F,11,473,290,4,True
F,11,474,290,4,True
F,11,475,290,4,True
F,11,476,290,4,True
F,11,477,290,4,True
F,11,478,290,4,True
F,11,479,290,4,True
F,11,480,290,4,True
F,11,481,290,4,True
F,11,482,290,4,True
F,11,483,290,4,True
F,11,484,290,4,True
F,11,485,290,4,True
F,11,486,290,4,True
F,11,487,290,4,True
F,11,488,290,4,True
F,11,489,290,4,True
F,11,490,290,4,True
F,11,491,290,4,True
F,11,492,290,4,True
F,11,493,290,4,True
F,11,494,290,4,True
F,11,495,290,4,True
F,11,496,290,4,True
F,11,497,290,4,True
F,11,498,290,4,True
F,11,499,290,4,True
F,11,500,290,4,True
F,11,501,290,4,True
F,11,502,290,4,True
F,11,503,290,4,True
F,11,504,290,4,True
F,11,505,290,4,True
F,11,506,290,4,True
F,11,507,290,4,True
F,11,508,290,4,True
F,11,509,290,4,True
F,11,510,290,4,True
F,11,511,290,4,True
F,11,512,290,4,True
F,11,513,290,4,True
F,11,514,290,4,True
F,11,515,290,4,True
F,11,516,290,4,True
F,11,517,290,4,True
F,11,518,290,4,True
F,11,519,290,4,True
F,11,520,290,4,True
F,11,521,290,4,True
F,11,522,290,4,True
F,11,523,290,4,True
F,11,524,290,4,True
F,11,525,290,4,True
F,11,526,290,4,True
F,11,527,290,4,True
F,11,528,290,4,True
F,11,529,290,4,True
F,11,530,290,4,True
F,11,531,290,4,True
F,11,532,290,4,True
F,11,533,290,4,True
F,11,534,290,4,True
F,11,535,290,4,True
F,11,536,290,4,True
F,11,537,290,4,True
F,11,538,290,4,True
F,11,539,290,4,True
F,11,540,290,4,True
F,11,541,290,4,True
F,11,542,290,4,True
F,11,543,290,4,True
F,11,544,290,4,True
F,11,545,290,4,True
F,11,546,290,4,True
F,11,547,290,4,True
F,11,548,290,4,True
F,11,549,290,4,True
F,11,550,290,4,True
F,11,551,290,4,True
F,11,552,290,4,True
F,11,553,290,4,True
F,11,554,290,4,True
F,11,555,290,4,True
F,11,556,290,4,True
F,11,557,290,4,True
F,11,558,290,4,True
F,11,559,290,4,True
F,11,560,290,4,True
F,11,561,290,4,True
F,11,562,290,4,True
F,11,563,290,4,True
F,11,564,290,4,True
F,11,565,290,4,True
F,11,566,290,4,True
F,11,567,290,4,True
F,11,568,290,4,True
F,11,569,290,4,True
F,11,570,290,4,True
F,11,571,290,4,True
F,11,572,290,4,True
F,11,573,290,4,True
F,11,574,290,4,True
F,11,575,290,4,True
F,11,576,290,4,True
F,11,577,290,4,True
F,11,578,290,4,True
F,11,579,290,4,True
F,11,580,290,4,True
F,11,581,290,4,True
F,11,582,290,4,True
F,11,583,290,4,True
F,11,584,290,4,True
F,11,585,290,4,True
F,11,586,290,4,True
F,11,587,290,4,True
F,11,588,290,4,True
F,11,589,290,4,True
F,11,590,290,4,True
F,11,591,290,4,True
F,11,592,290,4,True
F,11,593,290,4,True
F,11,594,290,4,True
F,11,595,290,4,True
F,11,596,290,4,True
F,11,597,290,4,True
F,11,598,290,4,True
F,11,599,290,4,True
F,11,600,290,4,True
F,11,601,290,4,True
F,11,602,290,4,True
F,11,603,290,4,True
F,11,604,290,4,True
F,11,605,290,4,True
F,11,606,290,4,True
F,11,607,290,4,True
F,11,608,290,4,True
F,11,609,290,4,True
F,11,610,290,4,True
F,11,611,290,4,True
F,11,612,290,4,True
F,11,613,290,4,True
F,11,614,290,4,True
F,11,615,290,4,True
F,11,616,290,4,True
F,11,617,290,4,True
F,11,618,290,4,True
F,11,619,290,4,True
F,11,620,290,4,True
F,11,621,290,4,True
F,11,622,290,4,True
F,11,623,290,4,True
F,11,624,290,4,True
F,11,625,290,4,True
F,11,626,290,4,True
F,11,627,290,4,True
F,11,628,290,4,True
F,11,629,290,4,True
F,11,630,290,4,True
F,11,631,290,4,True
F,11,632,290,4,True
F,11,633,290,4,True
F,11,634,290,4,True
F,11,635,290,4,True
F,11,636,290,4,True
F,11,637,290,4,True
F,11,638,290,4,True
F,11,639,290,4,True
F,11,640,290,4,True
F,11,641,290,4,True
F,11,642,290,4,True
F,11,643,290,4,True
F,11,644,290,4,True
F,11,645,290,4,True
F,11,646,290,4,True
F,11,647,290,4,True
F,11,648,290,4,True
F,11,649,290,4,True
F,11,650,290,4,True
F,11,651,290,4,True
F,11,652,290,4,True
F,11,653,290,4,True
F,11,654,290,4,True
F,11,655,290,4,True
F,11,656,290,4,True
F,11,657,290,4,True
F,11,658,290,4,True
F,11,659,290,4,True
F,11,660,290,4,True
F,11,661,290,4,True
F,11,662,290,4,True
F,11,663,290,4,True
F,11,664,290,4,True
F,11,665,290,4,True
F,11,666,290,4,True
F,11,667,290,4,True
F,11,668,290,4,True
F,11,669,290,4,True
F,11,670,290,4,True
F,11,671,290,4,True
F,11,672,290,4,True
F,11,673,290,4,True
F,11,674,290,4,True
F,11,675,290,4,True
F,11,676,290,4,True
F,11,677,290,4,True
F,11,678,290,4,True
F,11,679,290,4,True
F,11,680,290,4,True
F,11,681,290,4,True
F,11,682,290,4,True
F,11,683,290,4,True
F,11,684,290,4,True
F,11,685,290,4,True
F,11,686,290,4,True
F,11,687,290,4,True
F,11,688,290,4,True
F,11,689,290,4,True
F,11,690,290,4,True
F,11,691,290,4,True
F,11,692,290,4,True
F,11,693,290,4,True
F,11,694,290,4,True
F,11,695,290,4,True
F,11,696,290,4,True
F,11,697,290,4,True
F,11,698,290,4,True
F,11,699,290,4,True
F,11,700,290,4,True
F,11,701,290,4,True
F,11,702,290,4,True
F,11,703,290,4,True
F,11,704,290,4,True
F,11,705,290,4,True
F,11,706,290,4,True
F,11,707,290,4,True
F,11,708,290,4,True
F,11,709,290,4,True
F,11,710,290,4,True
F,11,711,290,4,True
F,11,712,290,4,True
F,11,713,290,4,True
F,11,714,290,4,True
F,11,715,290,4,True
F,11,716,290,4,True
F,11,717,290,4,True
F,11,718,290,4,True
F,11,719,290,4,True
F,11,720,290,4,True
F,11,721,290,4,True
F,11,722,290,4,True
F,11,723,290,4,True
F,11,724,290,4,True
F,11,725,290,4,True
F,11,726,290,4,True
F,11,727,290,4,True
F,11,728,290,4,True
F,11,729,290,4,True
F,11,730,290,4,True
F,11,731,290,4,True
F,11,732,290,4,True
F,11,733,290,4,True
F,11,734,290,4,True
F,11,735,290,4,True
F,11,736,290,4,True
F,11,737,290,4,True
F,11,738,290,4,True
F,11,739,290,4,True
F,11,740,290,4,True
F,11,741,290,4,True
F,11,742,290,4,True
F,11,743,290,4,True
F,11,744,290,4,True
F,11,745,290,4,True
F,11,746,290,4,True
F,11,747,290,4,True
F,11,748,290,4,True
F,11,749,290,4,True
F,11,750,290,4,True
F,11,751,290,4,True
F,11,752,290,4,True
F,11,753,290,4,True
F,11,754,290,4,True
F,11,755,290,4,True
F,11,756,290,4,True
F,11,757,290,4,True
F,11,758,290,4,True
F,11,759,290,4,True
F,11,760,290,4,True
F,11,761,290,4,True
F,11,762,290,4,True
F,11,763,290,4,True
F,11,764,290,4,True
F,11,765,290,4,True
F,11,766,290,4,True
F,11,767,290,4,True
F,11,768,290,4,True
F,11,769,290,4,True
F,11,770,290,4,True
F,11,771,290,4,True
F,11,772,290,4,True
F,11,773,290,4,True
F,11,774,290,4,True
F,11,775,290,4,True
F,11,776,290,4,True
F,11,777,290,4,True
F,11,778,290,4,True
F,11,779,290,4,True
F,11,780,290,4,True
F,11,781,290,4,True
F,11,782,290,4,True
F,11,783,290,4,True
F,11,784,290,4,True
F,11,785,290,4,True
F,11,786,290,4,True
F,11,787,290,4,True
F,11,788,290,4,True
F,11,789,290,4,True
F,11,790,290,4,True
F,11,791,290,4,True
F,11,792,290,4,True
F,11,793,290,4,True
F,11,794,290,4,True
F,11,795,290,4,True
F,11,796,290,4,True
F,11,797,290,4,True
F,11,798,290,4,True
F,11,799,290,4,True
F,11,800,290,4,True
F,11,801,290,4,True
F,11,802,290,4,True
F,11,803,290,4,True
F,11,804,290,4,True
F,11,805,290,4,True
F,11,806,290,4,True
F,11,807,290,4,True
F,11,808,290,4,True
F,11,809,290,4,True
F,11,810,290,4,True
F,11,811,290,4,True
F,11,812,290,4,True
F,11,813,290,4,True
F,11,814,290,4,True
F,11,815,290,4,True
F,11,816,290,4,True
F,11,817,290,4,True
F,11,818,290,4,True
F,11,819,290,4,True
F,11,820,290,4,True
F,11,821,290,4,True
F,11,822,290,4,True
F,11,823,290,4,True
F,11,824,290,4,True
F,11,825,290,4,True
F,11,826,290,4,True
F,11,827,290,4,True
F,11,828,290,4,True
F,11,829,290,4,True
F,11,830,290,4,True
F,11,831,290,4,True
F,11,832,290,4,True
F,11,833,290,4,True
F,11,834,290,4,True
F,11,835,290,4,True
F,11,836,290,4,True
F,11,837,290,4,True
F,11,838,290,4,True
F,11,839,290,4,True
F,11,840,290,4,True
F,11,841,290,4,True
F,11,842,290,4,True
F,11,843,290,4,True
F,11,844,290,4,True
F,11,845,290,4,True
F,11,846,290,4,True
F,11,847,290,4,True
F,11,848,290,4,True
F,11,849,290,4,True
F,11,850,290,4,True
F,11,851,290,4,True
F,11,852,290,4,True
F,11,853,290,4,True
F,11,854,290,4,True
F,11,855,290,4,True
F,11,856,290,4,True
F,11,857,290,4,True
F,11,858,290,4,True
F,11,859,290,4,True
F,11,860,290,4,True
F,11,861,290,4,True
F,11,862,290,4,True
F,11,863,290,4,True
F,11,864,290,4,True
F,11,865,290,4,True
F,11,866,290,4,True
F,11,867,290,4,True
F,11,868,290,4,True
F,11,869,290,4,True
F,11,870,290,4,True
F,11,871,290,4,True
F,11,872,290,4,True
F,11,873,290,4,True
F,11,874,290,4,True
F,11,875,290,4,True
F,11,876,290,4,True
F,11,877,290,4,True
F,11,878,290,4,True
F,11,879,290,4,True
F,11,880,290,4,True
F,11,881,290,4,True
F,11,882,290,4,True
F,11,883,290,4,True
F,11,884,290,4,True
F,11,885,290,4,True
F,11,886,290,4,True
F,11,887,290,4,True
F,11,888,290,4,True
F,11,889,290,4,True
F,11,890,290,4,True
F,11,891,290,4,True
F,11,892,290,4,True
F,11,893,290,4,True
F,11,894,290,4,True
F,11,895,290,4,True
F,11,896,290,4,True
F,11,897,290,4,True
F,11,898,290,4,True
F,11,899,290,4,True
F,11,900,290,4,True
F,11,901,290,4,True
F,11,902,290,4,True
F,11,903,290,4,True
F,11,904,290,4,True
F,11,905,290,4,True
F,11,906,290,4,True
F,11,907,290,4,True
F,11,908,290,4,True
F,11,909,290,4,True
F,11,910,290,4,True
F,11,911,290,4,True
F,11,912,290,4,True
F,11,913,290,4,True
F,11,914,290,4,True
F,11,915,290,4,True
F,11,916,290,4,True
F,11,917,290,4,True
F,11,918,290,4,True
F,11,919,290,4,True
F,11,920,290,4,True
F,11,921,290,4,True
F,11,922,290,4,True
F,11,923,290,4,True
F,11,924,290,4,True
F,11,925,290,4,True
F,11,926,290,4,True
F,11,927,290,4,True
F,11,928,290,4,True
F,11,929,290,4,True
F,11,930,290,4,True
F,11,931,290,4,True
F,11,932,290,4,True
F,11,933,290,4,True
F,11,934,290,4,True
F,11,935,290,4,True
F,11,936,290,4,True
F,11,937,290,4,True
F,11,938,290,4,True
F,11,939,290,4,True
F,11,940,290,4,True
F,11,941,290,4,True
F,11,942,290,4,True
F,11,943,290,4,True
F,11,944,290,4,True
F,11,945,290,4,True
F,11,946,290,4,True
F,11,947,290,4,True
F,11,948,290,4,True
F,11,949,290,4,True
F,11,950,290,4,True
F,11,951,290,4,True
F,11,952,290,4,True
F,11,953,290,4,True
F,11,954,290,4,True
F,11,955,290,4,True
F,11,956,290,4,True
F,11,957,290,4,True
F,11,958,290,4,True
F,11,959,290,4,True
F,11,960,290,4,True
F,11,961,290,4,True
F,11,962,290,4,True
F,11,963,290,4,True
F,11,964,290,4,True
F,11,965,290,4,True
F,11,966,290,4,True
F,11,967,290,4,True
F,11,968,290,4,True
F,11,969,290,4,True
F,11,970,290,4,True
F,11,971,290,4,True
F,11,972,290,4,True
F,11,973,290,4,True
F,11,974,290,4,True
F,11,975,290,4,True
F,11,976,290,4,True
F,11,977,290,4,True
F,11,978,290,4,True
F,11,979,290,4,True
F,11,980,290,4,True
F,11,981,290,4,True
F,11,982,290,4,True
F,11,983,290,4,True
F,11,984,290,4,True
F,11,985,290,4,True
F,11,986,290,4,True
F,11,987,290,4,True
F,11,988,290,4,True
F,11,989,290,4,True
F,11,990,290,4,True
F,11,991,290,4,True
F,11,992,290,4,True
F,11,993,290,4,True
F,11,994,290,4,True
F,11,995,290,4,True
F,11,996,290,4,True
F,11,997,290,4,True
F,11,998,290,4,True
F,11,999,290,4,True
F,11,1000,290,4,True
F,12,0,365,4,True
F,12,1,364,4,True
F,12,2,364,4,True
F,12,3,364,4,True
F,12,4,336,4,True
F,12,5,331,4,True
F,12,6,330,4,True
F,12,7,330,4,True
F,12,8,329,4,True
F,12,9,323,4,True
F,12,10,323,4,True
F,12,11,323,4,True
F,12,12,323,4,True
F,12,13,321,4,True
F,12,14,321,4,True
F,12,15,318,4,True
F,12,16,317,4,True
F,12,17,317,4,True
F,12,18,316,4,True
F,12,19,315,4,True
F,12,20,315,4,True
F,12,21,311,4,True
F,12,22,308,4,True
F,12,23,307,4,True
F,12,24,307,4,True
F,12,25,307,4,True
F,12,26,307,4,True
F,12,27,307,4,True
F,12,28,307,4,True
F,12,29,307,4,True
F,12,30,307,4,True
F,12,31,306,4,True
F,12,32,303,4,True
F,12,33,303,4,True
F,12,34,303,4,True
F,12,35,293,4,True
F,12,36,293,4,True
F,12,37,293,4,True
F,12,38,293,4,True
F,12,39,293,4,True
F,12,40,293,4,True
F,12,41,293,4,True
F,12,42,293,4,True
F,12,43,292,4,True
F,12,44,291,4,True
F,12,45,288,4,True
F,12,46,288,4,True
F,12,47,288,4,True
F,12,48,286,4,True
F,12,49,286,4,True
F,12,50,286,4,True
F,12,51,286,4,True
F,12,52,286,4,True
F,12,53,286,4,True
F,12,54,286,4,True
F,12,55,286,4,True
F,12,56,286,4,True
F,12,57,286,4,True
F,12,58,286,4,True
F,12,59,286,4,True
F,12,60,286,4,True
F,12,61,286,4,True
F,12,62,286,4,True
F,12,63,286,4,True
F,12,64,286,4,True
F,12,65,286,4,True
F,12,66,286,4,True
F,12,67,286,4,True
F,12,68,286,4,True
F,12,69,286,4,True
F,12,70,286,4,True
F,12,71,286,4,True
F,12,72,286,4,True
F,12,73,286,4,True
F,12,74,286,4,True
F,12,75,286,4,True
F,12,76,286,4,True
F,12,77,286,4,True
F,12,78,286,4,True
F,12,79,286,4,True
F,12,80,286,4,True
F,12,81,286,4,True
F,12,82,286,4,True
F,12,83,286,4,True
F,12,84,286,4,True
F,12,85,286,4,True
F,12,86,286,4,True
F,12,87,286,4,True
F,12,88,286,4,True
F,12,89,286,4,True
F,12,90,286,4,True
F,12,91,286,4,True
F,12,92,286,4,True
F,12,93,286,4,True
F,12,94,286,4,True
F,12,95,286,4,True
F,12,96,286,4,True
F,12,97,286,4,True
F,12,98,286,4,True
F,12,99,286,4,True
F,12,100,286,4,True
F,12,101,286,4,True
F,12,102,286,4,True
F,12,103,286,4,True
F,12,104,286,4,True
F,12,105,286,4,True
F,12,106,286,4,True
F,12,107,286,4,True
F,12,108,286,4,True
F,12,109,286,4,True
F,12,110,286,4,True
F,12,111,286,4,True
F,12,112,286,4,True
F,12,113,286,4,True
F,12,114,286,4,True
F,12,115,286,4,True
F,12,116,286,4,True
F,12,117,286,4,True
F,12,118,286,4,True
F,12,119,286,4,True
F,12,120,286,4,True
F,12,121,286,4,True
F,12,122,286,4,True
F,12,123,286,4,True
F,12,124,286,4,True
F,12,125,286,4,True
F,12,126,286,4,True
F,12,127,286,4,True
F,12,128,286,4,True
F,12,129,286,4,True
F,12,130,286,4,True
F,12,131,286,4,True
F,12,132,286,4,True
F,12,133,286,4,True
F,12,134,286,4,True
F,12,135,286,4,True
F,12,136,286,4,True
F,12,137,286,4,True
F,12,138,286,4,True
F,12,139,286,4,True
F,12,140,286,4,True
F,12,141,286,4,True
F,12,142,286,4,True
F,12,143,286,4,True
F,12,144,286,4,True
F,12,145,286,4,True
F,12,146,286,4,True
F,12,147,286,4,True
F,12,148,286,4,True
F,12,149,286,4,True
F,12,150,286,4,True
F,12,151,286,4,True
F,12,152,286,4,True
F,12,153,286,4,True
F,12,154,286,4,True
F,12,155,286,4,True
F,12,156,286,4,True
F,12,157,286,4,True
F,12,158,286,4,True
F,12,159,286,4,True
F,12,160,286,4,True
F,12,161,286,4,True
F,12,162,286,4,True
F,12,163,286,4,True
F,12,164,286,4,True
F,12,165,286,4,True
F,12,166,286,4,True
F,12,167,286,4,True
F,12,168,286,4,True
F,12,169,286,4,True
F,12,170,286,4,True
F,12,171,286,4,True
F,12,172,286,4,True
F,12,173,286,4,True
F,12,174,286,4,True
F,12,175,286,4,True
F,12,176,286,4,True
F,12,177,286,4,True
F,12,178,286,4,True
F,12,179,286,4,True
F,12,180,286,4,True
F,12,181,286,4,True
F,12,182,286,4,True
F,12,183,286,4,True
F,12,184,286,4,True
F,12,185,286,4,True
F,12,186,286,4,True
F,12,187,286,4,True
F,12,188,286,4,True
F,12,189,286,4,True
F,12,190,286,4,True
F,12,191,286,4,True
F,12,192,286,4,True
F,12,193,286,4,True
F,12,194,286,4,True
F,12,195,286,4,True
F,12,196,286,4,True
F,12,197,286,4,True
F,12,198,286,4,True
F,12,199,286,4,True
F,12,200,286,4,True
F,12,201,286,4,True
F,12,202,286,4,True
F,12,203,286,4,True
F,12,204,286,4,True
F,12,205,286,4,True
F,12,206,286,4,True
F,12,207,286,4,True
F,12,208,286,4,True
F,12,209,286,4,True
F,12,210,286,4,True
F,12,211,286,4,True
F,12,212,286,4,True
F,12,213,286,4,True
F,12,214,286,4,True
F,12,215,286,4,True
F,12,216,286,4,True
F,12,217,286,4,True
F,12,218,286,4,True
F,12,219,286,4,True
F,12,220,286,4,True
F,12,221,286,4,True
F,12,222,286,4,True
F,12,223,286,4,True
F,12,224,286,4,True
F,12,225,286,4,True
F,12,226,286,4,True
F,12,227,286,4,True
F,12,228,286,4,True
F,12,229,286,4,True
F,12,230,286,4,True
F,12,231,286,4,True
F,12,232,286,4,True
F,12,233,286,4,True
F,12,234,286,4,True
F,12,235,286,4,True
F,12,236,286,4,True
F,12,237,286,4,True
F,12,238,286,4,True
F,12,239,286,4,True
F,12,240,286,4,True
F,12,241,286,4,True
F,12,242,286,4,True
F,12,243,286,4,True
F,12,244,286,4,True
F,12,245,286,4,True
F,12,246,286,4,True
F,12,247,286,4,True
F,12,248,286,4,True
F,12,249,286,4,True
F,12,250,286,4,True
F,12,251,286,4,True
F,12,252,286,4,True
F,12,253,286,4,True
F,12,254,286,4,True
F,12,255,286,4,True
F,12,256,286,4,True
F,12,257,286,4,True
F,12,258,286,4,True
F,12,259,286,4,True
F,12,260,286,4,True
F,12,261,286,4,True
F,12,262,286,4,True
F,12,263,286,4,True
F,12,264,286,4,True
F,12,265,286,4,True
F,12,266,286,4,True
F,12,267,286,4,True
F,12,268,286,4,True
F,12,269,286,4,True
F,12,270,286,4,True
F,12,271,286,4,True
F,12,272,286,4,True
F,12,273,286,4,True
F,12,274,286,4,True
F,12,275,286,4,True
F,12,276,286,4,True
F,12,277,286,4,True
F,12,278,286,4,True
F,12,279,286,4,True
F,12,280,286,4,True
F,12,281,286,4,True
F,12,282,286,4,True
F,12,283,286,4,True
F,12,284,286,4,True
F,12,285,286,4,True
F,12,286,286,4,True
F,12,287,286,4,True
F,12,288,286,4,True
F,12,289,286,4,True
F,12,290,286,4,True
F,12,291,286,4,True
F,12,292,286,4,True
F,12,293,286,4,True
F,12,294,286,4,True
F,12,295,286,4,True
F,12,296,286,4,True
F,12,297,286,4,True
F,12,298,286,4,True
F,12,299,286,4,True
F,12,300,286,4,True
F,12,301,286,4,True
F,12,302,286,4,True
F,12,303,286,4,True
F,12,304,286,4,True
F,12,305,286,4,True
F,12,306,286,4,True
F,12,307,286,4,True
F,12,308,286,4,True
F,12,309,286,4,True
F,12,310,286,4,True
F,12,311,286,4,True
F,12,312,286,4,True
F,12,313,286,4,True
F,12,314,286,4,True
F,12,315,286,4,True
F,12,316,286,4,True
F,12,317,286,4,True
F,12,318,286,4,True
F,12,319,286,4,True
F,12,320,286,4,True
F,12,321,286,4,True
F,12,322,286,4,True
F,12,323,286,4,True
F,12,324,286,4,True
F,12,325,286,4,True
F,12,326,286,4,True
F,12,327,286,4,True
F,12,328,286,4,True
F,12,329,286,4,True
F,12,330,286,4,True
F,12,331,286,4,True
F,12,332,286,4,True
F,12,333,286,4,True
F,12,334,286,4,True
F,12,335,286,4,True
F,12,336,286,4,True
F,12,337,286,4,True
F,12,338,286,4,True
F,12,339,286,4,True
F,12,340,286,4,True
F,12,341,286,4,True
F,12,342,286,4,True
F,12,343,286,4,True
F,12,344,286,4,True
F,12,345,286,4,True
F,12,346,286,4,True
F,12,347,286,4,True
F,12,348,286,4,True
F,12,349,286,4,True
F,12,350,286,4,True
F,12,351,286,4,True
F,12,352,286,4,True
F,12,353,286,4,True
F,12,354,286,4,True
F,12,355,286,4,True
F,12,356,286,4,True
F,12,357,286,4,True
F,12,358,286,4,True
F,12,359,286,4,True
F,12,360,286,4,True
F,12,361,286,4,True
F,12,362,286,4,True
F,12,363,286,4,True
F,12,364,286,4,True
F,12,365,286,4,True
F,12,366,286,4,True
F,12,367,286,4,True
F,12,368,286,4,True
F,12,369,286,4,True
F,12,370,286,4,True
F,12,371,286,4,True
F,12,372,286,4,True
F,12,373,286,4,True
F,12,374,286,4,True
F,12,375,286,4,True
F,12,376,286,4,True
F,12,377,286,4,True
F,12,378,286,4,True
F,12,379,286,4,True
F,12,380,286,4,True
F,12,381,286,4,True
F,12,382,286,4,True
F,12,383,286,4,True
F,12,384,286,4,True
F,12,385,286,4,True
F,12,386,286,4,True
F,12,387,286,4,True
F,12,388,286,4,True
F,12,389,286,4,True
F,12,390,286,4,True
F,12,391,286,4,True
F,12,392,286,4,True
F,12,393,286,4,True
F,12,394,286,4,True
F,12,395,286,4,True
F,12,396,286,4,True
F,12,397,286,4,True
F,12,398,286,4,True
F,12,399,286,4,True
F,12,400,286,4,True
F,12,401,286,4,True
F,12,402,286,4,True
F,12,403,286,4,True
F,12,404,286,4,True
F,12,405,286,4,True
F,12,406,286,4,True
F,12,407,286,4,True
F,12,408,286,4,True
F,12,409,286,4,True
F,12,410,286,4,True
F,12,411,286,4,True
F,12,412,286,4,True
F,12,413,286,4,True
F,12,414,286,4,True
F,12,415,286,4,True
F,12,416,286,4,True
F,12,417,286,4,True
F,12,418,286,4,True
F,12,419,286,4,True
F,12,420,286,4,True
F,12,421,286,4,True
F,12,422,286,4,True
F,12,423,286,4,True
F,12,424,286,4,True
F,12,425,286,4,True
F,12,426,286,4,True
F,12,427,286,4,True
F,12,428,286,4,True
F,12,429,286,4,True
F,12,430,286,4,True
F,12,431,286,4,True
F,12,432,286,4,True
F,12,433,286,4,True
F,12,434,286,4,True
F,12,435,286,4,True
F,12,436,286,4,True
F,12,437,286,4,True
F,12,438,286,4,True
F,12,439,286,4,True
F,12,440,286,4,True
F,12,441,286,4,True
F,12,442,286,4,True
F,12,443,286,4,True
F,12,444,286,4,True
F,12,445,286,4,True
F,12,446,286,4,True
F,12,447,286,4,True
F,12,448,286,4,True
F,12,449,286,4,True
F,12,450,286,4,True
F,12,451,286,4,True
F,12,452,286,4,True
F,12,453,286,4,True
F,12,454,286,4,True
F,12,455,286,4,True
F,12,456,286,4,True
F,12,457,286,4,True
F,12,458,286,4,True
F,12,459,286,4,True
F,12,460,286,4,True
F,12,461,286,4,True
F,12,462,286,4,True
F,12,463,286,4,True
F,12,464,286,4,True
F,12,465,286,4,True
F,12,466,286,4,True
F,12,467,286,4,True
F,12,468,286,4,True
F,12,469,286,4,True
F,12,470,286,4,True
F,12,471,286,4,True
F,12,472,286,4,True
F,12,473,286,4,True
F,12,474,286,4,True
F,12,475,286,4,True
F,12,476,286,4,True
F,12,477,286,4,True
F,12,478,286,4,True
F,12,479,286,4,True
F,12,480,286,4,True
F,12,481,286,4,True
F,12,482,286,4,True
F,12,483,286,4,True
F,12,484,286,4,True
F,12,485,286,4,True
F,12,486,286,4,True
F,12,487,286,4,True
F,12,488,286,4,True
F,12,489,286,4,True
F,12,490,286,4,True
F,12,491,286,4,True
F,12,492,286,4,True
F,12,493,286,4,True
F,12,494,286,4,True
F,12,495,286,4,True
F,12,496,286,4,True
F,12,497,286,4,True
F,12,498,286,4,True
F,12,499,286,4,True
F,12,500,286,4,True
F,12,501,286,4,True
F,12,502,286,4,True
F,12,503,286,4,True
F,12,504,286,4,True
F,12,505,286,4,True
F,12,506,286,4,True
F,12,507,286,4,True
F,12,508,286,4,True
F,12,509,286,4,True
F,12,510,286,4,True
F,12,511,286,4,True
F,12,512,286,4,True
F,12,513,286,4,True
F,12,514,286,4,True
F,12,515,286,4,True
F,12,516,286,4,True
F,12,517,286,4,True
F,12,518,286,4,True
F,12,519,286,4,True
F,12,520,286,4,True
F,12,521,286,4,True
F,12,522,286,4,True
F,12,523,286,4,True
F,12,524,286,4,True
F,12,525,286,4,True
F,12,526,286,4,True
F,12,527,286,4,True
F,12,528,286,4,True
F,12,529,286,4,True
F,12,530,286,4,True
F,12,531,286,4,True
F,12,532,286,4,True
F,12,533,286,4,True
F,12,534,286,4,True
F,12,535,286,4,True
F,12,536,286,4,True
F,12,537,286,4,True
F,12,538,286,4,True
F,12,539,286,4,True
F,12,540,286,4,True
F,12,541,286,4,True
F,12,542,286,4,True
F,12,543,286,4,True
F,12,544,286,4,True
F,12,545,286,4,True
F,12,546,286,4,True
F,12,547,286,4,True
F,12,548,286,4,True
F,12,549,286,4,True
F,12,550,286,4,True
F,12,551,286,4,True
F,12,552,286,4,True
F,12,553,286,4,True
F,12,554,286,4,True
F,12,555,286,4,True
F,12,556,286,4,True
F,12,557,286,4,True
F,12,558,286,4,True
F,12,559,286,4,True
F,12,560,286,4,True
F,12,561,286,4,True
F,12,562,286,4,True
F,12,563,286,4,True
F,12,564,286,4,True
F,12,565,286,4,True
F,12,566,286,4,True
F,12,567,286,4,True
F,12,568,286,4,True
F,12,569,286,4,True
F,12,570,286,4,True
F,12,571,286,4,True
F,12,572,286,4,True
F,12,573,286,4,True
F,12,574,286,4,True
F,12,575,286,4,True
F,12,576,286,4,True
F,12,577,286,4,True
F,12,578,286,4,True
F,12,579,286,4,True
F,12,580,286,4,True
F,12,581,286,4,True
F,12,582,286,4,True
F,12,583,286,4,True
F,12,584,286,4,True
F,12,585,286,4,True
F,12,586,286,4,True
F,12,587,286,4,True
F,12,588,286,4,True
F,12,589,286,4,True
F,12,590,286,4,True
F,12,591,286,4,True
F,12,592,286,4,True
F,12,593,286,4,True
F,12,594,286,4,True
F,12,595,286,4,True
F,12,596,286,4,True
F,12,597,286,4,True
F,12,598,286,4,True
F,12,599,286,4,True
F,12,600,286,4,True
F,12,601,286,4,True
F,12,602,286,4,True
F,12,603,286,4,True
F,12,604,286,4,True
F,12,605,286,4,True
F,12,606,286,4,True
F,12,607,286,4,True
F,12,608,286,4,True
F,12,609,286,4,True
F,12,610,286,4,True
F,12,611,286,4,True
F,12,612,286,4,True
F,12,613,286,4,True
F,12,614,286,4,True
F,12,615,286,4,True
F,12,616,286,4,True
F,12,617,286,4,True
F,12,618,286,4,True
F,12,619,286,4,True
F,12,620,286,4,True
F,12,621,286,4,True
F,12,622,286,4,True
F,12,623,286,4,True
F,12,624,286,4,True
F,12,625,286,4,True
F,12,626,286,4,True
F,12,627,286,4,True
F,12,628,286,4,True
F,12,629,286,4,True
F,12,630,286,4,True
F,12,631,286,4,True
F,12,632,286,4,True
F,12,633,286,4,True
F,12,634,286,4,True
F,12,635,286,4,True
F,12,636,286,4,True
F,12,637,286,4,True
F,12,638,286,4,True
F,12,639,286,4,True
F,12,640,286,4,True
F,12,641,286,4,True
F,12,642,286,4,True
F,12,643,286,4,True
F,12,644,286,4,True
F,12,645,286,4,True
F,12,646,286,4,True
F,12,647,286,4,True
F,12,648,286,4,True
F,12,649,286,4,True
F,12,650,286,4,True
F,12,651,286,4,True
F,12,652,286,4,True
F,12,653,286,4,True
F,12,654,286,4,True
F,12,655,286,4,True
F,12,656,286,4,True
F,12,657,286,4,True
F,12,658,286,4,True
F,12,659,286,4,True
F,12,660,286,4,True
F,12,661,286,4,True
F,12,662,286,4,True
F,12,663,286,4,True
F,12,664,286,4,True
F,12,665,286,4,True
F,12,666,286,4,True
F,12,667,286,4,True
F,12,668,286,4,True
F,12,669,286,4,True
F,12,670,286,4,True
F,12,671,286,4,True
F,12,672,286,4,True
F,12,673,286,4,True
F,12,674,286,4,True
F,12,675,286,4,True
F,12,676,286,4,True
F,12,677,286,4,True
F,12,678,286,4,True
F,12,679,286,4,True
F,12,680,286,4,True
F,12,681,286,4,True
F,12,682,286,4,True
F,12,683,286,4,True
F,12,684,286,4,True
F,12,685,286,4,True
F,12,686,286,4,True
F,12,687,286,4,True
F,12,688,286,4,True
F,12,689,286,4,True
F,12,690,286,4,True
F,12,691,286,4,True
F,12,692,286,4,True
F,12,693,286,4,True
F,12,694,286,4,True
F,12,695,286,4,True
F,12,696,286,4,True
F,12,697,286,4,True
F,12,698,286,4,True
F,12,699,286,4,True
F,12,700,286,4,True
F,12,701,286,4,True
F,12,702,286,4,True
F,12,703,286,4,True
F,12,704,286,4,True
F,12,705,286,4,True
F,12,706,286,4,True
F,12,707,286,4,True
F,12,708,286,4,True
F,12,709,286,4,True
F,12,710,286,4,True
F,12,711,286,4,True
F,12,712,286,4,True
F,12,713,286,4,True
F,12,714,286,4,True
F,12,715,286,4,True
F,12,716,286,4,True
F,12,717,286,4,True
F,12,718,286,4,True
F,12,719,286,4,True
F,12,720,286,4,True
F,12,721,286,4,True
F,12,722,286,4,True
F,12,723,286,4,True
F,12,724,286,4,True
F,12,725,286,4,True
F,12,726,286,4,True
F,12,727,286,4,True
F,12,728,286,4,True
F,12,729,286,4,True
F,12,730,286,4,True
F,12,731,286,4,True
F,12,732,286,4,True
F,12,733,286,4,True
F,12,734,286,4,True
F,12,735,286,4,True
F,12,736,286,4,True
F,12,737,286,4,True
F,12,738,286,4,True
F,12,739,286,4,True
F,12,740,286,4,True
F,12,741,286,4,True
F,12,742,286,4,True
F,12,743,286,4,True
F,12,744,286,4,True
F,12,745,286,4,True
F,12,746,286,4,True
F,12,747,286,4,True
F,12,748,286,4,True
F,12,749,286,4,True
F,12,750,286,4,True
F,12,751,286,4,True
F,12,752,286,4,True
F,12,753,286,4,True
F,12,754,286,4,True
F,12,755,286,4,True
F,12,756,286,4,True
F,12,757,286,4,True
F,12,758,286,4,True
F,12,759,286,4,True
F,12,760,286,4,True
F,12,761,286,4,True
F,12,762,286,4,True
F,12,763,286,4,True
F,12,764,286,4,True
F,12,765,286,4,True
F,12,766,286,4,True
F,12,767,286,4,True
F,12,768,286,4,True
F,12,769,286,4,True
F,12,770,286,4,True
F,12,771,286,4,True
F,12,772,286,4,True
F,12,773,286,4,True
F,12,774,286,4,True
F,12,775,286,4,True
F,12,776,286,4,True
F,12,777,286,4,True
F,12,778,286,4,True
F,12,779,286,4,True
F,12,780,286,4,True
F,12,781,286,4,True
F,12,782,286,4,True
F,12,783,286,4,True
F,12,784,286,4,True
F,12,785,286,4,True
F,12,786,286,4,True
F,12,787,286,4,True
F,12,788,286,4,True
F,12,789,286,4,True
F,12,790,286,4,True
F,12,791,286,4,True
F,12,792,286,4,True
F,12,793,286,4,True
F,12,794,286,4,True
F,12,795,286,4,True
F,12,796,286,4,True
F,12,797,286,4,True
F,12,798,286,4,True
F,12,799,286,4,True
F,12,800,286,4,True
F,12,801,286,4,True
F,12,802,286,4,True
F,12,803,286,4,True
F,12,804,286,4,True
F,12,805,286,4,True
F,12,806,286,4,True
F,12,807,286,4,True
F,12,808,286,4,True
F,12,809,286,4,True
F,12,810,286,4,True
F,12,811,286,4,True
F,12,812,286,4,True
F,12,813,286,4,True
F,12,814,286,4,True
F,12,815,286,4,True
F,12,816,286,4,True
F,12,817,286,4,True
F,12,818,286,4,True
F,12,819,286,4,True
F,12,820,286,4,True
F,12,821,286,4,True
F,12,822,286,4,True
F,12,823,286,4,True
F,12,824,286,4,True
F,12,825,286,4,True
F,12,826,286,4,True
F,12,827,286,4,True
F,12,828,286,4,True
F,12,829,286,4,True
F,12,830,286,4,True
F,12,831,286,4,True
F,12,832,286,4,True
F,12,833,286,4,True
F,12,834,286,4,True
F,12,835,286,4,True
F,12,836,286,4,True
F,12,837,286,4,True
F,12,838,286,4,True
F,12,839,286,4,True
F,12,840,286,4,True
F,12,841,286,4,True
F,12,842,286,4,True
F,12,843,286,4,True
F,12,844,286,4,True
F,12,845,286,4,True
F,12,846,286,4,True
F,12,847,286,4,True
F,12,848,286,4,True
F,12,849,286,4,True
F,12,850,286,4,True
F,12,851,286,4,True
F,12,852,286,4,True
F,12,853,286,4,True
F,12,854,286,4,True
F,12,855,286,4,True
F,12,856,286,4,True
F,12,857,286,4,True
F,12,858,286,4,True
F,12,859,286,4,True
F,12,860,286,4,True
F,12,861,286,4,True
F,12,862,286,4,True
F,12,863,286,4,True
F,12,864,286,4,True
F,12,865,286,4,True
F,12,866,286,4,True
F,12,867,286,4,True
F,12,868,286,4,True
F,12,869,286,4,True
F,12,870,286,4,True
F,12,871,286,4,True
F,12,872,286,4,True
F,12,873,286,4,True
F,12,874,286,4,True
F,12,875,286,4,True
F,12,876,286,4,True
F,12,877,286,4,True
F,12,878,286,4,True
F,12,879,286,4,True
F,12,880,286,4,True
F,12,881,286,4,True
F,12,882,286,4,True
F,12,883,286,4,True
F,12,884,286,4,True
F,12,885,286,4,True
F,12,886,286,4,True
F,12,887,286,4,True
F,12,888,286,4,True
F,12,889,286,4,True
F,12,890,286,4,True
F,12,891,286,4,True
F,12,892,286,4,True
F,12,893,286,4,True
F,12,894,286,4,True
F,12,895,286,4,True
F,12,896,286,4,True
F,12,897,286,4,True
F,12,898,286,4,True
F,12,899,286,4,True
F,12,900,286,4,True
F,12,901,286,4,True
F,12,902,286,4,True
F,12,903,286,4,True
F,12,904,286,4,True
F,12,905,286,4,True
F,12,906,286,4,True
F,12,907,286,4,True
F,12,908,286,4,True
F,12,909,286,4,True
F,12,910,286,4,True
F,12,911,286,4,True
F,12,912,286,4,True
F,12,913,286,4,True
F,12,914,286,4,True
F,12,915,286,4,True
F,12,916,286,4,True
F,12,917,286,4,True
F,12,918,286,4,True
F,12,919,286,4,True
F,12,920,286,4,True
F,12,921,286,4,True
F,12,922,286,4,True
F,12,923,286,4,True
F,12,924,286,4,True
F,12,925,286,4,True
F,12,926,286,4,True
F,12,927,286,4,True
F,12,928,286,4,True
F,12,929,286,4,True
F,12,930,286,4,True
F,12,931,286,4,True
F,12,932,286,4,True
F,12,933,286,4,True
F,12,934,286,4,True
F,12,935,286,4,True
F,12,936,286,4,True
F,12,937,286,4,True
F,12,938,286,4,True
F,12,939,286,4,True
F,12,940,286,4,True
F,12,941,286,4,True
F,12,942,286,4,True
F,12,943,286,4,True
F,12,944,286,4,True
F,12,945,286,4,True
F,12,946,286,4,True
F,12,947,286,4,True
F,12,948,286,4,True
F,12,949,286,4,True
F,12,950,286,4,True
F,12,951,286,4,True
F,12,952,286,4,True
F,12,953,286,4,True
F,12,954,286,4,True
F,12,955,286,4,True
F,12,956,286,4,True
F,12,957,286,4,True
F,12,958,286,4,True
F,12,959,286,4,True
F,12,960,286,4,True
F,12,961,286,4,True
F,12,962,286,4,True
F,12,963,286,4,True
F,12,964,286,4,True
F,12,965,286,4,True
F,12,966,286,4,True
F,12,967,286,4,True
F,12,968,286,4,True
F,12,969,286,4,True
F,12,970,286,4,True
F,12,971,286,4,True
F,12,972,286,4,True
F,12,973,286,4,True
F,12,974,286,4,True
F,12,975,286,4,True
F,12,976,286,4,True
F,12,977,286,4,True
F,12,978,286,4,True
F,12,979,286,4,True
F,12,980,286,4,True
F,12,981,286,4,True
F,12,982,286,4,True
F,12,983,286,4,True
F,12,984,286,4,True
F,12,985,286,4,True
F,12,986,286,4,True
F,12,987,286,4,True
F,12,988,286,4,True
F,12,989,286,4,True
F,12,990,286,4,True
F,12,991,286,4,True
F,12,992,286,4,True
F,12,993,286,4,True
F,12,994,286,4,True
F,12,995,286,4,True
F,12,996,286,4,True
F,12,997,286,4,True
F,12,998,286,4,True
F,12,999,286,4,True
F,12,1000,286,4,True
U,10,0,365,4,True
U,10,1,337,4,True
U,10,2,337,4,True
U,10,3,328,4,True
U,10,4,321,4,True
U,10,5,321,4,True
U,10,6,321,4,True
U,10,7,321,4,True
U,10,8,321,4,True
U,10,9,321,4,True
U,10,10,321,4,True
U,10,11,321,4,True
U,10,12,321,4,True
U,10,13,321,4,True
U,10,14,321,4,True
U,10,15,321,4,True
U,10,16,321,4,True
U,10,17,321,4,True
U,10,18,311,4,True
U,10,19,310,4,True
U,10,20,307,4,True
U,10,21,307,4,True
U,10,22,307,4,True
U,10,23,307,4,True
U,10,24,307,4,True
U,10,25,307,4,True
U,10,26,307,4,True
U,10,27,303,4,True
U,10,28,303,4,True
U,10,29,303,4,True
U,10,30,302,4,True
U,10,31,302,4,True
U,10,32,302,4,True
U,10,33,302,4,True
U,10,34,302,4,True
U,10,35,302,4,True
U,10,36,302,4,True
U,10,37,302,4,True
U,10,38,299,4,True
U,10,39,299,4,True
U,10,40,299,4,True
U,10,41,299,4,True
U,10,42,299,4,True
U,10,43,299,4,True
U,10,44,296,4,True
U,10,45,296,4,True
U,10,46,294,4,True
U,10,47,294,4,True
U,10,48,293,4,True
U,10,49,293,4,True
U,10,50,291,4,True
U,10,51,291,4,True
U,10,52,291,4,True
U,10,53,291,4,True
U,10,54,291,4,True
U,10,55,291,4,True
U,10,56,291,4,True
U,10,57,291,4,True
U,10,58,291,4,True
U,10,59,291,4,True
U,10,60,291,4,True
U,10,61,291,4,True
U,10,62,291,4,True
U,10,63,291,4,True
U,10,64,291,4,True
U,10,65,291,4,True
U,10,66,291,4,True
U,10,67,291,4,True
U,10,68,291,4,True
U,10,69,291,4,True
U,10,70,291,4,True
U,10,71,291,4,True
U,10,72,291,4,True
U,10,73,291,4,True
U,10,74,291,4,True
U,10,75,291,4,True
U,10,76,291,4,True
U,10,77,291,4,True
U,10,78,291,4,True
U,10,79,291,4,True
U,10,80,291,4,True
U,10,81,291,4,True
U,10,82,291,4,True
U,10,83,291,4,True
U,10,84,291,4,True
U,10,85,291,4,True
U,10,86,291,4,True
U,10,87,291,4,True
U,10,88,291,4,True
U,10,89,291,4,True
U,10,90,291,4,True
U,10,91,291,4,True
U,10,92,291,4,True
U,10,93,291,4,True
U,10,94,291,4,True
U,10,95,291,4,True
U,10,96,291,4,True
U,10,97,291,4,True
U,10,98,291,4,True
U,10,99,291,4,True
U,10,100,291,4,True
U,10,101,291,4,True
U,10,102,291,4,True
U,10,103,291,4,True
U,10,104,291,4,True
U,10,105,291,4,True
U,10,106,291,4,True
U,10,107,291,4,True
U,10,108,291,4,True
U,10,109,291,4,True
U,10,110,291,4,True
U,10,111,291,4,True
U,10,112,291,4,True
U,10,113,291,4,True
U,10,114,291,4,True
U,10,115,291,4,True
U,10,116,291,4,True
U,10,117,291,4,True
U,10,118,291,4,True
U,10,119,291,4,True
U,10,120,291,4,True
U,10,121,291,4,True
U,10,122,291,4,True
U,10,123,291,4,True
U,10,124,291,4,True
U,10,125,291,4,True
U,10,126,291,4,True
U,10,127,291,4,True
U,10,128,291,4,True
U,10,129,291,4,True
U,10,130,291,4,True
U,10,131,291,4,True
U,10,132,291,4,True
U,10,133,291,4,True
U,10,134,291,4,True
U,10,135,291,4,True
U,10,136,291,4,True
U,10,137,291,4,True
U,10,138,291,4,True
U,10,139,291,4,True
U,10,140,291,4,True
U,10,141,290,4,True
U,10,142,290,4,True
U,10,143,290,4,True
U,10,144,290,4,True
U,10,145,290,4,True
U,10,146,290,4,True
U,10,147,290,4,True
U,10,148,290,4,True
U,10,149,290,4,True
U,10,150,290,4,True
U,10,151,290,4,True
U,10,152,290,4,True
U,10,153,290,4,True
U,10,154,290,4,True
U,10,155,290,4,True
U,10,156,290,4,True
U,10,157,290,4,True
U,10,158,290,4,True
U,10,159,290,4,True
U,10,160,290,4,True
U,10,161,290,4,True
U,10,162,290,4,True
U,10,163,290,4,True
U,10,164,290,4,True
U,10,165,290,4,True
U,10,166,290,4,True
U,10,167,290,4,True
U,10,168,290,4,True
U,10,169,290,4,True
U,10,170,290,4,True
U,10,171,290,4,True
U,10,172,290,4,True
U,10,173,290,4,True
U,10,174,290,4,True
U,10,175,290,4,True
U,10,176,290,4,True
U,10,177,290,4,True
U,10,178,290,4,True
U,10,179,290,4,True
U,10,180,290,4,True
U,10,181,290,4,True
U,10,182,290,4,True
U,10,183,290,4,True
U,10,184,290,4,True
U,10,185,290,4,True
U,10,186,290,4,True
U,10,187,290,4,True
U,10,188,290,4,True
U,10,189,290,4,True
U,10,190,290,4,True
U,10,191,290,4,True
U,10,192,290,4,True
U,10,193,290,4,True
U,10,194,290,4,True
U,10,195,290,4,True
U,10,196,290,4,True
U,10,197,290,4,True
U,10,198,290,4,True
U,10,199,290,4,True
U,10,200,290,4,True
U,10,201,290,4,True
U,10,202,290,4,True
U,10,203,290,4,True
U,10,204,290,4,True
U,10,205,290,4,True
U,10,206,290,4,True
U,10,207,290,4,True
U,10,208,290,4,True
U,10,209,290,4,True
U,10,210,290,4,True
U,10,211,290,4,True
U,10,212,290,4,True
U,10,213,290,4,True
U,10,214,290,4,True
U,10,215,290,4,True
U,10,216,290,4,True
U,10,217,290,4,True
U,10,218,290,4,True
U,10,219,290,4,True
U,10,220,290,4,True
U,10,221,290,4,True
U,10,222,290,4,True
U,10,223,290,4,True
U,10,224,290,4,True
U,10,225,290,4,True
U,10,226,290,4,True
U,10,227,290,4,True
U,10,228,290,4,True
U,10,229,290,4,True
U,10,230,290,4,True
U,10,231,290,4,True
U,10,232,290,4,True
U,10,233,290,4,True
U,10,234,290,4,True
U,10,235,290,4,True
U,10,236,290,4,True
U,10,237,290,4,True
U,10,238,290,4,True
U,10,239,290,4,True
U,10,240,290,4,True
U,10,241,290,4,True
U,10,242,290,4,True
U,10,243,290,4,True
U,10,244,288,4,True
U,10,245,288,4,True
U,10,246,288,4,True
U,10,247,288,4,True
U,10,248,287,4,True
U,10,249,286,4,True
U,10,250,286,4,True
U,10,251,286,4,True
U,10,252,286,4,True
U,10,253,286,4,True
U,10,254,286,4,True
U,10,255,286,4,True
U,10,256,286,4,True
U,10,257,286,4,True
U,10,258,286,4,True
U,10,259,286,4,True
U,10,260,286,4,True
U,10,261,286,4,True
U,10,262,286,4,True
U,10,263,286,4,True
U,10,264,286,4,True
U,10,265,286,4,True
U,10,266,286,4,True
U,10,267,286,4,True
U,10,268,286,4,True
U,10,269,286,4,True
U,10,270,286,4,True
U,10,271,286,4,True
U,10,272,286,4,True
U,10,273,286,4,True
U,10,274,286,4,True
U,10,275,286,4,True
U,10,276,286,4,True
U,10,277,286,4,True
U,10,278,286,4,True
U,10,279,286,4,True
U,10,280,286,4,True
U,10,281,286,4,True
U,10,282,286,4,True
U,10,283,286,4,True
U,10,284,286,4,True
U,10,285,286,4,True
U,10,286,286,4,True
U,10,287,286,4,True
U,10,288,286,4,True
U,10,289,286,4,True
U,10,290,286,4,True
U,10,291,286,4,True
U,10,292,286,4,True
U,10,293,286,4,True
U,10,294,286,4,True
U,10,295,286,4,True
U,10,296,286,4,True
U,10,297,286,4,True
U,10,298,286,4,True
U,10,299,286,4,True
U,10,300,286,4,True
U,10,301,286,4,True
U,10,302,286,4,True
U,10,303,286,4,True
U,10,304,286,4,True
U,10,305,286,4,True
U,10,306,286,4,True
U,10,307,286,4,True
U,10,308,286,4,True
U,10,309,286,4,True
U,10,310,286,4,True
U,10,311,286,4,True
U,10,312,286,4,True
U,10,313,286,4,True
U,10,314,286,4,True
U,10,315,286,4,True
U,10,316,286,4,True
U,10,317,286,4,True
U,10,318,286,4,True
U,10,319,286,4,True
U,10,320,286,4,True
U,10,321,286,4,True
U,10,322,286,4,True
U,10,323,286,4,True
U,10,324,286,4,True
U,10,325,286,4,True
U,10,326,286,4,True
U,10,327,286,4,True
U,10,328,286,4,True
U,10,329,286,4,True
U,10,330,286,4,True
U,10,331,286,4,True
U,10,332,285,4,True
U,10,333,285,4,True
U,10,334,285,4,True
U,10,335,285,4,True
U,10,336,285,4,True
U,10,337,285,4,True
U,10,338,285,4,True
U,10,339,285,4,True
U,10,340,285,4,True
U,10,341,285,4,True
U,10,342,285,4,True
U,10,343,285,4,True
U,10,344,285,4,True
U,10,345,285,4,True
U,10,346,285,4,True
U,10,347,285,4,True
U,10,348,285,4,True
U,10,349,285,4,True
U,10,350,284,4,True
U,10,351,284,4,True
U,10,352,284,4,True
U,10,353,284,4,True
U,10,354,284,4,True
U,10,355,284,4,True
U,10,356,284,4,True
U,10,357,284,4,True
U,10,358,284,4,True
U,10,359,284,4,True
U,10,360,284,4,True
U,10,361,284,4,True
U,10,362,284,4,True
U,10,363,284,4,True
U,10,364,284,4,True
U,10,365,284,4,True
U,10,366,284,4,True
U,10,367,284,4,True
U,10,368,284,4,True
U,10,369,284,4,True
U,10,370,284,4,True
U,10,371,284,4,True
U,10,372,284,4,True
U,10,373,284,4,True
U,10,374,284,4,True
U,10,375,284,4,True
U,10,376,284,4,True
U,10,377,284,4,True
U,10,378,284,4,True
U,10,379,284,4,True
U,10,380,284,4,True
U,10,381,284,4,True
U,10,382,284,4,True
U,10,383,284,4,True
U,10,384,284,4,True
U,10,385,284,4,True
U,10,386,284,4,True
U,10,387,284,4,True
U,10,388,284,4,True
U,10,389,284,4,True
U,10,390,284,4,True
U,10,391,284,4,True
U,10,392,284,4,True
U,10,393,284,4,True
U,10,394,284,4,True
U,10,395,284,4,True
U,10,396,284,4,True
U,10,397,284,4,True
U,10,398,284,4,True
U,10,399,284,4,True
U,10,400,284,4,True
U,10,401,284,4,True
U,10,402,284,4,True
U,10,403,284,4,True
U,10,404,284,4,True
U,10,405,284,4,True
U,10,406,284,4,True
U,10,407,284,4,True
U,10,408,284,4,True
U,10,409,284,4,True
U,10,410,284,4,True
U,10,411,284,4,True
U,10,412,284,4,True
U,10,413,284,4,True
U,10,414,284,4,True
U,10,415,284,4,True
U,10,416,284,4,True
U,10,417,284,4,True
U,10,418,284,4,True
U,10,419,284,4,True
U,10,420,284,4,True
U,10,421,284,4,True
U,10,422,284,4,True
U,10,423,284,4,True
U,10,424,284,4,True
U,10,425,284,4,True
U,10,426,284,4,True
U,10,427,284,4,True
U,10,428,284,4,True
U,10,429,284,4,True
U,10,430,284,4,True
U,10,431,284,4,True
U,10,432,284,4,True
U,10,433,284,4,True
U,10,434,284,4,True
U,10,435,284,4,True
U,10,436,284,4,True
U,10,437,284,4,True
U,10,438,284,4,True
U,10,439,284,4,True
U,10,440,284,4,True
U,10,441,284,4,True
U,10,442,284,4,True
U,10,443,284,4,True
U,10,444,284,4,True
U,10,445,284,4,True
U,10,446,284,4,True
U,10,447,284,4,True
U,10,448,284,4,True
U,10,449,284,4,True
U,10,450,284,4,True
U,10,451,284,4,True
U,10,452,284,4,True
U,10,453,284,4,True
U,10,454,284,4,True
U,10,455,284,4,True
U,10,456,284,4,True
U,10,457,284,4,True
U,10,458,284,4,True
U,10,459,284,4,True
U,10,460,284,4,True
U,10,461,284,4,True
U,10,462,284,4,True
U,10,463,284,4,True
U,10,464,284,4,True
U,10,465,284,4,True
U,10,466,284,4,True
U,10,467,284,4,True
U,10,468,284,4,True
U,10,469,284,4,True
U,10,470,284,4,True
U,10,471,284,4,True
U,10,472,284,4,True
U,10,473,284,4,True
U,10,474,284,4,True
U,10,475,284,4,True
U,10,476,284,4,True
U,10,477,284,4,True
U,10,478,284,4,True
U,10,479,284,4,True
U,10,480,284,4,True
U,10,481,284,4,True
U,10,482,284,4,True
U,10,483,284,4,True
U,10,484,284,4,True
U,10,485,284,4,True
U,10,486,284,4,True
U,10,487,284,4,True
U,10,488,284,4,True
U,10,489,284,4,True
U,10,490,284,4,True
U,10,491,284,4,True
U,10,492,284,4,True
U,10,493,284,4,True
U,10,494,284,4,True
U,10,495,284,4,True
U,10,496,284,4,True
U,10,497,284,4,True
U,10,498,284,4,True
U,10,499,284,4,True
U,10,500,284,4,True
U,10,501,284,4,True
U,10,502,284,4,True
U,10,503,284,4,True
U,10,504,284,4,True
U,10,505,284,4,True
U,10,506,284,4,True
U,10,507,284,4,True
U,10,508,284,4,True
U,10,509,284,4,True
U,10,510,284,4,True
U,10,511,284,4,True
U,10,512,284,4,True
U,10,513,284,4,True
U,10,514,284,4,True
U,10,515,284,4,True
U,10,516,284,4,True
U,10,517,284,4,True
U,10,518,284,4,True
U,10,519,284,4,True
U,10,520,284,4,True
U,10,521,284,4,True
U,10,522,284,4,True
U,10,523,284,4,True
U,10,524,284,4,True
U,10,525,284,4,True
U,10,526,284,4,True
U,10,527,284,4,True
U,10,528,284,4,True
U,10,529,284,4,True
U,10,530,284,4,True
U,10,531,284,4,True
U,10,532,284,4,True
U,10,533,284,4,True
U,10,534,284,4,True
U,10,535,284,4,True
U,10,536,284,4,True
U,10,537,284,4,True
U,10,538,284,4,True
U,10,539,284,4,True
U,10,540,284,4,True
U,10,541,284,4,True
U,10,542,284,4,True
U,10,543,284,4,True
U,10,544,284,4,True
U,10,545,284,4,True
U,10,546,284,4,True
U,10,547,284,4,True
U,10,548,284,4,True
U,10,549,284,4,True
U,10,550,284,4,True
U,10,551,284,4,True
U,10,552,284,4,True
U,10,553,284,4,True
U,10,554,284,4,True
U,10,555,284,4,True
U,10,556,284,4,True
U,10,557,284,4,True
U,10,558,284,4,True
U,10,559,284,4,True
U,10,560,284,4,True
U,10,561,284,4,True
U,10,562,284,4,True
U,10,563,284,4,True
U,10,564,284,4,True
U,10,565,284,4,True
U,10,566,284,4,True
U,10,567,284,4,True
U,10,568,284,4,True
U,10,569,284,4,True
U,10,570,284,4,True
U,10,571,284,4,True
U,10,572,284,4,True
U,10,573,284,4,True
U,10,574,284,4,True
U,10,575,284,4,True
U,10,576,284,4,True
U,10,577,284,4,True
U,10,578,284,4,True
U,10,579,284,4,True
U,10,580,284,4,True
U,10,581,284,4,True
U,10,582,284,4,True
U,10,583,284,4,True
U,10,584,284,4,True
U,10,585,284,4,True
U,10,586,284,4,True
U,10,587,284,4,True
U,10,588,284,4,True
U,10,589,284,4,True
U,10,590,284,4,True
U,10,591,284,4,True
U,10,592,284,4,True
U,10,593,284,4,True
U,10,594,284,4,True
U,10,595,284,4,True
U,10,596,284,4,True
U,10,597,284,4,True
U,10,598,284,4,True
U,10,599,284,4,True
U,10,600,284,4,True
U,10,601,284,4,True
U,10,602,284,4,True
U,10,603,284,4,True
U,10,604,284,4,True
U,10,605,284,4,True
U,10,606,284,4,True
U,10,607,284,4,True
U,10,608,284,4,True
U,10,609,284,4,True
U,10,610,284,4,True
U,10,611,284,4,True
U,10,612,284,4,True
U,10,613,284,4,True
U,10,614,284,4,True
U,10,615,284,4,True
U,10,616,284,4,True
U,10,617,284,4,True
U,10,618,284,4,True
U,10,619,284,4,True
U,10,620,284,4,True
U,10,621,284,4,True
U,10,622,284,4,True
U,10,623,284,4,True
U,10,624,284,4,True
U,10,625,284,4,True
U,10,626,284,4,True
U,10,627,284,4,True
U,10,628,284,4,True
U,10,629,284,4,True
U,10,630,284,4,True
U,10,631,284,4,True
U,10,632,284,4,True
U,10,633,284,4,True
U,10,634,284,4,True
U,10,635,284,4,True
U,10,636,284,4,True
U,10,637,284,4,True
U,10,638,284,4,True
U,10,639,284,4,True
U,10,640,284,4,True
U,10,641,284,4,True
U,10,642,284,4,True
U,10,643,284,4,True
U,10,644,284,4,True
U,10,645,284,4,True
U,10,646,284,4,True
U,10,647,284,4,True
U,10,648,284,4,True
U,10,649,284,4,True
U,10,650,284,4,True
U,10,651,284,4,True
U,10,652,284,4,True
U,10,653,284,4,True
U,10,654,284,4,True
U,10,655,284,4,True
U,10,656,284,4,True
U,10,657,284,4,True
U,10,658,284,4,True
U,10,659,284,4,True
U,10,660,284,4,True
U,10,661,284,4,True
U,10,662,284,4,True
U,10,663,284,4,True
U,10,664,284,4,True
U,10,665,284,4,True
U,10,666,284,4,True
U,10,667,284,4,True
U,10,668,284,4,True
U,10,669,284,4,True
U,10,670,284,4,True
U,10,671,284,4,True
U,10,672,284,4,True
U,10,673,284,4,True
U,10,674,284,4,True
U,10,675,284,4,True
U,10,676,284,4,True
U,10,677,284,4,True
U,10,678,284,4,True
U,10,679,284,4,True
U,10,680,284,4,True
U,10,681,284,4,True
U,10,682,284,4,True
U,10,683,284,4,True
U,10,684,284,4,True
U,10,685,284,4,True
U,10,686,284,4,True
U,10,687,284,4,True
U,10,688,284,4,True
U,10,689,284,4,True
U,10,690,284,4,True
U,10,691,284,4,True
U,10,692,284,4,True
U,10,693,284,4,True
U,10,694,284,4,True
U,10,695,284,4,True
U,10,696,284,4,True
U,10,697,284,4,True
U,10,698,284,4,True
U,10,699,284,4,True
U,10,700,284,4,True
U,10,701,284,4,True
U,10,702,284,4,True
U,10,703,284,4,True
U,10,704,284,4,True
U,10,705,284,4,True
U,10,706,284,4,True
U,10,707,284,4,True
U,10,708,284,4,True
U,10,709,284,4,True
U,10,710,284,4,True
U,10,711,284,4,True
U,10,712,284,4,True
U,10,713,284,4,True
U,10,714,284,4,True
U,10,715,284,4,True
U,10,716,284,4,True
U,10,717,284,4,True
U,10,718,284,4,True
U,10,719,284,4,True
U,10,720,284,4,True
U,10,721,284,4,True
U,10,722,284,4,True
U,10,723,284,4,True
U,10,724,284,4,True
U,10,725,284,4,True
U,10,726,284,4,True
U,10,727,284,4,True
U,10,728,284,4,True
U,10,729,284,4,True
U,10,730,284,4,True
U,10,731,284,4,True
U,10,732,284,4,True
U,10,733,284,4,True
U,10,734,284,4,True
U,10,735,284,4,True
U,10,736,284,4,True
U,10,737,284,4,True
U,10,738,284,4,True
U,10,739,284,4,True
U,10,740,284,4,True
U,10,741,284,4,True
U,10,742,284,4,True
U,10,743,284,4,True
U,10,744,284,4,True
U,10,745,284,4,True
U,10,746,284,4,True
U,10,747,284,4,True
U,10,748,284,4,True
U,10,749,284,4,True
U,10,750,284,4,True
U,10,751,284,4,True
U,10,752,284,4,True
U,10,753,284,4,True
U,10,754,284,4,True
U,10,755,284,4,True
U,10,756,284,4,True
U,10,757,284,4,True
U,10,758,284,4,True
U,10,759,284,4,True
U,10,760,284,4,True
U,10,761,284,4,True
U,10,762,284,4,True
U,10,763,284,4,True
U,10,764,284,4,True
U,10,765,284,4,True
U,10,766,284,4,True
U,10,767,284,4,True
U,10,768,284,4,True
U,10,769,284,4,True
U,10,770,284,4,True
U,10,771,284,4,True
U,10,772,284,4,True
U,10,773,284,4,True
U,10,774,284,4,True
U,10,775,284,4,True
U,10,776,284,4,True
U,10,777,284,4,True
U,10,778,284,4,True
U,10,779,284,4,True
U,10,780,284,4,True
U,10,781,284,4,True
U,10,782,284,4,True
U,10,783,284,4,True
U,10,784,284,4,True
U,10,785,284,4,True
U,10,786,284,4,True
U,10,787,284,4,True
U,10,788,284,4,True
U,10,789,284,4,True
U,10,790,284,4,True
U,10,791,284,4,True
U,10,792,284,4,True
U,10,793,284,4,True
U,10,794,284,4,True
U,10,795,284,4,True
U,10,796,284,4,True
U,10,797,284,4,True
U,10,798,284,4,True
U,10,799,284,4,True
U,10,800,284,4,True
U,10,801,284,4,True
U,10,802,284,4,True
U,10,803,284,4,True
U,10,804,284,4,True
U,10,805,284,4,True
U,10,806,284,4,True
U,10,807,284,4,True
U,10,808,284,4,True
U,10,809,284,4,True
U,10,810,284,4,True
U,10,811,284,4,True
U,10,812,284,4,True
U,10,813,284,4,True
U,10,814,284,4,True
U,10,815,284,4,True
U,10,816,284,4,True
U,10,817,284,4,True
U,10,818,284,4,True
U,10,819,284,4,True
U,10,820,284,4,True
U,10,821,284,4,True
U,10,822,284,4,True
U,10,823,284,4,True
U,10,824,284,4,True
U,10,825,284,4,True
U,10,826,284,4,True
U,10,827,284,4,True
U,10,828,284,4,True
U,10,829,284,4,True
U,10,830,284,4,True
U,10,831,284,4,True
U,10,832,284,4,True
U,10,833,284,4,True
U,10,834,284,4,True
U,10,835,284,4,True
U,10,836,284,4,True
U,10,837,284,4,True
U,10,838,284,4,True
U,10,839,284,4,True
U,10,840,284,4,True
U,10,841,284,4,True
U,10,842,284,4,True
U,10,843,284,4,True
U,10,844,284,4,True
U,10,845,284,4,True
U,10,846,284,4,True
U,10,847,284,4,True
U,10,848,284,4,True
U,10,849,284,4,True
U,10,850,284,4,True
U,10,851,284,4,True
U,10,852,284,4,True
U,10,853,284,4,True
U,10,854,284,4,True
U,10,855,284,4,True
U,10,856,284,4,True
U,10,857,284,4,True
U,10,858,284,4,True
U,10,859,284,4,True
U,10,860,284,4,True
U,10,861,284,4,True
U,10,862,284,4,True
U,10,863,284,4,True
U,10,864,284,4,True
U,10,865,284,4,True
U,10,866,284,4,True
U,10,867,284,4,True
U,10,868,284,4,True
U,10,869,284,4,True
U,10,870,284,4,True
U,10,871,284,4,True
U,10,872,284,4,True
U,10,873,284,4,True
U,10,874,284,4,True
U,10,875,284,4,True
U,10,876,284,4,True
U,10,877,284,4,True
U,10,878,284,4,True
U,10,879,284,4,True
U,10,880,284,4,True
U,10,881,284,4,True
U,10,882,284,4,True
U,10,883,284,4,True
U,10,884,284,4,True
U,10,885,284,4,True
U,10,886,284,4,True
U,10,887,284,4,True
U,10,888,284,4,True
U,10,889,284,4,True
U,10,890,284,4,True
U,10,891,284,4,True
U,10,892,284,4,True
U,10,893,284,4,True
U,10,894,284,4,True
U,10,895,284,4,True
U,10,896,284,4,True
U,10,897,284,4,True
U,10,898,284,4,True
U,10,899,284,4,True
U,10,900,284,4,True
U,10,901,284,4,True
U,10,902,284,4,True
U,10,903,284,4,True
U,10,904,284,4,True
U,10,905,284,4,True
U,10,906,284,4,True
U,10,907,284,4,True
U,10,908,284,4,True
U,10,909,284,4,True
U,10,910,284,4,True
U,10,911,284,4,True
U,10,912,284,4,True
U,10,913,284,4,True
U,10,914,284,4,True
U,10,915,284,4,True
U,10,916,284,4,True
U,10,917,284,4,True
U,10,918,284,4,True
U,10,919,284,4,True
U,10,920,284,4,True
U,10,921,284,4,True
U,10,922,284,4,True
U,10,923,284,4,True
U,10,924,284,4,True
U,10,925,284,4,True
U,10,926,284,4,True
U,10,927,284,4,True
U,10,928,284,4,True
U,10,929,284,4,True
U,10,930,284,4,True
U,10,931,284,4,True
U,10,932,284,4,True
U,10,933,284,4,True
U,10,934,284,4,True
U,10,935,284,4,True
U,10,936,284,4,True
U,10,937,284,4,True
U,10,938,284,4,True
U,10,939,284,4,True
U,10,940,284,4,True
U,10,941,284,4,True
U,10,942,284,4,True
U,10,943,284,4,True
U,10,944,284,4,True
U,10,945,284,4,True
U,10,946,284,4,True
U,10,947,284,4,True
U,10,948,284,4,True
U,10,949,284,4,True
U,10,950,284,4,True
U,10,951,284,4,True
U,10,952,284,4,True
U,10,953,284,4,True
U,10,954,284,4,True
U,10,955,284,4,True
U,10,956,284,4,True
U,10,957,284,4,True
U,10,958,284,4,True
U,10,959,284,4,True
U,10,960,284,4,True
U,10,961,284,4,True
U,10,962,284,4,True
U,10,963,284,4,True
U,10,964,284,4,True
U,10,965,284,4,True
U,10,966,284,4,True
U,10,967,284,4,True
U,10,968,284,4,True
U,10,969,284,4,True
U,10,970,284,4,True
U,10,971,284,4,True
U,10,972,284,4,True
U,10,973,284,4,True
U,10,974,284,4,True
U,10,975,284,4,True
U,10,976,284,4,True
U,10,977,284,4,True
U,10,978,284,4,True
U,10,979,284,4,True
U,10,980,284,4,True
U,10,981,284,4,True
U,10,982,284,4,True
U,10,983,284,4,True
U,10,984,284,4,True
U,10,985,284,4,True
U,10,986,284,4,True
U,10,987,284,4,True
U,10,988,284,4,True
U,10,989,284,4,True
U,10,990,284,4,True
U,10,991,284,4,True
U,10,992,284,4,True
U,10,993,284,4,True
U,10,994,284,4,True
U,10,995,284,4,True
U,10,996,284,4,True
U,10,997,284,4,True
U,10,998,284,4,True
U,10,999,284,4,True
U,10,1000,284,4,True
U,11,0,365,4,True
U,11,1,337,4,True
U,11,2,336,4,True
U,11,3,322,4,True
U,11,4,322,4,True
U,11,5,318,4,True
U,11,6,318,4,True
U,11,7,318,4,True
U,11,8,318,4,True
U,11,9,317,4,True
U,11,10,316,4,True
U,11,11,310,4,True
U,11,12,310,4,True
U,11,13,310,4,True
U,11,14,310,4,True
U,11,15,310,4,True
U,11,16,310,4,True
U,11,17,310,4,True
U,11,18,310,4,True
U,11,19,309,4,True
U,11,20,304,4,True
U,11,21,304,4,True
U,11,22,304,4,True
U,11,23,304,4,True
U,11,24,304,4,True
U,11,25,304,4,True
U,11,26,304,4,True
U,11,27,304,4,True
U,11,28,304,4,True
U,11,29,304,4,True
U,11,30,304,4,True
U,11,31,304,4,True
U,11,32,304,4,True
U,11,33,304,4,True
U,11,34,304,4,True
U,11,35,304,4,True
U,11,36,304,4,True
U,11,37,304,4,True
U,11,38,304,4,True
U,11,39,304,4,True
U,11,40,304,4,True
U,11,41,304,4,True
U,11,42,304,4,True
U,11,43,304,4,True
U,11,44,304,4,True
U,11,45,304,4,True
U,11,46,304,4,True
U,11,47,304,4,True
U,11,48,304,4,True
U,11,49,304,4,True
U,11,50,304,4,True
U,11,51,304,4,True
U,11,52,304,4,True
U,11,53,304,4,True
U,11,54,304,4,True
U,11,55,304,4,True
U,11,56,304,4,True
U,11,57,304,4,True
U,11,58,304,4,True
U,11,59,304,4,True
U,11,60,304,4,True
U,11,61,304,4,True
U,11,62,304,4,True
U,11,63,304,4,True
U,11,64,304,4,True
U,11,65,304,4,True
U,11,66,304,4,True
U,11,67,304,4,True
U,11,68,304,4,True
U,11,69,300,4,True
U,11,70,297,4,True
U,11,71,296,4,True
U,11,72,296,4,True
U,11,73,296,4,True
U,11,74,296,4,True
U,11,75,296,4,True
U,11,76,296,4,True
U,11,77,296,4,True
U,11,78,296,4,True
U,11,79,296,4,True
U,11,80,296,4,True
U,11,81,296,4,True
U,11,82,296,4,True
U,11,83,296,4,True
U,11,84,296,4,True
U,11,85,296,4,True
U,11,86,296,4,True
U,11,87,296,4,True
U,11,88,294,4,True
U,11,89,294,4,True
U,11,90,293,4,True
U,11,91,293,4,True
U,11,92,293,4,True
U,11,93,293,4,True
U,11,94,293,4,True
U,11,95,293,4,True
U,11,96,293,4,True
U,11,97,293,4,True
U,11,98,293,4,True
U,11,99,293,4,True
U,11,100,293,4,True
U,11,101,293,4,True
U,11,102,293,4,True
U,11,103,293,4,True
U,11,104,293,4,True
U,11,105,293,4,True
U,11,106,293,4,True
U,11,107,293,4,True
U,11,108,293,4,True
U,11,109,293,4,True
U,11,110,293,4,True
U,11,111,293,4,True
U,11,112,293,4,True
U,11,113,293,4,True
U,11,114,293,4,True
U,11,115,293,4,True
U,11,116,293,4,True
U,11,117,293,4,True
U,11,118,293,4,True
U,11,119,293,4,True
U,11,120,293,4,True
U,11,121,293,4,True
U,11,122,293,4,True
U,11,123,293,4,True
U,11,124,293,4,True
U,11,125,293,4,True
U,11,126,293,4,True
U,11,127,293,4,True
U,11,128,293,4,True
U,11,129,293,4,True
U,11,130,293,4,True
U,11,131,293,4,True
U,11,132,293,4,True
U,11,133,293,4,True
U,11,134,293,4,True
U,11,135,293,4,True
U,11,136,293,4,True
U,11,137,293,4,True
U,11,138,293,4,True
U,11,139,293,4,True
U,11,140,293,4,True
U,11,141,293,4,True
U,11,142,293,4,True
U,11,143,293,4,True
U,11,144,293,4,True
U,11,145,293,4,True
U,11,146,293,4,True
U,11,147,293,4,True
U,11,148,293,4,True
U,11,149,293,4,True
U,11,150,293,4,True
U,11,151,293,4,True
U,11,152,293,4,True
U,11,153,293,4,True
U,11,154,293,4,True
U,11,155,293,4,True
U,11,156,293,4,True
U,11,157,293,4,True
U,11,158,293,4,True
U,11,159,293,4,True
U,11,160,293,4,True
U,11,161,293,4,True
U,11,162,293,4,True
U,11,163,293,4,True
U,11,164,293,4,True
U,11,165,293,4,True
U,11,166,293,4,True
U,11,167,293,4,True
U,11,168,293,4,True
U,11,169,293,4,True
U,11,170,293,4,True
U,11,171,293,4,True
U,11,172,293,4,True
U,11,173,293,4,True
U,11,174,293,4,True
U,11,175,293,4,True
U,11,176,293,4,True
U,11,177,293,4,True
U,11,178,293,4,True
U,11,179,293,4,True
U,11,180,293,4,True
U,11,181,293,4,True
U,11,182,293,4,True
U,11,183,293,4,True
U,11,184,293,4,True
U,11,185,293,4,True
U,11,186,293,4,True
U,11,187,293,4,True
U,11,188,293,4,True
U,11,189,293,4,True
U,11,190,293,4,True
U,11,191,293,4,True
U,11,192,293,4,True
U,11,193,293,4,True
U,11,194,293,4,True
U,11,195,293,4,True
U,11,196,293,4,True
U,11,197,293,4,True
U,11,198,293,4,True
U,11,199,293,4,True
U,11,200,293,4,True
U,11,201,293,4,True
U,11,202,293,4,True
U,11,203,293,4,True
U,11,204,293,4,True
U,11,205,293,4,True
U,11,206,293,4,True
U,11,207,293,4,True
U,11,208,293,4,True
U,11,209,293,4,True
U,11,210,293,4,True
U,11,211,293,4,True
U,11,212,293,4,True
U,11,213,293,4,True
U,11,214,293,4,True
U,11,215,293,4,True
U,11,216,293,4,True
U,11,217,293,4,True
U,11,218,293,4,True
U,11,219,293,4,True
U,11,220,293,4,True
U,11,221,293,4,True
U,11,222,293,4,True
U,11,223,293,4,True
U,11,224,293,4,True
U,11,225,293,4,True
U,11,226,293,4,True
U,11,227,293,4,True
U,11,228,293,4,True
U,11,229,289,4,True
U,11,230,289,4,True
U,11,231,289,4,True
U,11,232,289,4,True
U,11,233,289,4,True
U,11,234,289,4,True
U,11,235,289,4,True
U,11,236,289,4,True
U,11,237,289,4,True
U,11,238,289,4,True
U,11,239,288,4,True
U,11,240,288,4,True
U,11,241,288,4,True
U,11,242,288,4,True
U,11,243,287,4,True
U,11,244,287,4,True
U,11,245,285,4,True
U,11,246,285,4,True
U,11,247,285,4,True
U,11,248,285,4,True
U,11,249,285,4,True
U,11,250,285,4,True
U,11,251,285,4,True
U,11,252,285,4,True
U,11,253,285,4,True
U,11,254,285,4,True
U,11,255,285,4,True
U,11,256,285,4,True
U,11,257,285,4,True
U,11,258,285,4,True
U,11,259,285,4,True
U,11,260,285,4,True
U,11,261,285,4,True
U,11,262,285,4,True
U,11,263,285,4,True
U,11,264,285,4,True
U,11,265,285,4,True
U,11,266,285,4,True
U,11,267,285,4,True
U,11,268,285,4,True
U,11,269,285,4,True
U,11,270,285,4,True
U,11,271,285,4,True
U,11,272,285,4,True
U,11,273,285,4,True
U,11,274,285,4,True
U,11,275,285,4,True
U,11,276,285,4,True
U,11,277,285,4,True
U,11,278,285,4,True
U,11,279,285,4,True
U,11,280,285,4,True
U,11,281,285,4,True
U,11,282,285,4,True
U,11,283,285,4,True
U,11,284,285,4,True
U,11,285,285,4,True
U,11,286,285,4,True
U,11,287,285,4,True
U,11,288,285,4,True
U,11,289,285,4,True
U,11,290,285,4,True
U,11,291,285,4,True
U,11,292,285,4,True
U,11,293,285,4,True
U,11,294,285,4,True
U,11,295,285,4,True
U,11,296,285,4,True
U,11,297,285,4,True
U,11,298,285,4,True
U,11,299,285,4,True
U,11,300,285,4,True
U,11,301,285,4,True
U,11,302,285,4,True
U,11,303,285,4,True
U,11,304,285,4,True
U,11,305,285,4,True
U,11,306,285,4,True
U,11,307,285,4,True
U,11,308,285,4,True
U,11,309,285,4,True
U,11,310,285,4,True
U,11,311,285,4,True
U,11,312,285,4,True
U,11,313,285,4,True
U,11,314,285,4,True
U,11,315,285,4,True
U,11,316,285,4,True
U,11,317,285,4,True
U,11,318,285,4,True
U,11,319,285,4,True
U,11,320,285,4,True
U,11,321,285,4,True
U,11,322,285,4,True
U,11,323,285,4,True
U,11,324,285,4,True
U,11,325,285,4,True
U,11,326,285,4,True
U,11,327,285,4,True
U,11,328,285,4,True
U,11,329,285,4,True
U,11,330,285,4,True
U,11,331,285,4,True
U,11,332,285,4,True
U,11,333,285,4,True
U,11,334,285,4,True
U,11,335,285,4,True
U,11,336,285,4,True
U,11,337,285,4,True
U,11,338,285,4,True
U,11,339,285,4,True
U,11,340,285,4,True
U,11,341,285,4,True
U,11,342,285,4,True
U,11,343,285,4,True
U,11,344,285,4,True
U,11,345,285,4,True
U,11,346,285,4,True
U,11,347,285,4,True
U,11,348,285,4,True
U,11,349,285,4,True
U,11,350,285,4,True
U,11,351,285,4,True
U,11,352,285,4,True
U,11,353,285,4,True
U,11,354,285,4,True
U,11,355,285,4,True
U,11,356,285,4,True
U,11,357,285,4,True
U,11,358,285,4,True
U,11,359,285,4,True
U,11,360,285,4,True
U,11,361,285,4,True
U,11,362,285,4,True
U,11,363,285,4,True
U,11,364,285,4,True
U,11,365,285,4,True
U,11,366,285,4,True
U,11,367,285,4,True
U,11,368,285,4,True
U,11,369,285,4,True
U,11,370,285,4,True
U,11,371,285,4,True
U,11,372,285,4,True
U,11,373,285,4,True
U,11,374,285,4,True
U,11,375,285,4,True
U,11,376,285,4,True
U,11,377,285,4,True
U,11,378,285,4,True
U,11,379,285,4,True
U,11,380,285,4,True
U,11,381,285,4,True
U,11,382,285,4,True
U,11,383,285,4,True
U,11,384,285,4,True
U,11,385,285,4,True
U,11,386,285,4,True
U,11,387,285,4,True
U,11,388,285,4,True
U,11,389,285,4,True
U,11,390,285,4,True
U,11,391,285,4,True
U,11,392,285,4,True
U,11,393,285,4,True
U,11,394,285,4,True
U,11,395,285,4,True
U,11,396,285,4,True
U,11,397,285,4,True
U,11,398,285,4,True
U,11,399,285,4,True
U,11,400,285,4,True
U,11,401,285,4,True
U,11,402,285,4,True
U,11,403,285,4,True
U,11,404,285,4,True
U,11,405,285,4,True
U,11,406,285,4,True
U,11,407,285,4,True
U,11,408,285,4,True
U,11,409,285,4,True
U,11,410,285,4,True
U,11,411,285,4,True
U,11,412,285,4,True
U,11,413,285,4,True
U,11,414,285,4,True
U,11,415,285,4,True
U,11,416,285,4,True
U,11,417,285,4,True
U,11,418,285,4,True
U,11,419,285,4,True
U,11,420,285,4,True
U,11,421,285,4,True
U,11,422,285,4,True
U,11,423,285,4,True
U,11,424,285,4,True
U,11,425,285,4,True
U,11,426,285,4,True
U,11,427,285,4,True
U,11,428,285,4,True
U,11,429,285,4,True
U,11,430,285,4,True
U,11,431,285,4,True
U,11,432,285,4,True
U,11,433,285,4,True
U,11,434,285,4,True
U,11,435,285,4,True
U,11,436,285,4,True
U,11,437,285,4,True
U,11,438,285,4,True
U,11,439,285,4,True
U,11,440,285,4,True
U,11,441,285,4,True
U,11,442,285,4,True
U,11,443,285,4,True
U,11,444,285,4,True
U,11,445,285,4,True
U,11,446,285,4,True
U,11,447,285,4,True
U,11,448,285,4,True
U,11,449,285,4,True
U,11,450,285,4,True
U,11,451,285,4,True
U,11,452,285,4,True
U,11,453,285,4,True
U,11,454,285,4,True
U,11,455,285,4,True
U,11,456,285,4,True
U,11,457,285,4,True
U,11,458,285,4,True
U,11,459,285,4,True
U,11,460,285,4,True
U,11,461,285,4,True
U,11,462,285,4,True
U,11,463,285,4,True
U,11,464,285,4,True
U,11,465,285,4,True
U,11,466,285,4,True
U,11,467,285,4,True
U,11,468,285,4,True
U,11,469,285,4,True
U,11,470,285,4,True
U,11,471,285,4,True
U,11,472,285,4,True
U,11,473,285,4,True
U,11,474,285,4,True
U,11,475,285,4,True
U,11,476,285,4,True
U,11,477,285,4,True
U,11,478,285,4,True
U,11,479,285,4,True
U,11,480,285,4,True
U,11,481,285,4,True
U,11,482,285,4,True
U,11,483,285,4,True
U,11,484,285,4,True
U,11,485,285,4,True
U,11,486,285,4,True
U,11,487,285,4,True
U,11,488,285,4,True
U,11,489,285,4,True
U,11,490,285,4,True
U,11,491,285,4,True
U,11,492,285,4,True
U,11,493,285,4,True
U,11,494,285,4,True
U,11,495,285,4,True
U,11,496,285,4,True
U,11,497,285,4,True
U,11,498,285,4,True
U,11,499,285,4,True
U,11,500,285,4,True
U,11,501,285,4,True
U,11,502,285,4,True
U,11,503,285,4,True
U,11,504,285,4,True
U,11,505,285,4,True
U,11,506,285,4,True
U,11,507,285,4,True
U,11,508,285,4,True
U,11,509,285,4,True
U,11,510,285,4,True
U,11,511,285,4,True
U,11,512,285,4,True
U,11,513,285,4,True
U,11,514,285,4,True
U,11,515,285,4,True
U,11,516,285,4,True
U,11,517,285,4,True
U,11,518,285,4,True
U,11,519,285,4,True
U,11,520,285,4,True
U,11,521,285,4,True
U,11,522,285,4,True
U,11,523,285,4,True
U,11,524,285,4,True
U,11,525,285,4,True
U,11,526,285,4,True
U,11,527,285,4,True
U,11,528,285,4,True
U,11,529,285,4,True
U,11,530,285,4,True
U,11,531,285,4,True
U,11,532,285,4,True
U,11,533,285,4,True
U,11,534,285,4,True
U,11,535,285,4,True
U,11,536,285,4,True
U,11,537,285,4,True
U,11,538,285,4,True
U,11,539,285,4,True
U,11,540,285,4,True
U,11,541,285,4,True
U,11,542,285,4,True
U,11,543,285,4,True
U,11,544,285,4,True
U,11,545,285,4,True
U,11,546,285,4,True
U,11,547,285,4,True
U,11,548,285,4,True
U,11,549,285,4,True
U,11,550,285,4,True
U,11,551,285,4,True
U,11,552,285,4,True
U,11,553,285,4,True
U,11,554,285,4,True
U,11,555,285,4,True
U,11,556,285,4,True
U,11,557,285,4,True
U,11,558,285,4,True
U,11,559,285,4,True
U,11,560,285,4,True
U,11,561,285,4,True
U,11,562,285,4,True
U,11,563,285,4,True
U,11,564,285,4,True
U,11,565,285,4,True
U,11,566,285,4,True
U,11,567,285,4,True
U,11,568,285,4,True
U,11,569,285,4,True
U,11,570,285,4,True
U,11,571,285,4,True
U,11,572,285,4,True
U,11,573,285,4,True
U,11,574,285,4,True
U,11,575,285,4,True
U,11,576,285,4,True
U,11,577,285,4,True
U,11,578,285,4,True
U,11,579,285,4,True
U,11,580,285,4,True
U,11,581,285,4,True
U,11,582,285,4,True
U,11,583,285,4,True
U,11,584,285,4,True
U,11,585,285,4,True
U,11,586,285,4,True
U,11,587,285,4,True
U,11,588,285,4,True
U,11,589,285,4,True
U,11,590,285,4,True
U,11,591,285,4,True
U,11,592,285,4,True
U,11,593,285,4,True
U,11,594,285,4,True
U,11,595,285,4,True
U,11,596,285,4,True
U,11,597,285,4,True
U,11,598,285,4,True
U,11,599,285,4,True
U,11,600,285,4,True
U,11,601,285,4,True
U,11,602,285,4,True
U,11,603,285,4,True
U,11,604,285,4,True
U,11,605,285,4,True
U,11,606,285,4,True
U,11,607,285,4,True
U,11,608,285,4,True
U,11,609,285,4,True
U,11,610,285,4,True
U,11,611,285,4,True
U,11,612,285,4,True
U,11,613,285,4,True
U,11,614,285,4,True
U,11,615,285,4,True
U,11,616,285,4,True
U,11,617,285,4,True
U,11,618,285,4,True
U,11,619,285,4,True
U,11,620,285,4,True
U,11,621,285,4,True
U,11,622,285,4,True
U,11,623,285,4,True
U,11,624,285,4,True
U,11,625,285,4,True
U,11,626,285,4,True
U,11,627,285,4,True
U,11,628,285,4,True
U,11,629,285,4,True
U,11,630,285,4,True
U,11,631,285,4,True
U,11,632,285,4,True
U,11,633,285,4,True
U,11,634,285,4,True
U,11,635,285,4,True
U,11,636,285,4,True
U,11,637,285,4,True
U,11,638,285,4,True
U,11,639,285,4,True
U,11,640,285,4,True
U,11,641,285,4,True
U,11,642,285,4,True
U,11,643,285,4,True
U,11,644,285,4,True
U,11,645,285,4,True
U,11,646,285,4,True
U,11,647,285,4,True
U,11,648,285,4,True
U,11,649,285,4,True
U,11,650,285,4,True
U,11,651,285,4,True
U,11,652,285,4,True
U,11,653,285,4,True
U,11,654,285,4,True
U,11,655,285,4,True
U,11,656,285,4,True
U,11,657,285,4,True
U,11,658,285,4,True
U,11,659,285,4,True
U,11,660,285,4,True
U,11,661,285,4,True
U,11,662,285,4,True
U,11,663,285,4,True
U,11,664,285,4,True
U,11,665,285,4,True
U,11,666,285,4,True
U,11,667,285,4,True
U,11,668,285,4,True
U,11,669,285,4,True
U,11,670,285,4,True
U,11,671,285,4,True
U,11,672,285,4,True
U,11,673,285,4,True
U,11,674,285,4,True
U,11,675,285,4,True
U,11,676,285,4,True
U,11,677,285,4,True
U,11,678,285,4,True
U,11,679,285,4,True
U,11,680,285,4,True
U,11,681,285,4,True
U,11,682,285,4,True
U,11,683,285,4,True
U,11,684,285,4,True
U,11,685,285,4,True
U,11,686,285,4,True
U,11,687,285,4,True
U,11,688,285,4,True
U,11,689,285,4,True
U,11,690,285,4,True
U,11,691,285,4,True
U,11,692,285,4,True
U,11,693,285,4,True
U,11,694,285,4,True
U,11,695,285,4,True
U,11,696,285,4,True
U,11,697,285,4,True
U,11,698,285,4,True
U,11,699,285,4,True
U,11,700,285,4,True
U,11,701,285,4,True
U,11,702,285,4,True
U,11,703,285,4,True
U,11,704,285,4,True
U,11,705,285,4,True
U,11,706,285,4,True
U,11,707,285,4,True
U,11,708,285,4,True
U,11,709,285,4,True
U,11,710,285,4,True
U,11,711,285,4,True
U,11,712,285,4,True
U,11,713,285,4,True
U,11,714,285,4,True
U,11,715,285,4,True
U,11,716,285,4,True
U,11,717,285,4,True
U,11,718,285,4,True
U,11,719,285,4,True
U,11,720,285,4,True
U,11,721,285,4,True
U,11,722,285,4,True
U,11,723,285,4,True
U,11,724,285,4,True
U,11,725,285,4,True
U,11,726,285,4,True
U,11,727,285,4,True
U,11,728,285,4,True
U,11,729,285,4,True
U,11,730,285,4,True
U,11,731,285,4,True
U,11,732,285,4,True
U,11,733,285,4,True
U,11,734,285,4,True
U,11,735,285,4,True
U,11,736,285,4,True
U,11,737,285,4,True
U,11,738,285,4,True
U,11,739,285,4,True
U,11,740,285,4,True
U,11,741,285,4,True
U,11,742,285,4,True
U,11,743,285,4,True
U,11,744,285,4,True
U,11,745,285,4,True
U,11,746,285,4,True
U,11,747,285,4,True
U,11,748,285,4,True
U,11,749,285,4,True
U,11,750,285,4,True
U,11,751,285,4,True
U,11,752,285,4,True
U,11,753,285,4,True
U,11,754,285,4,True
U,11,755,285,4,True
U,11,756,285,4,True
U,11,757,285,4,True
U,11,758,285,4,True
U,11,759,285,4,True
U,11,760,285,4,True
U,11,761,285,4,True
U,11,762,285,4,True
U,11,763,285,4,True
U,11,764,285,4,True
U,11,765,285,4,True
U,11,766,285,4,True
U,11,767,285,4,True
U,11,768,285,4,True
U,11,769,285,4,True
U,11,770,285,4,True
U,11,771,285,4,True
U,11,772,285,4,True
U,11,773,285,4,True
U,11,774,285,4,True
U,11,775,285,4,True
U,11,776,285,4,True
U,11,777,285,4,True
U,11,778,285,4,True
U,11,779,285,4,True
U,11,780,285,4,True
U,11,781,285,4,True
U,11,782,285,4,True
U,11,783,285,4,True
U,11,784,285,4,True
U,11,785,285,4,True
U,11,786,285,4,True
U,11,787,285,4,True
U,11,788,285,4,True
U,11,789,285,4,True
U,11,790,285,4,True
U,11,791,285,4,True
U,11,792,285,4,True
U,11,793,285,4,True
U,11,794,285,4,True
U,11,795,285,4,True
U,11,796,285,4,True
U,11,797,285,4,True
U,11,798,285,4,True
U,11,799,285,4,True
U,11,800,285,4,True
U,11,801,285,4,True
U,11,802,285,4,True
U,11,803,285,4,True
U,11,804,285,4,True
U,11,805,285,4,True
U,11,806,285,4,True
U,11,807,285,4,True
U,11,808,285,4,True
U,11,809,285,4,True
U,11,810,285,4,True
U,11,811,285,4,True
U,11,812,285,4,True
U,11,813,285,4,True
U,11,814,285,4,True
U,11,815,285,4,True
U,11,816,285,4,True
U,11,817,285,4,True
U,11,818,285,4,True
U,11,819,285,4,True
U,11,820,285,4,True
U,11,821,285,4,True
U,11,822,285,4,True
U,11,823,285,4,True
U,11,824,285,4,True
U,11,825,285,4,True
U,11,826,285,4,True
U,11,827,285,4,True
U,11,828,285,4,True
U,11,829,285,4,True
U,11,830,285,4,True
U,11,831,285,4,True
U,11,832,285,4,True
U,11,833,285,4,True
U,11,834,285,4,True
U,11,835,285,4,True
U,11,836,285,4,True
U,11,837,285,4,True
U,11,838,285,4,True
U,11,839,285,4,True
U,11,840,285,4,True
U,11,841,285,4,True
U,11,842,285,4,True
U,11,843,285,4,True
U,11,844,285,4,True
U,11,845,285,4,True
U,11,846,285,4,True
U,11,847,285,4,True
U,11,848,285,4,True
U,11,849,285,4,True
U,11,850,285,4,True
U,11,851,285,4,True
U,11,852,285,4,True
U,11,853,285,4,True
U,11,854,285,4,True
U,11,855,285,4,True
U,11,856,285,4,True
U,11,857,285,4,True
U,11,858,285,4,True
U,11,859,285,4,True
U,11,860,285,4,True
U,11,861,285,4,True
U,11,862,285,4,True
U,11,863,285,4,True
U,11,864,285,4,True
U,11,865,285,4,True
U,11,866,285,4,True
U,11,867,285,4,True
U,11,868,285,4,True
U,11,869,285,4,True
U,11,870,285,4,True
U,11,871,285,4,True
U,11,872,285,4,True
U,11,873,285,4,True
U,11,874,285,4,True
U,11,875,285,4,True
U,11,876,285,4,True
U,11,877,285,4,True
U,11,878,285,4,True
U,11,879,285,4,True
U,11,880,285,4,True
U,11,881,285,4,True
U,11,882,285,4,True
U,11,883,285,4,True
U,11,884,285,4,True
U,11,885,285,4,True
U,11,886,285,4,True
U,11,887,285,4,True
U,11,888,285,4,True
U,11,889,285,4,True
U,11,890,285,4,True
U,11,891,285,4,True
U,11,892,285,4,True
U,11,893,285,4,True
U,11,894,285,4,True
U,11,895,285,4,True
U,11,896,285,4,True
U,11,897,285,4,True
U,11,898,285,4,True
U,11,899,285,4,True
U,11,900,285,4,True
U,11,901,285,4,True
U,11,902,285,4,True
U,11,903,285,4,True
U,11,904,285,4,True
U,11,905,285,4,True
U,11,906,285,4,True
U,11,907,285,4,True
U,11,908,285,4,True
U,11,909,285,4,True
U,11,910,285,4,True
U,11,911,285,4,True
U,11,912,285,4,True
U,11,913,285,4,True
U,11,914,285,4,True
U,11,915,285,4,True
U,11,916,285,4,True
U,11,917,285,4,True
U,11,918,285,4,True
U,11,919,285,4,True
U,11,920,285,4,True
U,11,921,285,4,True
U,11,922,285,4,True
U,11,923,285,4,True
U,11,924,285,4,True
U,11,925,285,4,True
U,11,926,285,4,True
U,11,927,285,4,True
U,11,928,285,4,True
U,11,929,285,4,True
U,11,930,285,4,True
U,11,931,285,4,True
U,11,932,285,4,True
U,11,933,285,4,True
U,11,934,285,4,True
U,11,935,285,4,True
U,11,936,285,4,True
U,11,937,285,4,True
U,11,938,285,4,True
U,11,939,285,4,True
U,11,940,285,4,True
U,11,941,285,4,True
U,11,942,285,4,True
U,11,943,285,4,True
U,11,944,285,4,True
U,11,945,285,4,True
U,11,946,285,4,True
U,11,947,285,4,True
U,11,948,285,4,True
U,11,949,285,4,True
U,11,950,285,4,True
U,11,951,285,4,True
U,11,952,285,4,True
U,11,953,285,4,True
U,11,954,285,4,True
U,11,955,285,4,True
U,11,956,285,4,True
U,11,957,285,4,True
U,11,958,285,4,True
U,11,959,285,4,True
U,11,960,285,4,True
U,11,961,285,4,True
U,11,962,285,4,True
U,11,963,285,4,True
U,11,964,285,4,True
U,11,965,285,4,True
U,11,966,285,4,True
U,11,967,285,4,True
U,11,968,285,4,True
U,11,969,285,4,True
U,11,970,285,4,True
U,11,971,285,4,True
U,11,972,285,4,True
U,11,973,285,4,True
U,11,974,285,4,True
U,11,975,285,4,True
U,11,976,285,4,True
U,11,977,285,4,True
U,11,978,285,4,True
U,11,979,285,4,True
U,11,980,285,4,True
U,11,981,285,4,True
U,11,982,285,4,True
U,11,983,285,4,True
U,11,984,285,4,True
U,11,985,285,4,True
U,11,986,285,4,True
U,11,987,285,4,True
U,11,988,285,4,True
U,11,989,285,4,True
U,11,990,285,4,True
U,11,991,285,4,True
U,11,992,285,4,True
U,11,993,285,4,True
U,11,994,285,4,True
U,11,995,285,4,True
U,11,996,285,4,True
U,11,997,285,4,True
U,11,998,285,4,True
U,11,999,285,4,True
U,11,1000,285,4,True
U,12,0,365,4,True
U,12,1,364,4,True
U,12,2,364,4,True
U,12,3,364,4,True
U,12,4,336,4,True
U,12,5,336,4,True
U,12,6,335,4,True
U,12,7,335,4,True
U,12,8,333,4,True
U,12,9,328,4,True
U,12,10,328,4,True
U,12,11,328,4,True
U,12,12,328,4,True
U,12,13,328,4,True
U,12,14,328,4,True
U,12,15,325,4,True
U,12,16,320,4,True
U,12,17,315,4,True
U,12,18,315,4,True
U,12,19,315,4,True
U,12,20,315,4,True
U,12,21,314,4,True
U,12,22,313,4,True
U,12,23,310,4,True
U,12,24,310,4,True
U,12,25,310,4,True
U,12,26,310,4,True
U,12,27,310,4,True
U,12,28,310,4,True
U,12,29,310,4,True
U,12,30,305,4,True
U,12,31,303,4,True
U,12,32,303,4,True
U,12,33,303,4,True
U,12,34,303,4,True
U,12,35,303,4,True
U,12,36,303,4,True
U,12,37,303,4,True
U,12,38,303,4,True
U,12,39,303,4,True
U,12,40,303,4,True
U,12,41,302,4,True
U,12,42,300,4,True
U,12,43,300,4,True
U,12,44,300,4,True
U,12,45,300,4,True
U,12,46,300,4,True
U,12,47,300,4,True
U,12,48,300,4,True
U,12,49,300,4,True
U,12,50,300,4,True
U,12,51,300,4,True
U,12,52,300,4,True
U,12,53,300,4,True
U,12,54,300,4,True
U,12,55,300,4,True
U,12,56,300,4,True
U,12,57,300,4,True
U,12,58,300,4,True
U,12,59,300,4,True
U,12,60,300,4,True
U,12,61,300,4,True
U,12,62,300,4,True
U,12,63,300,4,True
U,12,64,300,4,True
U,12,65,300,4,True
U,12,66,300,4,True
U,12,67,300,4,True
U,12,68,300,4,True
U,12,69,300,4,True
U,12,70,297,4,True
U,12,71,295,4,True
U,12,72,295,4,True
U,12,73,295,4,True
U,12,74,295,4,True
U,12,75,295,4,True
U,12,76,295,4,True
U,12,77,295,4,True
U,12,78,295,4,True
U,12,79,295,4,True
U,12,80,295,4,True
U,12,81,295,4,True
U,12,82,295,4,True
U,12,83,295,4,True
U,12,84,295,4,True
U,12,85,294,4,True
U,12,86,294,4,True
U,12,87,289,4,True
U,12,88,289,4,True
U,12,89,289,4,True
U,12,90,289,4,True
U,12,91,289,4,True
U,12,92,287,4,True
U,12,93,287,4,True
U,12,94,287,4,True
U,12,95,287,4,True
U,12,96,287,4,True
U,12,97,287,4,True
U,12,98,287,4,True
U,12,99,287,4,True
U,12,100,287,4,True
U,12,101,287,4,True
U,12,102,287,4,True
U,12,103,287,4,True
U,12,104,287,4,True
U,12,105,287,4,True
U,12,106,287,4,True
U,12,107,287,4,True
U,12,108,287,4,True
U,12,109,287,4,True
U,12,110,287,4,True
U,12,111,287,4,True
U,12,112,287,4,True
U,12,113,287,4,True
U,12,114,287,4,True
U,12,115,287,4,True
U,12,116,287,4,True
U,12,117,287,4,True
U,12,118,287,4,True
U,12,119,287,4,True
U,12,120,287,4,True
U,12,121,287,4,True
U,12,122,287,4,True
U,12,123,287,4,True
U,12,124,287,4,True
U,12,125,287,4,True
U,12,126,287,4,True
U,12,127,287,4,True
U,12,128,287,4,True
U,12,129,287,4,True
U,12,130,287,4,True
U,12,131,287,4,True
U,12,132,287,4,True
U,12,133,287,4,True
U,12,134,287,4,True
U,12,135,287,4,True
U,12,136,287,4,True
U,12,137,287,4,True
U,12,138,287,4,True
U,12,139,287,4,True
U,12,140,287,4,True
U,12,141,287,4,True
U,12,142,287,4,True
U,12,143,287,4,True
U,12,144,287,4,True
U,12,145,287,4,True
U,12,146,287,4,True
U,12,147,287,4,True
U,12,148,287,4,True
U,12,149,287,4,True
U,12,150,287,4,True
U,12,151,287,4,True
U,12,152,287,4,True
U,12,153,287,4,True
U,12,154,287,4,True
U,12,155,287,4,True
U,12,156,287,4,True
U,12,157,287,4,True
U,12,158,287,4,True
U,12,159,287,4,True
U,12,160,287,4,True
U,12,161,287,4,True
U,12,162,287,4,True
U,12,163,287,4,True
U,12,164,287,4,True
U,12,165,287,4,True
U,12,166,287,4,True
U,12,167,287,4,True
U,12,168,287,4,True
U,12,169,287,4,True
U,12,170,287,4,True
U,12,171,287,4,True
U,12,172,287,4,True
U,12,173,287,4,True
U,12,174,287,4,True
U,12,175,287,4,True
U,12,176,287,4,True
U,12,177,287,4,True
U,12,178,287,4,True
U,12,179,287,4,True
U,12,180,287,4,True
U,12,181,287,4,True
U,12,182,287,4,True
U,12,183,287,4,True
U,12,184,287,4,True
U,12,185,287,4,True
U,12,186,287,4,True
U,12,187,287,4,True
U,12,188,287,4,True
U,12,189,287,4,True
U,12,190,287,4,True
U,12,191,287,4,True
U,12,192,287,4,True
U,12,193,287,4,True
U,12,194,287,4,True
U,12,195,287,4,True
U,12,196,287,4,True
U,12,197,287,4,True
U,12,198,287,4,True
U,12,199,287,4,True
U,12,200,287,4,True
U,12,201,287,4,True
U,12,202,287,4,True
U,12,203,287,4,True
U,12,204,287,4,True
U,12,205,287,4,True
U,12,206,287,4,True
U,12,207,287,4,True
U,12,208,287,4,True
U,12,209,287,4,True
U,12,210,287,4,True
U,12,211,287,4,True
U,12,212,287,4,True
U,12,213,287,4,True
U,12,214,287,4,True
U,12,215,287,4,True
U,12,216,287,4,True
U,12,217,287,4,True
U,12,218,287,4,True
U,12,219,287,4,True
U,12,220,287,4,True
U,12,221,287,4,True
U,12,222,287,4,True
U,12,223,287,4,True
U,12,224,287,4,True
U,12,225,287,4,True
U,12,226,287,4,True
U,12,227,287,4,True
U,12,228,287,4,True
U,12,229,287,4,True
U,12,230,287,4,True
U,12,231,287,4,True
U,12,232,287,4,True
U,12,233,287,4,True
U,12,234,287,4,True
U,12,235,287,4,True
U,12,236,287,4,True
U,12,237,287,4,True
U,12,238,287,4,True
U,12,239,287,4,True
U,12,240,287,4,True
U,12,241,287,4,True
U,12,242,287,4,True
U,12,243,287,4,True
U,12,244,287,4,True
U,12,245,287,4,True
U,12,246,287,4,True
U,12,247,287,4,True
U,12,248,287,4,True
U,12,249,287,4,True
U,12,250,287,4,True
U,12,251,287,4,True
U,12,252,287,4,True
U,12,253,287,4,True
U,12,254,287,4,True
U,12,255,287,4,True
U,12,256,287,4,True
U,12,257,287,4,True
U,12,258,287,4,True
U,12,259,287,4,True
U,12,260,287,4,True
U,12,261,287,4,True
U,12,262,287,4,True
U,12,263,287,4,True
U,12,264,287,4,True
U,12,265,287,4,True
U,12,266,287,4,True
U,12,267,287,4,True
U,12,268,287,4,True
U,12,269,287,4,True
U,12,270,287,4,True
U,12,271,287,4,True
U,12,272,287,4,True
U,12,273,287,4,True
U,12,274,287,4,True
U,12,275,287,4,True
U,12,276,287,4,True
U,12,277,287,4,True
U,12,278,287,4,True
U,12,279,287,4,True
U,12,280,287,4,True
U,12,281,287,4,True
U,12,282,287,4,True
U,12,283,287,4,True
U,12,284,287,4,True
U,12,285,287,4,True
U,12,286,287,4,True
U,12,287,287,4,True
U,12,288,287,4,True
U,12,289,287,4,True
U,12,290,287,4,True
U,12,291,287,4,True
U,12,292,287,4,True
U,12,293,287,4,True
U,12,294,287,4,True
U,12,295,287,4,True
U,12,296,287,4,True
U,12,297,287,4,True
U,12,298,287,4,True
U,12,299,287,4,True
U,12,300,287,4,True
U,12,301,287,4,True
U,12,302,287,4,True
U,12,303,287,4,True
U,12,304,287,4,True
U,12,305,287,4,True
U,12,306,287,4,True
U,12,307,287,4,True
U,12,308,287,4,True
U,12,309,287,4,True
U,12,310,287,4,True
U,12,311,287,4,True
U,12,312,287,4,True
U,12,313,287,4,True
U,12,314,287,4,True
U,12,315,287,4,True
U,12,316,287,4,True
U,12,317,287,4,True
U,12,318,287,4,True
U,12,319,287,4,True
U,12,320,287,4,True
U,12,321,287,4,True
U,12,322,287,4,True
U,12,323,287,4,True
U,12,324,287,4,True
U,12,325,287,4,True
U,12,326,287,4,True
U,12,327,287,4,True
U,12,328,287,4,True
U,12,329,287,4,True
U,12,330,287,4,True
U,12,331,287,4,True
U,12,332,287,4,True
U,12,333,287,4,True
U,12,334,287,4,True
U,12,335,287,4,True
U,12,336,287,4,True
U,12,337,287,4,True
U,12,338,287,4,True
U,12,339,287,4,True
U,12,340,287,4,True
U,12,341,287,4,True
U,12,342,287,4,True
U,12,343,287,4,True
U,12,344,287,4,True
U,12,345,287,4,True
U,12,346,287,4,True
U,12,347,287,4,True
U,12,348,287,4,True
U,12,349,287,4,True
U,12,350,287,4,True
U,12,351,287,4,True
U,12,352,287,4,True
U,12,353,287,4,True
U,12,354,287,4,True
U,12,355,287,4,True
U,12,356,287,4,True
U,12,357,287,4,True
U,12,358,287,4,True
U,12,359,287,4,True
U,12,360,287,4,True
U,12,361,287,4,True
U,12,362,287,4,True
U,12,363,287,4,True
U,12,364,287,4,True
U,12,365,287,4,True
U,12,366,287,4,True
U,12,367,287,4,True
U,12,368,287,4,True
U,12,369,287,4,True
U,12,370,287,4,True
U,12,371,287,4,True
U,12,372,287,4,True
U,12,373,287,4,True
U,12,374,287,4,True
U,12,375,287,4,True
U,12,376,287,4,True
U,12,377,287,4,True
U,12,378,287,4,True
U,12,379,287,4,True
U,12,380,287,4,True
U,12,381,287,4,True
U,12,382,287,4,True
U,12,383,287,4,True
U,12,384,287,4,True
U,12,385,287,4,True
U,12,386,287,4,True
U,12,387,287,4,True
U,12,388,287,4,True
U,12,389,287,4,True
U,12,390,287,4,True
U,12,391,287,4,True
U,12,392,287,4,True
U,12,393,287,4,True
U,12,394,287,4,True
U,12,395,287,4,True
U,12,396,287,4,True
U,12,397,287,4,True
U,12,398,287,4,True
U,12,399,287,4,True
U,12,400,287,4,True
U,12,401,287,4,True
U,12,402,287,4,True
U,12,403,287,4,True
U,12,404,287,4,True
U,12,405,287,4,True
U,12,406,287,4,True
U,12,407,287,4,True
U,12,408,287,4,True
U,12,409,287,4,True
U,12,410,287,4,True
U,12,411,287,4,True
U,12,412,287,4,True
U,12,413,287,4,True
U,12,414,287,4,True
U,12,415,287,4,True
U,12,416,287,4,True
U,12,417,287,4,True
U,12,418,287,4,True
U,12,419,287,4,True
U,12,420,287,4,True
U,12,421,287,4,True
U,12,422,287,4,True
U,12,423,287,4,True
U,12,424,287,4,True
U,12,425,287,4,True
U,12,426,287,4,True
U,12,427,287,4,True
U,12,428,287,4,True
U,12,429,287,4,True
U,12,430,287,4,True
U,12,431,287,4,True
U,12,432,287,4,True
U,12,433,287,4,True
U,12,434,287,4,True
U,12,435,287,4,True
U,12,436,287,4,True
U,12,437,287,4,True
U,12,438,287,4,True
U,12,439,287,4,True
U,12,440,287,4,True
U,12,441,287,4,True
U,12,442,287,4,True
U,12,443,287,4,True
U,12,444,287,4,True
U,12,445,287,4,True
U,12,446,287,4,True
U,12,447,287,4,True
U,12,448,287,4,True
U,12,449,287,4,True
U,12,450,287,4,True
U,12,451,287,4,True
U,12,452,287,4,True
U,12,453,287,4,True
U,12,454,287,4,True
U,12,455,287,4,True
U,12,456,287,4,True
U,12,457,287,4,True
U,12,458,287,4,True
U,12,459,287,4,True
U,12,460,287,4,True
U,12,461,287,4,True
U,12,462,287,4,True
U,12,463,287,4,True
U,12,464,287,4,True
U,12,465,287,4,True
U,12,466,287,4,True
U,12,467,287,4,True
U,12,468,287,4,True
U,12,469,287,4,True
U,12,470,287,4,True
U,12,471,287,4,True
U,12,472,287,4,True
U,12,473,287,4,True
U,12,474,287,4,True
U,12,475,287,4,True
U,12,476,287,4,True
U,12,477,287,4,True
U,12,478,287,4,True
U,12,479,287,4,True
U,12,480,287,4,True
U,12,481,287,4,True
U,12,482,287,4,True
U,12,483,287,4,True
U,12,484,287,4,True
U,12,485,287,4,True
U,12,486,287,4,True
U,12,487,287,4,True
U,12,488,287,4,True
U,12,489,287,4,True
U,12,490,287,4,True
U,12,491,287,4,True
U,12,492,287,4,True
U,12,493,287,4,True
U,12,494,287,4,True
U,12,495,287,4,True
U,12,496,287,4,True
U,12,497,287,4,True
U,12,498,287,4,True
U,12,499,287,4,True
U,12,500,287,4,True
U,12,501,287,4,True
U,12,502,287,4,True
U,12,503,287,4,True
U,12,504,287,4,True
U,12,505,287,4,True
U,12,506,287,4,True
U,12,507,287,4,True
U,12,508,287,4,True
U,12,509,287,4,True
U,12,510,287,4,True
U,12,511,287,4,True
U,12,512,287,4,True
U,12,513,287,4,True
U,12,514,287,4,True
U,12,515,287,4,True
U,12,516,287,4,True
U,12,517,287,4,True
U,12,518,287,4,True
U,12,519,287,4,True
U,12,520,287,4,True
U,12,521,287,4,True
U,12,522,287,4,True
U,12,523,287,4,True
U,12,524,287,4,True
U,12,525,287,4,True
U,12,526,287,4,True
U,12,527,287,4,True
U,12,528,287,4,True
U,12,529,287,4,True
U,12,530,287,4,True
U,12,531,287,4,True
U,12,532,287,4,True
U,12,533,287,4,True
U,12,534,287,4,True
U,12,535,287,4,True
U,12,536,287,4,True
U,12,537,287,4,True
U,12,538,287,4,True
U,12,539,287,4,True
U,12,540,287,4,True
U,12,541,287,4,True
U,12,542,287,4,True
U,12,543,287,4,True
U,12,544,287,4,True
U,12,545,287,4,True
U,12,546,287,4,True
U,12,547,287,4,True
U,12,548,287,4,True
U,12,549,287,4,True
U,12,550,287,4,True
U,12,551,287,4,True
U,12,552,287,4,True
U,12,553,287,4,True
U,12,554,287,4,True
U,12,555,287,4,True
U,12,556,287,4,True
U,12,557,287,4,True
U,12,558,287,4,True
U,12,559,287,4,True
U,12,560,287,4,True
U,12,561,287,4,True
U,12,562,287,4,True
U,12,563,287,4,True
U,12,564,287,4,True
U,12,565,287,4,True
U,12,566,287,4,True
U,12,567,287,4,True
U,12,568,287,4,True
U,12,569,287,4,True
U,12,570,287,4,True
U,12,571,287,4,True
U,12,572,287,4,True
U,12,573,287,4,True
U,12,574,287,4,True
U,12,575,287,4,True
U,12,576,287,4,True
U,12,577,287,4,True
U,12,578,287,4,True
U,12,579,287,4,True
U,12,580,287,4,True
U,12,581,287,4,True
U,12,582,287,4,True
U,12,583,287,4,True
U,12,584,287,4,True
U,12,585,287,4,True
U,12,586,287,4,True
U,12,587,287,4,True
U,12,588,287,4,True
U,12,589,287,4,True
U,12,590,287,4,True
U,12,591,287,4,True
U,12,592,287,4,True
U,12,593,287,4,True
U,12,594,287,4,True
U,12,595,287,4,True
U,12,596,287,4,True
U,12,597,287,4,True
U,12,598,287,4,True
U,12,599,287,4,True
U,12,600,287,4,True
U,12,601,287,4,True
U,12,602,287,4,True
U,12,603,287,4,True
U,12,604,287,4,True
U,12,605,287,4,True
U,12,606,287,4,True
U,12,607,287,4,True
U,12,608,287,4,True
U,12,609,287,4,True
U,12,610,287,4,True
U,12,611,287,4,True
U,12,612,287,4,True
U,12,613,287,4,True
U,12,614,287,4,True
U,12,615,287,4,True
U,12,616,287,4,True
U,12,617,287,4,True
U,12,618,287,4,True
U,12,619,287,4,True
U,12,620,287,4,True
U,12,621,287,4,True
U,12,622,287,4,True
U,12,623,287,4,True
U,12,624,287,4,True
U,12,625,287,4,True
U,12,626,287,4,True
U,12,627,287,4,True
U,12,628,287,4,True
U,12,629,287,4,True
U,12,630,287,4,True
U,12,631,287,4,True
U,12,632,287,4,True
U,12,633,287,4,True
U,12,634,287,4,True
U,12,635,287,4,True
U,12,636,287,4,True
U,12,637,287,4,True
U,12,638,287,4,True
U,12,639,287,4,True
U,12,640,287,4,True
U,12,641,287,4,True
U,12,642,287,4,True
U,12,643,287,4,True
U,12,644,287,4,True
U,12,645,287,4,True
U,12,646,287,4,True
U,12,647,287,4,True
U,12,648,287,4,True
U,12,649,287,4,True
U,12,650,287,4,True
U,12,651,287,4,True
U,12,652,287,4,True
U,12,653,287,4,True
U,12,654,287,4,True
U,12,655,287,4,True
U,12,656,287,4,True
U,12,657,287,4,True
U,12,658,287,4,True
U,12,659,287,4,True
U,12,660,287,4,True
U,12,661,287,4,True
U,12,662,287,4,True
U,12,663,287,4,True
U,12,664,287,4,True
U,12,665,287,4,True
U,12,666,287,4,True
U,12,667,287,4,True
U,12,668,287,4,True
U,12,669,287,4,True
U,12,670,287,4,True
U,12,671,287,4,True
U,12,672,287,4,True
U,12,673,287,4,True
U,12,674,287,4,True
U,12,675,287,4,True
U,12,676,287,4,True
U,12,677,287,4,True
U,12,678,287,4,True
U,12,679,287,4,True
U,12,680,287,4,True
U,12,681,287,4,True
U,12,682,287,4,True
U,12,683,287,4,True
U,12,684,287,4,True
U,12,685,287,4,True
U,12,686,287,4,True
U,12,687,287,4,True
U,12,688,287,4,True
U,12,689,287,4,True
U,12,690,287,4,True
U,12,691,287,4,True
U,12,692,287,4,True
U,12,693,287,4,True
U,12,694,287,4,True
U,12,695,287,4,True
U,12,696,287,4,True
U,12,697,287,4,True
U,12,698,287,4,True
U,12,699,287,4,True
U,12,700,287,4,True
U,12,701,287,4,True
U,12,702,287,4,True
U,12,703,287,4,True
U,12,704,287,4,True
U,12,705,287,4,True
U,12,706,287,4,True
U,12,707,287,4,True
U,12,708,287,4,True
U,12,709,287,4,True
U,12,710,287,4,True
U,12,711,287,4,True
U,12,712,287,4,True
U,12,713,287,4,True
U,12,714,287,4,True
U,12,715,287,4,True
U,12,716,287,4,True
U,12,717,287,4,True
U,12,718,287,4,True
U,12,719,287,4,True
U,12,720,287,4,True
U,12,721,287,4,True
U,12,722,287,4,True
U,12,723,287,4,True
U,12,724,287,4,True
U,12,725,287,4,True
U,12,726,287,4,True
U,12,727,287,4,True
U,12,728,287,4,True
U,12,729,287,4,True
U,12,730,287,4,True
U,12,731,287,4,True
U,12,732,287,4,True
U,12,733,287,4,True
U,12,734,287,4,True
U,12,735,287,4,True
U,12,736,287,4,True
U,12,737,287,4,True
U,12,738,287,4,True
U,12,739,287,4,True
U,12,740,287,4,True
U,12,741,287,4,True
U,12,742,287,4,True
U,12,743,287,4,True
U,12,744,287,4,True
U,12,745,287,4,True
U,12,746,287,4,True
U,12,747,287,4,True
U,12,748,287,4,True
U,12,749,287,4,True
U,12,750,287,4,True
U,12,751,287,4,True
U,12,752,287,4,True
U,12,753,287,4,True
U,12,754,287,4,True
U,12,755,287,4,True
U,12,756,287,4,True
U,12,757,287,4,True
U,12,758,287,4,True
U,12,759,287,4,True
U,12,760,287,4,True
U,12,761,287,4,True
U,12,762,287,4,True
U,12,763,287,4,True
U,12,764,287,4,True
U,12,765,287,4,True
U,12,766,287,4,True
U,12,767,287,4,True
U,12,768,287,4,True
U,12,769,287,4,True
U,12,770,287,4,True
U,12,771,287,4,True
U,12,772,287,4,True
U,12,773,287,4,True
U,12,774,287,4,True
U,12,775,287,4,True
U,12,776,287,4,True
U,12,777,287,4,True
U,12,778,287,4,True
U,12,779,287,4,True
U,12,780,287,4,True
U,12,781,287,4,True
U,12,782,287,4,True
U,12,783,287,4,True
U,12,784,287,4,True
U,12,785,287,4,True
U,12,786,287,4,True
U,12,787,287,4,True
U,12,788,287,4,True
U,12,789,287,4,True
U,12,790,287,4,True
U,12,791,287,4,True
U,12,792,287,4,True
U,12,793,287,4,True
U,12,794,287,4,True
U,12,795,287,4,True
U,12,796,287,4,True
U,12,797,287,4,True
U,12,798,287,4,True
U,12,799,287,4,True
U,12,800,287,4,True
U,12,801,287,4,True
U,12,802,287,4,True
U,12,803,287,4,True
U,12,804,287,4,True
U,12,805,287,4,True
U,12,806,287,4,True
U,12,807,287,4,True
U,12,808,287,4,True
U,12,809,287,4,True
U,12,810,287,4,True
U,12,811,287,4,True
U,12,812,287,4,True
U,12,813,287,4,True
U,12,814,287,4,True
U,12,815,287,4,True
U,12,816,287,4,True
U,12,817,287,4,True
U,12,818,287,4,True
U,12,819,287,4,True
U,12,820,287,4,True
U,12,821,287,4,True
U,12,822,287,4,True
U,12,823,287,4,True
U,12,824,287,4,True
U,12,825,287,4,True
U,12,826,287,4,True
U,12,827,287,4,True
U,12,828,287,4,True
U,12,829,287,4,True
U,12,830,287,4,True
U,12,831,287,4,True
U,12,832,287,4,True
U,12,833,287,4,True
U,12,834,287,4,True
U,12,835,287,4,True
U,12,836,287,4,True
U,12,837,287,4,True
U,12,838,287,4,True
U,12,839,287,4,True
U,12,840,287,4,True
U,12,841,287,4,True
U,12,842,287,4,True
U,12,843,287,4,True
U,12,844,287,4,True
U,12,845,287,4,True
U,12,846,287,4,True
U,12,847,287,4,True
U,12,848,287,4,True
U,12,849,287,4,True
U,12,850,287,4,True
U,12,851,287,4,True
U,12,852,287,4,True
U,12,853,287,4,True
U,12,854,287,4,True
U,12,855,287,4,True
U,12,856,287,4,True
U,12,857,287,4,True
U,12,858,287,4,True
U,12,859,287,4,True
U,12,860,287,4,True
U,12,861,287,4,True
U,12,862,287,4,True
U,12,863,287,4,True
U,12,864,287,4,True
U,12,865,287,4,True
U,12,866,287,4,True
U,12,867,287,4,True
U,12,868,287,4,True
U,12,869,287,4,True
U,12,870,287,4,True
U,12,871,287,4,True
U,12,872,287,4,True
U,12,873,287,4,True
U,12,874,287,4,True
U,12,875,287,4,True
U,12,876,287,4,True
U,12,877,287,4,True
U,12,878,287,4,True
U,12,879,287,4,True
U,12,880,287,4,True
U,12,881,287,4,True
U,12,882,287,4,True
U,12,883,287,4,True
U,12,884,287,4,True
U,12,885,287,4,True
U,12,886,287,4,True
U,12,887,287,4,True
U,12,888,287,4,True
U,12,889,287,4,True
U,12,890,287,4,True
U,12,891,287,4,True
U,12,892,287,4,True
U,12,893,287,4,True
U,12,894,287,4,True
U,12,895,287,4,True
U,12,896,287,4,True
U,12,897,287,4,True
U,12,898,287,4,True
U,12,899,287,4,True
U,12,900,287,4,True
U,12,901,287,4,True
U,12,902,287,4,True
U,12,903,287,4,True
U,12,904,287,4,True
U,12,905,287,4,True
U,12,906,287,4,True
U,12,907,287,4,True
U,12,908,287,4,True
U,12,909,287,4,True
U,12,910,287,4,True
U,12,911,287,4,True
U,12,912,287,4,True
U,12,913,287,4,True
U,12,914,287,4,True
U,12,915,287,4,True
U,12,916,287,4,True
U,12,917,287,4,True
U,12,918,287,4,True
U,12,919,287,4,True
U,12,920,287,4,True
U,12,921,287,4,True
U,12,922,287,4,True
U,12,923,287,4,True
U,12,924,287,4,True
U,12,925,287,4,True
U,12,926,287,4,True
U,12,927,287,4,True
U,12,928,287,4,True
U,12,929,287,4,True
U,12,930,287,4,True
U,12,931,287,4,True
U,12,932,287,4,True
U,12,933,287,4,True
U,12,934,287,4,True
U,12,935,287,4,True
U,12,936,287,4,True
U,12,937,287,4,True
U,12,938,287,4,True
U,12,939,287,4,True
U,12,940,287,4,True
U,12,941,287,4,True
U,12,942,287,4,True
U,12,943,287,4,True
U,12,944,287,4,True
U,12,945,287,4,True
U,12,946,287,4,True
U,12,947,287,4,True
U,12,948,287,4,True
U,12,949,287,4,True
U,12,950,287,4,True
U,12,951,287,4,True
U,12,952,287,4,True
U,12,953,287,4,True
U,12,954,287,4,True
U,12,955,287,4,True
U,12,956,287,4,True
U,12,957,287,4,True
U,12,958,287,4,True
U,12,959,287,4,True
U,12,960,287,4,True
U,12,961,287,4,True
U,12,962,287,4,True
U,12,963,287,4,True
U,12,964,287,4,True
U,12,965,287,4,True
U,12,966,287,4,True
U,12,967,287,4,True
U,12,968,287,4,True
U,12,969,287,4,True
U,12,970,287,4,True
U,12,971,287,4,True
U,12,972,287,4,True
U,12,973,287,4,True
U,12,974,287,4,True
U,12,975,287,4,True
U,12,976,287,4,True
U,12,977,287,4,True
U,12,978,287,4,True
U,12,979,287,4,True
U,12,980,287,4,True
U,12,981,287,4,True
U,12,982,287,4,True
U,12,983,287,4,True
U,12,984,287,4,True
U,12,985,287,4,True
U,12,986,287,4,True
U,12,987,287,4,True
U,12,988,287,4,True
U,12,989,287,4,True
U,12,990,287,4,True
U,12,991,287,4,True
U,12,992,287,4,True
U,12,993,287,4,True
U,12,994,287,4,True
U,12,995,287,4,True
U,12,996,287,4,True
U,12,997,287,4,True
U,12,998,287,4,True
U,12,999,287,4,True
U,12,1000,287,4,True
