circuit,seed,episode,actor_weight_variance_delta,critic_weight_variance_delta,entropy_delta
int2float,0,0,0.0,0.0,0.0
int2float,1,0,0.0,0.0,0.0
int2float,2,0,0.0,0.0,0.0
int2float,3,0,0.0,0.0,0.0
int2float,4,0,0.0,0.0,0.0
int2float,5,0,0.0,0.0,0.0
int2float,6,0,0.0,0.0,0.0
int2float,7,0,0.0,0.0,0.0
int2float,8,0,0.0,0.0,0.0
int2float,9,0,0.0,0.0,0.0
int2float,0,1,-6.271984209620107e-05,-0.00023872833555961537,0.007433056831359863
int2float,1,1,-9.13278279150026e-06,-0.0005885872975067014,-0.010074138641357422
int2float,2,1,-0.0002248712133805647,0.00030679837800386134,0.004952788352966309
int2float,3,1,-2.6215432286522122e-05,-0.00016360981628561755,-0.0017850399017333984
int2float,4,1,0.00019033326886658958,0.0004133032354706051,-0.004069685935974121
int2float,5,1,5.420001806651087e-05,0.00028086061439265564,0.0017004013061523438
int2float,6,1,-5.189782918021274e-05,-0.0005462932085307931,0.015889525413513184
int2float,7,1,0.00021662726547311273,0.00014553266983326207,-0.0152587890625
int2float,8,1,3.3329512714452836e-06,-0.0005271149415625315,-0.0009616613388061523
int2float,9,1,-7.987162349026161e-05,-0.00026713470997907773,-0.0011086463928222656
int2float,0,2,-7.101357296535049e-06,-0.0003690585617947967,0.002969980239868164
int2float,1,2,0.00011060904353513146,-0.0009986576549445153,-0.012131929397583008
int2float,2,2,-0.0002905565682147157,0.0006410550875025622,0.0067397356033325195
int2float,3,2,-3.7454855178559177e-05,-0.00030300148398637594,-0.0022268295288085938
int2float,4,2,0.0002458152615209541,0.0005646324128943531,-0.0049591064453125
int2float,5,2,0.00012924558776219314,0.0005522746066932704,-0.0010563135147094727
int2float,6,2,-5.176958783779245e-05,-0.001000444931459385,0.026256442070007324
int2float,7,2,0.0004392335819416171,8.368939715272528e-06,-0.028624892234802246
int2float,8,2,1.0747932933277693e-05,-0.0007554055908901847,-0.002774357795715332
int2float,9,2,-4.9553468339069706e-05,-0.0003582154601330656,-0.005187034606933594
int2float,0,3,0.00011094757847736336,-0.00047087345409681236,-0.004255175590515137
int2float,1,3,0.0002659142298096148,-0.0012628836013332118,-0.018259167671203613
int2float,2,3,-0.00026982906462532513,0.0009147731551784472,0.00677335262298584
int2float,3,3,-1.149248181265411e-05,-0.0005490116311145793,-0.004425168037414551
int2float,4,3,0.0002769352041352563,0.0006296561620628555,-0.005589485168457031
int2float,5,3,6.252622468784497e-05,0.0006712548403291219,-0.001952052116394043
int2float,6,3,-5.825740532786061e-05,-0.0014250843455117235,0.03225100040435791
int2float,7,3,0.0005845729584911183,0.00011686372739926065,-0.0326915979385376
int2float,8,3,3.454606312898456e-05,-0.0009061614042472632,-0.005102038383483887
int2float,9,3,9.889823860546876e-05,-0.00028020837973351254,-0.011626005172729492
int2float,0,4,0.0002537762311940056,-0.0005330606368318253,-0.015978455543518066
int2float,1,4,0.00038541309611917624,-0.0016560809055088527,-0.03530466556549072
int2float,2,4,-0.00016310945265879395,0.0011159660226520984,0.002990245819091797
int2float,3,4,7.813014964931642e-05,-0.0007023224709420267,-0.008521556854248047
int2float,4,4,0.00037379407546275084,0.0006976591375295882,-0.008773207664489746
int2float,5,4,1.298030395763261e-05,0.0006737284129869625,-0.0006729364395141602
int2float,6,4,-2.2670941655249244e-05,-0.0017475391332721912,0.03275871276855469
int2float,7,4,0.0007073596436451626,0.0001750664553328285,-0.03689706325531006
int2float,8,4,9.758687920177755e-06,-0.0009820361413682838,-0.005697369575500488
int2float,9,4,0.0002918552398565519,-0.00022857847782420393,-0.0211026668548584
int2float,0,5,0.0003342207089163801,-0.0005506123524845197,-0.021903157234191895
int2float,1,5,0.00045045162969243463,-0.0019241407645345654,-0.05480241775512695
int2float,2,5,-5.979816260905796e-05,0.001345538074643618,-0.0028268098831176758
int2float,3,5,0.00013359186229312814,-0.0008228090435987989,-0.01333320140838623
int2float,4,5,0.00043221918434051265,0.000652249971463903,-0.012081503868103027
int2float,5,5,-2.1571171472313522e-05,0.0006024539781946253,-0.0007568597793579102
int2float,6,5,8.725167674630829e-05,-0.002052239559029209,0.02979600429534912
int2float,7,5,0.0007902873304374697,0.0003481304340691299,-0.037018418312072754
int2float,8,5,1.553605437727701e-05,-0.001050547694851467,-0.007035374641418457
int2float,9,5,0.00041957569542575013,-0.00022261778270418753,-0.027295947074890137
int2float,0,6,0.00037112057374552587,-0.0005708982784629751,-0.024645566940307617
int2float,1,6,0.0005728105817809845,-0.0021842279987330376,-0.08361256122589111
int2float,2,6,2.010325254558215e-05,0.0014931905043957944,-0.006945490837097168
int2float,3,6,0.00019441076953273517,-0.0008414686139425059,-0.018236756324768066
int2float,4,6,0.00047207064223492995,0.00067305820556815,-0.016617536544799805
int2float,5,6,-0.00010801087579902224,0.0005918729620956048,-0.0005289316177368164
int2float,6,6,0.00017248849187195825,-0.002303335485879951,0.027552247047424316
int2float,7,6,0.0008763045696603827,0.00039649146397499613,-0.037436842918395996
int2float,8,6,5.745365196674346e-05,-0.0011989478658472608,-0.009647965431213379
int2float,9,6,0.000506540225230015,-0.00035238947231212847,-0.03509795665740967
int2float,0,7,0.00040501399330823695,-0.0004895974798988789,-0.027713656425476074
int2float,1,7,0.0007445651074872855,-0.002351591866154218,-0.12791919708251953
int2float,2,7,0.00013048864081444816,0.0015561949726764501,-0.009060859680175781
int2float,3,7,0.00031636239280249945,-0.0008355434050331956,-0.024688363075256348
int2float,4,7,0.00046330769116906256,0.0006767662633529181,-0.01820671558380127
int2float,5,7,-0.0001822176860448027,0.0005823414318834041,-0.00029838085174560547
int2float,6,7,0.00030767665857701215,-0.002442022978900893,0.022979259490966797
int2float,7,7,0.0009632464988227618,0.000518260198620793,-0.03838074207305908
int2float,8,7,8.675596509899464e-05,-0.001241317576664222,-0.011209607124328613
int2float,9,7,0.0006176318630916403,-0.0004314013536789868,-0.041686415672302246
int2float,0,8,0.0004406538061163673,-0.0004203693354100646,-0.03059864044189453
int2float,1,8,0.0009685090313106201,-0.0024770257070283463,-0.19163048267364502
int2float,2,8,0.00018358602006167402,0.001563822433110068,-0.009409666061401367
int2float,3,8,0.00041782632411167114,-0.0008926179956694064,-0.030752062797546387
int2float,4,8,0.0004471360282665704,0.0007444135752835424,-0.01849687099456787
int2float,5,8,-0.0002061476812967311,0.0006901054967102943,-0.0013614892959594727
int2float,6,8,0.00046574737596452587,-0.00252705159058976,0.015740275382995605
int2float,7,8,0.0010599669749801338,0.0006565101364590237,-0.03982281684875488
int2float,8,8,0.00010908136220923181,-0.0012161815380663243,-0.01210629940032959
int2float,9,8,0.0006652134590004952,-0.0004550767737459549,-0.04446125030517578
int2float,0,9,0.0004172133565695235,-0.00039412678205304197,-0.03142750263214111
int2float,1,9,0.0012715961425884756,-0.002607326028675583,-0.2832779884338379
int2float,2,9,0.0002270153673187003,0.0015069748831668534,-0.009439587593078613
int2float,3,9,0.0005609415216136157,-0.000969661682225384,-0.04063141345977783
int2float,4,9,0.0004321978402874252,0.0008258480289101561,-0.01923084259033203
int2float,5,9,-0.00025180843136615727,0.0006956910310789571,-0.0018508434295654297
int2float,6,9,0.0005557580286607647,-0.0025461152415173632,0.008216381072998047
int2float,7,9,0.0011494367640248193,0.0006999832553848395,-0.04411470890045166
int2float,8,9,0.00012027829938207613,-0.0011125899761819241,-0.013079047203063965
int2float,9,9,0.0007365716069549222,-0.000475347599539544,-0.04956674575805664
int2float,0,10,0.0003090306625822131,-0.00035989748669175425,-0.0278322696685791
int2float,1,10,0.0014028491897689135,-0.002725297395720236,-0.3457329273223877
int2float,2,10,0.00027527075483764485,0.0014844623541935137,-0.009164810180664062
int2float,3,10,0.0006856567559329896,-0.001069762226788562,-0.051265835762023926
int2float,4,10,0.00039727666790678046,0.0008268078448522426,-0.020275115966796875
int2float,5,10,-0.00030983163182487367,0.0006962764992752973,-0.00018668174743652344
int2float,6,10,0.0006546390354127546,-0.0025293616589207313,-0.0013331174850463867
int2float,7,10,0.0012024429925056104,0.0007949806162215051,-0.04441213607788086
int2float,8,10,0.00014277369701051756,-0.0009494748014910598,-0.01489555835723877
int2float,9,10,0.0008503114975864784,-0.0005264414523509231,-0.05749845504760742
int2float,0,11,0.0002577887319395733,-0.0002777664882032682,-0.028496384620666504
int2float,1,11,0.0014516067980928846,-0.002753159727248558,-0.38093698024749756
int2float,2,11,0.000286612441618421,0.0014594290286284728,-0.008321642875671387
int2float,3,11,0.0007682939855998688,-0.0011623789655335198,-0.061817169189453125
int2float,4,11,0.0003837207896497802,0.0008283332619701128,-0.023401618003845215
int2float,5,11,-0.0003497399959291117,0.0007545960641131971,0.000760197639465332
int2float,6,11,0.0007422554280960558,-0.0024930942199856976,-0.00992739200592041
int2float,7,11,0.001226232286372829,0.0008294862913244827,-0.04199028015136719
int2float,8,11,0.0001674275434762479,-0.000798042015822023,-0.017147064208984375
int2float,9,11,0.0009431742280524985,-0.000604702707644178,-0.06326889991760254
int2float,0,12,0.00022831990824201398,-0.0002015424179788866,-0.030594468116760254
int2float,1,12,0.0014553208899371547,-0.0027755513825190314,-0.39693522453308105
int2float,2,12,0.00031810667846241675,0.001415278578004775,-0.007918953895568848
int2float,3,12,0.0008456769295087999,-0.0012381767508150426,-0.07249188423156738
int2float,4,12,0.0003373283628385418,0.0008141418421423186,-0.02514064311981201
int2float,5,12,-0.00036680812410417457,0.000786098675254504,0.0004036426544189453
int2float,6,12,0.0008555330851018478,-0.0024271788011562684,-0.02121257781982422
int2float,7,12,0.0012961785167009965,0.000999427322328647,-0.04396796226501465
int2float,8,12,0.00019017045834612833,-0.0007307193125457578,-0.020153403282165527
int2float,9,12,0.0010608588133170851,-0.0007027252368045495,-0.0748676061630249
int2float,0,13,0.0002176145761802889,-0.00010640768668834788,-0.03461456298828125
int2float,1,13,0.0014719460406775187,-0.0027628451157356293,-0.4111928939819336
int2float,2,13,0.0003545577615036155,0.0013648884663525068,-0.009497880935668945
int2float,3,13,0.0009536227826065363,-0.0012761300942121245,-0.0859370231628418
int2float,4,13,0.0003080389722794549,0.0008239031624750204,-0.027556777000427246
int2float,5,13,-0.00036376085370559,0.0008416259275089155,0.0003764629364013672
int2float,6,13,0.0009480686557268025,-0.0023402033204981965,-0.031005024909973145
int2float,7,13,0.0013330559269976797,0.0011125868955315088,-0.04496121406555176
int2float,8,13,0.00023814393337190376,-0.0006679968380392393,-0.024639606475830078
int2float,9,13,0.0011385444875994938,-0.0008094638363533302,-0.0816202163696289
int2float,0,14,0.00017105836404857078,-2.0783263157436727e-05,-0.03551459312438965
int2float,1,14,0.0015327805712608694,-0.0027256722402304034,-0.4363173246383667
int2float,2,14,0.0003984201258573142,0.0013358479841178161,-0.012136340141296387
int2float,3,14,0.0010694975021197303,-0.0013380528931470348,-0.10076010227203369
int2float,4,14,0.0003024441442006226,0.0007343633712468406,-0.031252145767211914
int2float,5,14,-0.00035988935175401,0.0009181302401890523,0.0004373788833618164
int2float,6,14,0.0010550500539273366,-0.0022892778533456365,-0.042247891426086426
int2float,7,14,0.0013355689838948498,0.001168624269109797,-0.04455435276031494
int2float,8,14,0.0002773610757882683,-0.0006028591811640116,-0.029169678688049316
int2float,9,14,0.0012317104388262154,-0.0009161861830273565,-0.08884835243225098
int2float,0,15,5.2654045512218195e-05,-6.137161022155835e-05,-0.029753565788269043
int2float,1,15,0.0015822522190926946,-0.0025556881815488597,-0.4423741102218628
int2float,2,15,0.00043925624732566587,0.0013018373109712628,-0.015190720558166504
int2float,3,15,0.0010952518400468153,-0.0014817340553771874,-0.10529792308807373
int2float,4,15,0.0003021412593709888,0.0006842614369122063,-0.03422665596008301
int2float,5,15,-0.00034246809155296515,0.0009981479565324414,-0.00045418739318847656
int2float,6,15,0.0012172202630442719,-0.0022869180890798257,-0.058618783950805664
int2float,7,15,0.001307298010645358,0.0011681124474253457,-0.042373061180114746
int2float,8,15,0.00028182741503907094,-0.00043718428856413805,-0.03144955635070801
int2float,9,15,0.001330969643945204,-0.001008979377557534,-0.09641051292419434
int2float,0,16,-3.141450981498928e-05,-8.866394588778748e-05,-0.025052309036254883
int2float,1,16,0.0016373399960975393,-0.002380414910429951,-0.4475752115249634
int2float,2,16,0.0004717925709470591,0.0012958410767263812,-0.017833828926086426
int2float,3,16,0.001172908759748556,-0.0015744788225437872,-0.1137322187423706
int2float,4,16,0.00031629215923755644,0.0006081185365351405,-0.03970766067504883
int2float,5,16,-0.0003230053967071128,0.0010598658339767003,-0.0013910531997680664
int2float,6,16,0.001368638185009638,-0.002273199506815357,-0.07465028762817383
int2float,7,16,0.0012665483665782462,0.0012961780261800254,-0.04053175449371338
int2float,8,16,0.0002909642446940891,-0.0003538575201322558,-0.033837199211120605
int2float,9,16,0.0013925269608819416,-0.0011310343927800476,-0.10167491436004639
int2float,0,17,-7.48858130959068e-05,-0.0001752881326528427,-0.023273229598999023
int2float,1,17,0.0017301017771232316,-0.002122915178920576,-0.4740344285964966
int2float,2,17,0.0005236408714593133,0.0012996228761528589,-0.0231093168258667
int2float,3,17,0.0012890353495533108,-0.0016863738174329318,-0.12316155433654785
int2float,4,17,0.0003383145098079868,0.0005343107530030727,-0.045760154724121094
int2float,5,17,-0.0003262812606523377,0.001067445880397061,-0.0011208057403564453
int2float,6,17,0.0014531733897410748,-0.0023616586205684603,-0.08217787742614746
int2float,7,17,0.0012325532033846606,0.0014129323562916546,-0.03830373287200928
int2float,8,17,0.0003108878982638341,-0.00028886316750621754,-0.03709673881530762
int2float,9,17,0.0014541416771447421,-0.0011830053403784485,-0.10675203800201416
int2float,0,18,-0.00013451692711162477,-0.00021513375881783425,-0.02022385597229004
int2float,1,18,0.001827128334824013,-0.001760864631132314,-0.4978642463684082
int2float,2,18,0.0006051305215327846,0.0013619953920169792,-0.031398773193359375
int2float,3,18,0.0013743080647124761,-0.0017674028709946388,-0.12895643711090088
int2float,4,18,0.00037683667140987753,0.0004276226364105934,-0.054865479469299316
int2float,5,18,-0.00031595270214755666,0.001117500914894945,-0.0015054941177368164
int2float,6,18,0.0015194535395445657,-0.0024348135163623913,-0.08802711963653564
int2float,7,18,0.0012100149925669823,0.0014910827368531665,-0.03747415542602539
int2float,8,18,0.00032227697923284393,-0.0002426408977403982,-0.03994786739349365
int2float,9,18,0.001483330821316721,-0.001239354088340125,-0.10908567905426025
int2float,0,19,-0.00018280922753239476,-0.00021459404152671113,-0.017748236656188965
int2float,1,19,0.0018718256983086198,-0.0013939891303274415,-0.4906734228134155
int2float,2,19,0.0006908172129343818,0.0014742859248828566,-0.03967940807342529
int2float,3,19,0.001451156873047324,-0.0018551978652679157,-0.13423478603363037
int2float,4,19,0.0004375665714916252,0.0003411149296116689,-0.0686342716217041
int2float,5,19,-0.000296105370359831,0.0011172226427273863,-0.0024962425231933594
int2float,6,19,0.00160201060658903,-0.0025168259074591914,-0.09687018394470215
int2float,7,19,0.0012062276600602884,0.0015114355730991985,-0.03863418102264404
int2float,8,19,0.00035979331158692007,-0.00019339372385700215,-0.042594313621520996
int2float,9,19,0.0015393102882181112,-0.0013016500379723212,-0.11309874057769775
int2float,0,20,-0.00021265022106376624,-0.00015525888594983273,-0.016931653022766113
int2float,1,20,0.0019429796307658606,-0.0009293959822573167,-0.49032771587371826
int2float,2,20,0.0007719020455296127,0.0015823048136886925,-0.04698538780212402
int2float,3,20,0.0015231822718303478,-0.001963593660605306,-0.13697075843811035
int2float,4,20,0.00047904513437364155,0.0002763736160504293,-0.08332204818725586
int2float,5,20,-0.0002802321396898344,0.0010902334914594941,-0.0021483898162841797
int2float,6,20,0.0017148736750437973,-0.0026351916964425515,-0.10859501361846924
int2float,7,20,0.0012166565154026268,0.0015066363857933751,-0.04082679748535156
int2float,8,20,0.0003979310430774069,-0.00014211463785369916,-0.045293569564819336
int2float,9,20,0.0016153404176408245,-0.0013544534585835238,-0.12080490589141846
int2float,0,21,-0.00023690512414321213,-8.886827480190929e-05,-0.016321659088134766
int2float,1,21,0.0020256613759095238,-0.0005768038056449543,-0.4965091943740845
int2float,2,21,0.0008758512019673287,0.0016318000967314589,-0.054583191871643066
int2float,3,21,0.0015569709808521265,-0.002076220924910041,-0.1349242925643921
int2float,4,21,0.00052661913030147,0.00023905288310796524,-0.09922587871551514
int2float,5,21,-0.0002601051595059953,0.0011048642937688952,-0.0018821954727172852
int2float,6,21,0.0018919971661803675,-0.0028266443187007495,-0.12925362586975098
int2float,7,21,0.00122794583039975,0.0016006539000626707,-0.04266190528869629
int2float,8,21,0.0004471314720488895,-3.6784078788848484e-05,-0.04840350151062012
int2float,9,21,0.001699074148399142,-0.001401529701913512,-0.12887156009674072
int2float,0,22,-0.0002865842972659266,-0.00011144128251773522,-0.01434016227722168
int2float,1,22,0.0021398065765647553,-0.00012064031527631025,-0.5101593732833862
int2float,2,22,0.0009858117218437545,0.0017633321630315113,-0.061516523361206055
int2float,3,22,0.0016528683521594492,-0.0021581455389295817,-0.14178383350372314
int2float,4,22,0.0005261575765558302,0.00019875407998665162,-0.10747849941253662
int2float,5,22,-0.00023031745169075496,0.0011499405289180364,-0.0013136863708496094
int2float,6,22,0.0020082126140946524,-0.0029881106934581403,-0.14415669441223145
int2float,7,22,0.0012365304433386015,0.001701236151091301,-0.044371724128723145
int2float,8,22,0.000509268434443641,0.00018066631208336903,-0.05236804485321045
int2float,9,22,0.00177897285196299,-0.0014349450603613617,-0.13637793064117432
int2float,0,23,-0.00028702785048242974,-0.00011923730947646649,-0.015386700630187988
int2float,1,23,0.0023288816759229405,0.00033649016936344867,-0.5545104742050171
int2float,2,23,0.0011223228339542063,0.0017844184868146679,-0.07083165645599365
int2float,3,23,0.0017416177229220217,-0.002238748661926915,-0.1466892957687378
int2float,4,23,0.0005310544745814674,0.000172503893644968,-0.11549925804138184
int2float,5,23,-0.00020601945297830937,0.00122173458500148,-0.0008405447006225586
int2float,6,23,0.0021211575401042654,-0.0031237399759708184,-0.15900957584381104
int2float,7,23,0.0012581338135626494,0.001802184704338447,-0.0470808744430542
int2float,8,23,0.0005769949087250648,0.0004801148570349467,-0.05676889419555664
int2float,9,23,0.0018974370076422428,-0.0014450623762533588,-0.1490691900253296
int2float,0,24,-0.0002590099474132218,-0.00010672090429850178,-0.018419265747070312
int2float,1,24,0.002549453329732748,0.0009173608686922213,-0.6096959114074707
int2float,2,24,0.0012486394386198724,0.0018780449637096353,-0.07896947860717773
int2float,3,24,0.0018654456531264074,-0.0023076490648599596,-0.1575547456741333
int2float,4,24,0.0005593988428501118,0.00016491720397317222,-0.12805283069610596
int2float,5,24,-0.00017387054085125225,0.0011608518857572775,-0.001087784767150879
int2float,6,24,0.0021874080153441514,-0.0032435847464802325,-0.1641026735305786
int2float,7,24,0.0013083929937839286,0.0017952890139870392,-0.05224406719207764
int2float,8,24,0.0006549865064596622,0.0007477478175634128,-0.06303834915161133
int2float,9,24,0.0020362093853941166,-0.001467608575308782,-0.16915225982666016
int2float,0,25,-0.0002351368670023557,-0.00014217975308535025,-0.02081739902496338
int2float,1,25,0.0027875919183547523,0.0015864460280185372,-0.6676901578903198
int2float,2,25,0.001357192719187203,0.001868523847304876,-0.08591818809509277
int2float,3,25,0.0019727722775294415,-0.002345578499803297,-0.16964411735534668
int2float,4,25,0.0005742578639309701,8.901588219031864e-05,-0.13906466960906982
int2float,5,25,-0.0001344471567187866,0.0011755757953377383,-0.0019568204879760742
int2float,6,25,0.0022177144096121038,-0.0033358592987179775,-0.1636967658996582
int2float,7,25,0.0013494738656426586,0.0018049091808125806,-0.05665278434753418
int2float,8,25,0.0007061347127216844,0.0009394597346810418,-0.06773197650909424
int2float,9,25,0.0021547437733809086,-0.001489869517887002,-0.18281733989715576
int2float,0,26,-0.000218574512134119,-0.000162892120428193,-0.023171305656433105
int2float,1,26,0.0030508632359292076,0.0022176480784416724,-0.7426259517669678
int2float,2,26,0.0015224219366059277,0.0017796634145719054,-0.09977281093597412
int2float,3,26,0.0020462877887692382,-0.0023481396685944705,-0.17868351936340332
int2float,4,26,0.0006249688739739245,-1.6376258898664897e-05,-0.15915918350219727
int2float,5,26,-9.730174783243589e-05,0.0012286201277861147,-0.0028682947158813477
int2float,6,26,0.0022521711647936135,-0.0034158642820071305,-0.16459131240844727
int2float,7,26,0.0013787518752354788,0.0019729016839684227,-0.059810757637023926
int2float,8,26,0.0007155087659978243,0.0012404992641839307,-0.06935644149780273
int2float,9,26,0.002264263919177903,-0.0015139165447367459,-0.1964198350906372
int2float,0,27,-0.0001971299907572721,-0.00017259905609988413,-0.026545047760009766
int2float,1,27,0.003301287531983624,0.0026255591301747733,-0.8040132522583008
int2float,2,27,0.0016780739672882447,0.0017700361702080725,-0.11245739459991455
int2float,3,27,0.0021233483967401656,-0.002326054600254937,-0.19023561477661133
int2float,4,27,0.0007187685825334258,-0.00011424664270377749,-0.1873081922531128
int2float,5,27,-6.016907200135507e-05,0.0012292042889161803,-0.003927946090698242
int2float,6,27,0.002327373116150562,-0.003509812502133447,-0.1740283966064453
int2float,7,27,0.0014067543897026136,0.002068532644603105,-0.06306898593902588
int2float,8,27,0.0007444929509348719,0.0015322475586667245,-0.07214236259460449
int2float,9,27,0.00237291787647248,-0.0015387542733987791,-0.21092653274536133
int2float,0,28,-0.00020557970964690808,-0.00019018636847834003,-0.027175545692443848
int2float,1,28,0.0035401414926106017,0.00311636182745291,-0.8541444540023804
int2float,2,28,0.0018615950029888667,0.0018324189705884036,-0.12878966331481934
int2float,3,28,0.0022218383158404548,-0.002298871887058518,-0.20679128170013428
int2float,4,28,0.0008378322268811356,-0.00019646865446246164,-0.2255014181137085
int2float,5,28,-7.263651156143303e-06,0.0012514054235584215,-0.004301786422729492
int2float,6,28,0.002394859787475244,-0.003591112073905306,-0.18229055404663086
int2float,7,28,0.001440842477841632,0.0020963399128334365,-0.06643879413604736
int2float,8,28,0.0007456748852948808,0.0018170071216366823,-0.07461512088775635
int2float,9,28,0.002476704559159458,-0.0015737294981771205,-0.22587502002716064
int2float,0,29,-0.00021785755451576155,-0.00021898063573229376,-0.027927041053771973
int2float,1,29,0.00376687303115171,0.003681545612607487,-0.894300639629364
int2float,2,29,0.002068517675143218,0.0018627186355003045,-0.14845812320709229
int2float,3,29,0.0023323165305432977,-0.0022446711543757103,-0.22437059879302979
int2float,4,29,0.0009122923651577255,-0.0002941026079553294,-0.2506568431854248
int2float,5,29,4.0286926260943434e-05,0.0012884723389808006,-0.004421710968017578
int2float,6,29,0.002463284621283389,-0.0036571314048058634,-0.18995964527130127
int2float,7,29,0.0014727157935727417,0.002133924089910963,-0.06950938701629639
int2float,8,29,0.0007867183999192007,0.0020291741532745128,-0.08069849014282227
int2float,9,29,0.0025909093517202594,-0.0016569502236806338,-0.2509746551513672
int2float,0,30,-0.00020480924271318313,-0.0002106963342685675,-0.030815958976745605
int2float,1,30,0.003887423028145924,0.004056757535081085,-0.8934778571128845
int2float,2,30,0.0022551507568959323,0.0018732466125845337,-0.16830432415008545
int2float,3,30,0.0024658314960558717,-0.002200045576311427,-0.24448168277740479
int2float,4,30,0.0009303170144626186,-0.0003585639598890772,-0.26149606704711914
int2float,5,30,9.559510185424419e-05,0.0013412838488320311,-0.004563331604003906
int2float,6,30,0.0025388168797483984,-0.003714091453432586,-0.20183002948760986
int2float,7,30,0.001519208721494969,0.0021813186438125187,-0.0735849142074585
int2float,8,30,0.0008764823012411965,0.0022073440938580186,-0.09199845790863037
int2float,9,30,0.0027149605562114057,-0.0017373886433354607,-0.276577353477478
int2float,0,31,-0.0001978483499293776,-0.00019375493621186235,-0.03293466567993164
int2float,1,31,0.004030271995507248,0.004196059064760463,-0.8970267176628113
int2float,2,31,0.002434751069291634,0.0019541345022035944,-0.18590497970581055
int2float,3,31,0.0025864495500311224,-0.0021560626229620156,-0.26535487174987793
int2float,4,31,0.0009701448407072044,-0.000405665103382552,-0.27672278881073
int2float,5,31,0.00015630317151597156,0.0013068198876309972,-0.005354046821594238
int2float,6,31,0.00257278049645273,-0.0037609179214403154,-0.20297574996948242
int2float,7,31,0.0015728920760587212,0.002145964629456168,-0.07943296432495117
int2float,8,31,0.0009752643271311451,0.0025112459500142292,-0.10401427745819092
int2float,9,31,0.002831258663357643,-0.001804070326732632,-0.30111682415008545
int2float,0,32,-0.00021778307419241527,-0.0001625754039533689,-0.033142805099487305
int2float,1,32,0.004051209189908873,0.004255594819873393,-0.866339921951294
int2float,2,32,0.0026056082304504458,0.0020958180864031895,-0.19831645488739014
int2float,3,32,0.0027126667749121716,-0.0021113721488562887,-0.28730225563049316
int2float,4,32,0.0009686685961453681,-0.00047901862413221585,-0.278578519821167
int2float,5,32,0.0002020800993516106,0.0011799863266557797,-0.006074309349060059
int2float,6,32,0.0025971017258879653,-0.003791023003100649,-0.2011852264404297
int2float,7,32,0.0016304881705828875,0.002137595064965414,-0.08552348613739014
int2float,8,32,0.0010695569185117798,0.0028086621807741213,-0.1163550615310669
int2float,9,32,0.0029436578487094175,-0.001811306933452883,-0.33458614349365234
int2float,0,33,-0.00021560394987051035,-0.00012804032395433151,-0.03414034843444824
int2float,1,33,0.004100464448569485,0.004317309083061785,-0.8401850461959839
int2float,2,33,0.002806276308695378,0.0022318170772968465,-0.21545064449310303
int2float,3,33,0.0029206875659473774,-0.002059719587011094,-0.3219006061553955
int2float,4,33,0.0009921463844676237,-0.0005334249003968589,-0.285129189491272
int2float,5,33,0.00024778514617364994,0.001065037088053361,-0.006689667701721191
int2float,6,33,0.002658960784484632,-0.0038345749932114925,-0.20502150058746338
int2float,7,33,0.001657366314642271,0.0021553718506281266,-0.08903360366821289
int2float,8,33,0.0012098057818985125,0.0030925849895571678,-0.13553249835968018
int2float,9,33,0.003045110469355225,-0.0018162805372825136,-0.36684560775756836
int2float,0,34,-0.00018530700637517383,-8.298035080225863e-05,-0.03869950771331787
int2float,1,34,0.004170631350724728,0.004389199054688042,-0.8174670934677124
int2float,2,34,0.003026055926769536,0.0024329788658555423,-0.23779654502868652
int2float,3,34,0.00308512155999309,-0.0020336544040979454,-0.351299524307251
int2float,4,34,0.000961001156944391,-0.0005777672441866222,-0.27552711963653564
int2float,5,34,0.00029086821205280555,0.0009623588967943297,-0.00729680061340332
int2float,6,34,0.002712109781918416,-0.0038600857671253763,-0.2084730863571167
int2float,7,34,0.0016684744215476471,0.002264253644174749,-0.0916215181350708
int2float,8,34,0.0013948994334221781,0.0035305030314973784,-0.1622217893600464
int2float,9,34,0.003139884151898642,-0.0018190219517742051,-0.40188097953796387
int2float,0,35,-0.00015707290177921496,-4.11992498337288e-05,-0.0430678129196167
int2float,1,35,0.0042327700398458665,0.004592331461193588,-0.7932825088500977
int2float,2,35,0.003180609509605921,0.0025950064040932003,-0.2486351728439331
int2float,3,35,0.003175214283364529,-0.002022572526624841,-0.37562096118927
int2float,4,35,0.0009427795587264864,-0.0006368715261396846,-0.2718076705932617
int2float,5,35,0.0003364398954925907,0.0008415128432470581,-0.0066519975662231445
int2float,6,35,0.002762602298999897,-0.003878291455985075,-0.2115628719329834
int2float,7,35,0.0017147243754383756,0.0024047751953028412,-0.09759366512298584
int2float,8,35,0.001570785450718759,0.003947539078962378,-0.19031691551208496
int2float,9,35,0.0031230821824804605,-0.001807328391820448,-0.41593265533447266
int2float,0,36,-0.00011071566744060013,-8.138091555140448e-05,-0.04753279685974121
int2float,1,36,0.004290247171250795,0.004910720588986867,-0.7678389549255371
int2float,2,36,0.0032796405579256643,0.0027038247242677227,-0.25354325771331787
int2float,3,36,0.003249975971089114,-0.002008133115643282,-0.3917614221572876
int2float,4,36,0.000965862879290777,-0.0006668693326928321,-0.28066396713256836
int2float,5,36,0.00039972181335456297,0.0007471699036905727,-0.005948662757873535
int2float,6,36,0.0028336298742609664,-0.003876673245447451,-0.21881794929504395
int2float,7,36,0.0017500188859703655,0.0024777843821868623,-0.10226321220397949
int2float,8,36,0.001806684061550795,0.00428863229474212,-0.22893595695495605
int2float,9,36,0.003171074200667,-0.001750238160161663,-0.4495699405670166
int2float,0,37,-4.362278563607713e-05,-0.00011280775186160719,-0.0539320707321167
int2float,1,37,0.004385941568593503,0.005039875326035448,-0.7599447965621948
int2float,2,37,0.0033685970290351502,0.0027923960789646984,-0.2571011781692505
int2float,3,37,0.0033270652722746097,-0.00197008003824152,-0.406150221824646
int2float,4,37,0.0009540585774707872,-0.0006888780504914066,-0.2787344455718994
int2float,5,37,0.0004600350706496503,0.0006505167625845687,-0.005572319030761719
int2float,6,37,0.0029250501281934335,-0.003858204876680066,-0.2316511869430542
int2float,7,37,0.0017349889646356281,0.0025450670997178015,-0.1016918420791626
int2float,8,37,0.0020521515736584423,0.00458873506920239,-0.27346956729888916
int2float,9,37,0.0032580199456676354,-0.001714023510733076,-0.4953000545501709
int2float,0,38,3.2133493922739675e-05,-0.00014708657630975452,-0.06137967109680176
int2float,1,38,0.004498921903239847,0.005184629900839788,-0.7626307010650635
int2float,2,38,0.0034552702838090213,0.0029607311498158484,-0.2583202123641968
int2float,3,38,0.0033988416962899212,-0.0019376953578324335,-0.41970646381378174
int2float,4,38,0.0010022447116896094,-0.0007127502173218669,-0.2958841323852539
int2float,5,38,0.0005196321823612224,0.0005567553724383917,-0.0056188106536865234
int2float,6,38,0.00297000561763789,-0.0038617228122213576,-0.2400568723678589
int2float,7,38,0.0017118764326477104,0.002603920620437558,-0.10055708885192871
int2float,8,38,0.002238149735095618,0.004848101814495062,-0.3119302988052368
int2float,9,38,0.0033327862125752117,-0.001641535134420738,-0.5293385982513428
int2float,0,39,0.0001048302343227836,-0.00017799504008915445,-0.06903278827667236
int2float,1,39,0.00462893650232956,0.005344991834672158,-0.7722433805465698
int2float,2,39,0.0035348218240069257,0.0031134460724749624,-0.2593684196472168
int2float,3,39,0.003463979167157377,-0.0019183927037058623,-0.4359380006790161
int2float,4,39,0.0010029602177316008,-0.000746046546462209,-0.29488492012023926
int2float,5,39,0.0005736321411362599,0.00047980730692132045,-0.005802035331726074
int2float,6,39,0.002962776820118626,-0.003878561484926879,-0.2374504804611206
int2float,7,39,0.0016854306398792623,0.002705315732173433,-0.09908854961395264
int2float,8,39,0.0024514880378943976,0.005047604201379341,-0.3609461784362793
int2float,9,39,0.00349471580803188,-0.0015817881532265432,-0.5825774669647217
int2float,0,40,0.00016267500916516964,-0.0002028054060016493,-0.075600266456604
int2float,1,40,0.004742326439939326,0.005524755923851515,-0.7787443399429321
int2float,2,40,0.0036192434138849344,0.0032288215328388215,-0.2656368017196655
int2float,3,40,0.0034656632409874252,-0.001900670162448062,-0.4373983144760132
int2float,4,40,0.0010172623173941991,-0.0007432493757491693,-0.2916145324707031
int2float,5,40,0.0006092149030608798,0.0003721063609121028,-0.00654911994934082
int2float,6,40,0.002965491005638976,-0.00388077653833821,-0.23508679866790771
int2float,7,40,0.0016721816645992038,0.0026959977361400572,-0.09930121898651123
int2float,8,40,0.002727895622070667,0.005162981282657186,-0.4258664846420288
int2float,9,40,0.0036622297217709307,-0.0015372478089785702,-0.6494604349136353
int2float,0,41,0.0001970408890362707,-0.00023252824449603027,-0.07970941066741943
int2float,1,41,0.0048590648248050955,0.005571814948739859,-0.7979645729064941
int2float,2,41,0.0037345876261120556,0.0034093821706693977,-0.2780570983886719
int2float,3,41,0.003460781541271156,-0.0018890993841093884,-0.4380662441253662
int2float,4,41,0.0010599410109572438,-0.0007394899123757959,-0.295491099357605
int2float,5,41,0.0006629701281612999,0.00025622799387386985,-0.00752103328704834
int2float,6,41,0.003006810976030609,-0.0038648672855284005,-0.2424910068511963
int2float,7,41,0.001662954802790599,0.0028111939450545798,-0.09991943836212158
int2float,8,41,0.0029917687711449176,0.0054665150646350524,-0.4900379180908203
int2float,9,41,0.003823583621248579,-0.0014882004281979444,-0.7102228403091431
int2float,0,42,0.00022205041005363135,-0.0002668399435559743,-0.08398079872131348
int2float,1,42,0.005014884743330672,0.005773833970608155,-0.8304599523544312
int2float,2,42,0.0038397075720065788,0.0035802266717779307,-0.2893247604370117
int2float,3,42,0.003468123824345984,-0.0018499452114292964,-0.442615270614624
int2float,4,42,0.00110005178993193,-0.0007318072232147949,-0.29849791526794434
int2float,5,42,0.0007094576337653632,0.00015438772251742672,-0.008329391479492188
int2float,6,42,0.0030108238696801085,-0.003858312792823143,-0.24148893356323242
int2float,7,42,0.0016464067079368094,0.0030787639705099207,-0.09892022609710693
int2float,8,42,0.0032453885743580213,0.005687050527346513,-0.5556119680404663
int2float,9,42,0.00401279345400931,-0.001463402200944125,-0.7738611698150635
int2float,0,43,0.0002445894397706816,-0.00029720042003131275,-0.08784544467926025
int2float,1,43,0.005134890969554204,0.00597914542270804,-0.8478397130966187
int2float,2,43,0.00393872484571825,0.0037356967697321497,-0.299869179725647
int2float,3,43,0.0033907457052481035,-0.0018265885271155635,-0.429307222366333
int2float,4,43,0.0011541242867736598,-0.0007192194777842775,-0.30900096893310547
int2float,5,43,0.0007551088087941887,3.569916850321153e-05,-0.00960230827331543
int2float,6,43,0.002999103567855009,-0.0038518898239601335,-0.2378554344177246
int2float,7,43,0.001663274344770732,0.003244153485783108,-0.10111737251281738
int2float,8,43,0.003390959025804649,0.005935465099054363,-0.5915989875793457
int2float,9,43,0.004191928904882063,-0.0014278870777684055,-0.8311954736709595
int2float,0,44,0.00026738552130056714,-0.0003238177375163992,-0.09149956703186035
int2float,1,44,0.005238944071545362,0.0061903984800695255,-0.8617079257965088
int2float,2,44,0.00403020401298531,0.0038792283968193675,-0.31091105937957764
int2float,3,44,0.00332064209205829,-0.0017435986703481093,-0.4164668321609497
int2float,4,44,0.0011287999112317981,-0.0007952225466568846,-0.30524349212646484
int2float,5,44,0.000799838294032143,-6.851014357281415e-05,-0.010706305503845215
int2float,6,44,0.002944684986192679,-0.003927815326222689,-0.22663569450378418
int2float,7,44,0.001680269048561972,0.0033963981108504626,-0.10342729091644287
int2float,8,44,0.003533406294465982,0.006084890675056326,-0.626544713973999
int2float,9,44,0.004222657326096946,-0.0013878089268819366,-0.8403383493423462
int2float,0,45,0.00035226754829788265,-0.00036647280685307704,-0.10124242305755615
int2float,1,45,0.005342881558879985,0.006543172172846154,-0.8762898445129395
int2float,2,45,0.00412123656617748,0.004071080949399078,-0.3210088014602661
int2float,3,45,0.0032652361219768777,-0.0016806919883402133,-0.4058777093887329
int2float,4,45,0.0011076714089169326,-0.0008593619901241106,-0.30175483226776123
int2float,5,45,0.0008464285375666819,-0.00015593226006753447,-0.011978745460510254
int2float,6,45,0.002910800416990829,-0.00400001621981079,-0.22134745121002197
int2float,7,45,0.0017103454268347293,0.003516702096153651,-0.10736954212188721
int2float,8,45,0.0037310359526213366,0.006177602885509587,-0.6759089231491089
int2float,9,45,0.00428073687808779,-0.0013742465956016053,-0.8530300855636597
int2float,0,46,0.00037056783064098875,-0.000358236726928432,-0.10201919078826904
int2float,1,46,0.0054850415030325075,0.006653255142220524,-0.9052443504333496
int2float,2,46,0.004215927590745981,0.00433224198276734,-0.3313865661621094
int2float,3,46,0.0031951024925263513,-0.0015956608155206359,-0.39047038555145264
int2float,4,46,0.0011366197477153325,-0.0009668776051939554,-0.3091996908187866
int2float,5,46,0.0008877423749422131,-0.00022607775095684346,-0.0133591890335083
int2float,6,46,0.0028766332714685525,-0.004125989365001331,-0.21729397773742676
int2float,7,46,0.0017592825543474092,0.003524044459609743,-0.11280632019042969
int2float,8,46,0.0039383982841248305,0.006250953559099326,-0.7298763990402222
int2float,9,46,0.0044191718115646345,-0.001379796866463695,-0.8863341808319092
int2float,0,47,0.0003946058215694298,-0.00034833343590838506,-0.10323834419250488
int2float,1,47,0.005652353568097235,0.006810523142271999,-0.9420097470283508
int2float,2,47,0.004301239960585339,0.004579270483278622,-0.3410212993621826
int2float,3,47,0.0031024182675684284,-0.0015165186547061865,-0.3692491054534912
int2float,4,47,0.0011888143370156826,-0.0010421245110322358,-0.3230595588684082
int2float,5,47,0.0009333885940229839,-0.0003004955814939203,-0.01468813419342041
int2float,6,47,0.002853422285886642,-0.004233479861946235,-0.21439909934997559
int2float,7,47,0.0018024104740013702,0.003388429501168827,-0.11754298210144043
int2float,8,47,0.004124775179878554,0.006284173491053591,-0.778773307800293
int2float,9,47,0.004457577964323556,-0.0013895995622872082,-0.8888373374938965
int2float,0,48,0.00041788716533676384,-0.0003382725990865032,-0.10450124740600586
int2float,1,48,0.005803439833953636,0.007104163695014931,-0.9703676700592041
int2float,2,48,0.004378143511101197,0.004814112969940748,-0.34937500953674316
int2float,3,48,0.003022481546226516,-0.001442723762248757,-0.3494737148284912
int2float,4,48,0.0011936682869978094,-0.001121063963239896,-0.32005107402801514
int2float,5,48,0.0009877592277018551,-0.0003479767093523545,-0.016066789627075195
int2float,6,48,0.0027723624093164215,-0.0043094403007622045,-0.20218896865844727
int2float,7,48,0.0018814536381916575,0.0033447843377102937,-0.12627220153808594
int2float,8,48,0.004378002052965971,0.006282882760946518,-0.8439075946807861
int2float,9,48,0.004494477589053088,-0.0013940099813462836,-0.8903495073318481
int2float,0,49,0.00041240514715747134,-0.0003038524666573311,-0.10222756862640381
int2float,1,49,0.005970385359362819,0.0072067058598739575,-0.998714029788971
int2float,2,49,0.0044785564838497535,0.004927503463405855,-0.3658393621444702
int2float,3,49,0.0029736983691952407,-0.0013346048141402722,-0.3355214595794678
int2float,4,49,0.001198117680067147,-0.0011907201523380512,-0.31734561920166016
int2float,5,49,0.0010555946863457163,-0.00036376269338551925,-0.0176619291305542
int2float,6,49,0.0027588940317681346,-0.004382092269656329,-0.2009265422821045
int2float,7,49,0.0019559414761141924,0.00320862486435268,-0.13441860675811768
int2float,8,49,0.004627531432549167,0.006269348113323733,-0.9064576625823975
int2float,9,49,0.004464325106300203,-0.0014137803133608406,-0.8733739852905273
int2float,0,50,0.0003612213262746411,-0.00025382847739674474,-0.09412896633148193
int2float,1,50,0.00611710603693108,0.007332358661075511,-1.0228561758995056
int2float,2,50,0.004618661775239362,0.0050284919492588065,-0.3891899585723877
int2float,3,50,0.002937126135056381,-0.0012520528975074746,-0.32516586780548096
int2float,4,50,0.0012057270912513088,-0.0012533388939129503,-0.31512343883514404
int2float,5,50,0.0011043092244022792,-0.00037881362194505663,-0.018357515335083008
int2float,6,50,0.0027538541345686063,-0.004425967076710613,-0.19906580448150635
int2float,7,50,0.002062373469102846,0.002936394803575118,-0.14545536041259766
int2float,8,50,0.0048005440626876505,0.006251676048499424,-0.9471961259841919
int2float,9,50,0.004434981610595773,-0.0014315326988906807,-0.8569961786270142
int2float,0,51,0.0002987363350794442,-0.0002354092817706821,-0.08523142337799072
int2float,1,51,0.006269391025953787,0.0076065802990070985,-1.0478489398956299
int2float,2,51,0.004804550735871917,0.004908001071519674,-0.4269065856933594
int2float,3,51,0.0028983868620530845,-0.0011888982281571953,-0.3147341012954712
int2float,4,51,0.0012709211411784244,-0.0013400502189155755,-0.3300974369049072
int2float,5,51,0.001147945066193659,-0.00040821047413110156,-0.01848149299621582
int2float,6,51,0.002721936675016523,-0.004479802971183278,-0.19515490531921387
int2float,7,51,0.0021588708157039074,0.002579521153268441,-0.15523648262023926
int2float,8,51,0.005052229611299183,0.0062151565722150665,-1.010737657546997
int2float,9,51,0.004386714223351823,-0.0013999622147645302,-0.8322844505310059
int2float,0,52,0.00024018204132215948,-0.00021866934648810676,-0.07751739025115967
int2float,1,52,0.00640738064941479,0.007900750496936684,-1.0690578818321228
int2float,2,52,0.004984451557966979,0.004885496110353979,-0.46491432189941406
int2float,3,52,0.002915624181214743,-0.0011274878649756848,-0.31281232833862305
int2float,4,52,0.0013199812765687796,-0.0014598129852622516,-0.34080326557159424
int2float,5,52,0.0011853315192532354,-0.00040577622893031573,-0.018581748008728027
int2float,6,52,0.0027182258484193256,-0.0045164863867681315,-0.195564866065979
int2float,7,52,0.002212060798018625,0.0022605786518617027,-0.16044366359710693
int2float,8,52,0.0052801521353314645,0.006243019887359563,-1.064380705356598
int2float,9,52,0.004274228438842127,-0.0013259588689488178,-0.7902488708496094
int2float,0,53,0.00014347541091572213,-0.00022573968983427561,-0.06745553016662598
int2float,1,53,0.0065595015117523026,0.008202243728210712,-1.090696930885315
int2float,2,53,0.00517900820910535,0.004827365143419263,-0.5028090476989746
int2float,3,53,0.002945359590152831,-0.0010019081299530441,-0.31413567066192627
int2float,4,53,0.001359297146259729,-0.0015611924463697219,-0.3476710319519043
int2float,5,53,0.0012374848176285383,-0.00037340579715426647,-0.019237399101257324
int2float,6,53,0.002703630922497924,-0.004541446321329162,-0.19324040412902832
int2float,7,53,0.002261032806632035,0.0019923362969901243,-0.1655505895614624
int2float,8,53,0.00548432519925629,0.006251324500073027,-1.1110432147979736
int2float,9,53,0.004090300456870845,-0.0012607193582322845,-0.7331863641738892
int2float,0,54,0.0001317032052623318,-0.00022006871818848472,-0.06571149826049805
int2float,1,54,0.0066988997889947735,0.00861973798035541,-1.1073726415634155
int2float,2,54,0.005402898593392845,0.004759802444667269,-0.5510376691818237
int2float,3,54,0.0029333520842036095,-0.0008635320211883152,-0.3124372959136963
int2float,4,54,0.0014313738205159188,-0.0015992935021317128,-0.3611353635787964
int2float,5,54,0.0013033311551255006,-0.00031760755122037243,-0.020345091819763184
int2float,6,54,0.002723187850958708,-0.004569043296088732,-0.1989520788192749
int2float,7,54,0.00234381566789868,0.00179015032211019,-0.1734999418258667
int2float,8,54,0.00561704790166033,0.006456205631721237,-1.134580671787262
int2float,9,54,0.003918657475067665,-0.001152489338738294,-0.6797288656234741
int2float,0,55,0.00010225940682422052,-0.0001853970631759544,-0.06176948547363281
int2float,1,55,0.006794263442833973,0.009179233861293046,-1.1166690587997437
int2float,2,55,0.0056601930859262045,0.004647038638260076,-0.6144775152206421
int2float,3,55,0.00294017701755446,-0.0006687169938457138,-0.31421661376953125
int2float,4,55,0.0015148265577230868,-0.0015954626279572753,-0.378246545791626
int2float,5,55,0.0013773435041172719,-0.00027006074074348296,-0.022225499153137207
int2float,6,55,0.002749776508529929,-0.004587657633474199,-0.2052074670791626
int2float,7,55,0.002436794398935363,0.0015600766461874443,-0.18287444114685059
int2float,8,55,0.005733394136420905,0.0066274002817834216,-1.1552836298942566
int2float,9,55,0.0037303947086035558,-0.0010702135298877313,-0.6189008951187134
int2float,0,56,7.515868452011298e-05,-0.00015391205248821427,-0.05836284160614014
int2float,1,56,0.006908367927992189,0.0094720978867395,-1.1247648000717163
int2float,2,56,0.005848834885972307,0.0044660867029127915,-0.6685482263565063
int2float,3,56,0.0029309997345035865,-0.0004394005903195358,-0.31289243698120117
int2float,4,56,0.0015954396376685123,-0.0015842522605759163,-0.39477312564849854
int2float,5,56,0.0014454164142377601,-0.0002459966186789536,-0.02406466007232666
int2float,6,56,0.0027835934001232965,-0.004582260666063931,-0.21083366870880127
int2float,7,56,0.002529644910316077,0.0015132094291851056,-0.19122159481048584
int2float,8,56,0.00585499644929624,0.006782775353131029,-1.1786536574363708
int2float,9,56,0.0035356632282922823,-0.0009885865038756075,-0.559780478477478
int2float,0,57,5.35460607658661e-05,-0.00010895435266837505,-0.05541884899139404
int2float,1,57,0.007074485813105304,0.00947299968342001,-1.1421566009521484
int2float,2,57,0.006043880894928945,0.004406823406717997,-0.7215299606323242
int2float,3,57,0.0029052807364824754,-0.00022771785030561986,-0.3087599277496338
int2float,4,57,0.0016933612680646234,-0.0015709722685268435,-0.4210163354873657
int2float,5,57,0.0015266112979273744,-0.0002120384990628721,-0.026398420333862305
int2float,6,57,0.0028473365615830776,-0.0045685459590810995,-0.22075343132019043
int2float,7,57,0.0025776803793458314,0.0014269449298196651,-0.19479000568389893
int2float,8,57,0.005962591648180554,0.0068989819013660775,-1.1994625926017761
int2float,9,57,0.003361676690758056,-0.0009128091553176065,-0.5078674554824829
int2float,0,58,1.9475269242216764e-05,-6.077225729687885e-05,-0.051027655601501465
int2float,1,58,0.007225629621561924,0.00953030484772309,-1.1565136909484863
int2float,2,58,0.006252501135308938,0.004347154192624089,-0.7829467058181763
int2float,3,58,0.00287944124893693,-5.613353993677572e-05,-0.3027944564819336
int2float,4,58,0.0017836477802838854,-0.001554130515905805,-0.44534003734588623
int2float,5,58,0.0015849702634304283,-0.00021992561707437353,-0.027660489082336426
int2float,6,58,0.0028934869873528807,-0.0045341911189886175,-0.22936201095581055
int2float,7,58,0.0026750890830429044,0.0015363609946115603,-0.20376121997833252
int2float,8,58,0.006056624140308428,0.006980242486719718,-1.218111276626587
int2float,9,58,0.0032443141981712206,-0.0008805326258422563,-0.4723854064941406
int2float,0,59,-2.1163032304705176e-05,-4.5146920074776165e-05,-0.046292662620544434
int2float,1,59,0.00736690217160052,0.009714741899454732,-1.1678712368011475
int2float,2,59,0.006530318818365237,0.00419707258727646,-0.8647682666778564
int2float,3,59,0.0028657551968378422,0.00017162019660021954,-0.29987597465515137
int2float,4,59,0.0018332323318157734,-0.0015165277930349885,-0.45152127742767334
int2float,5,59,0.0016679235984094695,-0.0002073962971359672,-0.029454469680786133
int2float,6,59,0.0028930177261238185,-0.004481867951546814,-0.23068594932556152
int2float,7,59,0.0028004337125533407,0.0016662513012205699,-0.21639621257781982
int2float,8,59,0.006140261851032974,0.007026922878606803,-1.2349846959114075
int2float,9,59,0.003164595591521782,-0.0008747430633607167,-0.4503825902938843
int2float,0,60,-7.183971502087994e-05,-4.0639376746517963e-05,-0.04126310348510742
int2float,1,60,0.007500609246454987,0.009935597038737795,-1.177711546421051
int2float,2,60,0.006723037363398111,0.004153586143994914,-0.915254533290863
int2float,3,60,0.0028272725348989225,0.0003315840920832397,-0.2926023006439209
int2float,4,60,0.0018782742493102314,-0.0014808009805571398,-0.4569399356842041
int2float,5,60,0.0017551056545763513,-0.00024463702631678796,-0.03136241436004639
int2float,6,60,0.002920905885374213,-0.004444772548189535,-0.23650681972503662
int2float,7,60,0.002912316902258315,0.0017893435208328895,-0.22958683967590332
int2float,8,60,0.006212180540516782,0.007041968929008782,-1.2503345608711243
int2float,9,60,0.003040827227060866,-0.0008737898408633371,-0.4190230369567871
int2float,0,61,-0.00010933386171951831,-1.7653741218870422e-05,-0.03953754901885986
int2float,1,61,0.0076233132687722124,0.010140059469253587,-1.1845905184745789
int2float,2,61,0.006863428830323294,0.004128579831476173,-0.9541879892349243
int2float,3,61,0.00275953805945095,0.00042684352798405545,-0.281460165977478
int2float,4,61,0.0019208919118070614,-0.001447907829374262,-0.46169722080230713
int2float,5,61,0.001849046927410114,-0.00023512647297393996,-0.03409016132354736
int2float,6,61,0.0029182832685608756,-0.004364042493471165,-0.23570847511291504
int2float,7,61,0.0031032740526966487,0.0020444436076239303,-0.24801135063171387
int2float,8,61,0.0062495558921532995,0.007224955591939475,-1.2589675784111023
int2float,9,61,0.002933896005739199,-0.0008685736108455522,-0.3916417360305786
int2float,0,62,-0.00017871826556843662,4.1615275723883016e-05,-0.03651249408721924
int2float,1,62,0.007736470784944341,0.010452022978871073,-1.1894529461860657
int2float,2,62,0.007014502666418322,0.004132868743883272,-0.9949142932891846
int2float,3,62,0.002726522797770206,0.0005718688712701564,-0.27825725078582764
int2float,4,62,0.0019159298151372184,-0.0014235954828134278,-0.45232629776000977
int2float,5,62,0.0019329911042326939,-0.00019552579423125216,-0.036232709884643555
int2float,6,62,0.002912918615893642,-0.004299914954315864,-0.2346024513244629
int2float,7,62,0.003280938767715541,0.0022916990200572696,-0.26629316806793213
int2float,8,62,0.0063431778663204375,0.007385991646866527,-1.2792128324508667
int2float,9,62,0.0027911288753958152,-0.000820360329711986,-0.3572967052459717
int2float,0,63,-0.00024194058994768397,2.5911371094727853e-05,-0.03375840187072754
int2float,1,63,0.007844363435469084,0.010793103102891236,-1.193484365940094
int2float,2,63,0.0071788761227515735,0.0041723822383000625,-1.03754723072052
int2float,3,63,0.0026989821564387673,0.000717489601059107,-0.27640390396118164
int2float,4,63,0.0019131290004833837,-0.0013966713301996198,-0.44138121604919434
int2float,5,63,0.0020004695610312886,-0.0001391412099199657,-0.037885069847106934
int2float,6,63,0.0029306409509958498,-0.004191199705668752,-0.2363368272781372
int2float,7,63,0.003443183279054067,0.002368888334892752,-0.28433167934417725
int2float,8,63,0.006426887200193146,0.007509432262446644,-1.2975647449493408
int2float,9,63,0.0026673471324285547,-0.0007083639377069434,-0.3276282548904419
int2float,0,64,-0.0002772821768076694,2.1181925012617175e-05,-0.03323721885681152
int2float,1,64,0.007887169005486569,0.010867496941323149,-1.1824575662612915
int2float,2,64,0.007372335324251224,0.004190149547495872,-1.0880770087242126
int2float,3,64,0.0026914888629356246,0.0008128872416375971,-0.2759493589401245
int2float,4,64,0.0019333165388647489,-0.0014050693318724689,-0.4371739625930786
int2float,5,64,0.002069859947106893,-7.793585539468684e-05,-0.03984689712524414
int2float,6,64,0.002909156392422209,-0.004140163703051272,-0.23133552074432373
int2float,7,64,0.003554064346542582,0.0026126511596434865,-0.2952611446380615
int2float,8,64,0.006497416400503553,0.007640127998067556,-1.311691403388977
int2float,9,64,0.002609722903699846,-0.0006126772790751162,-0.305727481842041
int2float,0,65,-0.0003006357921777475,3.096009810696354e-05,-0.034378886222839355
int2float,1,65,0.007925365991787378,0.010928101149396227,-1.1706069111824036
int2float,2,65,0.007540739030656787,0.004284262272475539,-1.128183364868164
int2float,3,65,0.0027727533444727795,0.0009045095452403229,-0.2895246744155884
int2float,4,65,0.0019529788850047372,-0.0013983662602808505,-0.43057000637054443
int2float,5,65,0.0021444294328568925,-0.00012638759740829508,-0.042734503746032715
int2float,6,65,0.002891164609283403,-0.0040880084259389965,-0.2269303798675537
int2float,7,65,0.00367767697215423,0.002968446475219766,-0.3076913356781006
int2float,8,65,0.006559946366239924,0.00772904801164509,-1.3247860670089722
int2float,9,65,0.002581854212981502,-0.0005119170947678331,-0.2883418798446655
int2float,0,66,-0.00034936644559960955,5.385387770448502e-05,-0.03284168243408203
int2float,1,66,0.007964389541530649,0.011105387764262259,-1.1585574746131897
int2float,2,66,0.007686635176928948,0.0044543019987317856,-1.159664511680603
int2float,3,66,0.0028419882241827524,0.0010583330169056937,-0.300983190536499
int2float,4,66,0.0019890913880898156,-0.0013539513760686128,-0.4371286630630493
int2float,5,66,0.002208323280555459,-0.00015425996399069664,-0.045826077461242676
int2float,6,66,0.0028549463024605468,-0.004006846484070736,-0.22037100791931152
int2float,7,66,0.0038294035542555047,0.0034671269546217715,-0.32237541675567627
int2float,8,66,0.0066157330175746765,0.007777268089662448,-1.3370121717453003
int2float,9,66,0.0024884384844780782,-0.0004317018551893148,-0.262310266494751
int2float,0,67,-0.00040101197386191445,5.645484948339774e-05,-0.03132176399230957
int2float,1,67,0.008019465674006597,0.011388188910917835,-1.1494346261024475
int2float,2,67,0.007870895727345756,0.004503118339613796,-1.1968263983726501
int2float,3,67,0.002990997772659057,0.0011575764694990581,-0.32512080669403076
int2float,4,67,0.0020229060243372246,-0.0013050725732531576,-0.4434933662414551
int2float,5,67,0.002269045404122143,-0.00017825234254278954,-0.04958677291870117
int2float,6,67,0.0028147907998265914,-0.003934905605995825,-0.21356558799743652
int2float,7,67,0.003973062015702966,0.0038826685726403715,-0.33919501304626465
int2float,8,67,0.006674248627844562,0.007758119053791396,-1.3489958047866821
int2float,9,67,0.002396435411714838,-0.0003484315711039382,-0.23916971683502197
int2float,0,68,-0.0004363497162402086,6.652730905523652e-05,-0.030843615531921387
int2float,1,68,0.008068188581637457,0.011642915949515956,-1.1393216848373413
int2float,2,68,0.007969297912021382,0.004600522942545093,-1.2152119278907776
int2float,3,68,0.0031530758261876443,0.0012182774167019683,-0.3515568971633911
int2float,4,68,0.0020695392398649634,-0.001215987464916371,-0.45493412017822266
int2float,5,68,0.0023650025456387128,-0.00019649521626902144,-0.054668426513671875
int2float,6,68,0.0027835206304369087,-0.0038599836255958503,-0.20807337760925293
int2float,7,68,0.004158322119502081,0.004177320417564731,-0.36726152896881104
int2float,8,68,0.006736491331589753,0.007727312464868602,-1.363475263118744
int2float,9,68,0.00231380670915559,-0.0002871990619495862,-0.22078478336334229
int2float,0,69,-0.00041125231667978046,5.684030787685146e-05,-0.03307807445526123
int2float,1,69,0.008174720988412897,0.011992358872308664,-1.142769455909729
int2float,2,69,0.008034100289668035,0.0047912160076437615,-1.2261557579040527
int2float,3,69,0.0032958455571735906,0.0012300117181455184,-0.3732506036758423
int2float,4,69,0.002144283830924576,-0.001155541826623127,-0.47512388229370117
int2float,5,69,0.002485061518496423,-0.00018051000542523843,-0.06166231632232666
int2float,6,69,0.0028307402740589405,-0.003819754485436977,-0.21329402923583984
int2float,7,69,0.0042970058650068435,0.004621425690589875,-0.3865845203399658
int2float,8,69,0.006791360460081414,0.007674261428182116,-1.376951515674591
int2float,9,69,0.002227965144928533,-0.00023648374703308384,-0.2046976089477539
int2float,0,70,-0.0004035348804274988,-2.2571327011403075e-05,-0.03473353385925293
int2float,1,70,0.008267464696811527,0.012312400528882397,-1.1436527371406555
int2float,2,70,0.008095025465376972,0.0050735475382760326,-1.234181523323059
int2float,3,70,0.0034335007907744727,0.001304529588613601,-0.39475560188293457
int2float,4,70,0.002210494332872334,-0.00107234158687472,-0.4900590181350708
int2float,5,70,0.0025944329312300313,-0.0001688266126148863,-0.06833112239837646
int2float,6,70,0.002929858603876033,-0.003817808553123206,-0.2249687910079956
int2float,7,70,0.004433311489525797,0.004932583845614472,-0.40659523010253906
int2float,8,70,0.0068401310242382635,0.007594871189569932,-1.389618158340454
int2float,9,70,0.002129808439455351,-0.00020894804451163096,-0.18854200839996338
int2float,0,71,-0.00040246636056380514,-4.510056009698893e-05,-0.03669285774230957
int2float,1,71,0.008312258494652842,0.012372925979564617,-1.1349731087684631
int2float,2,71,0.008148193634106828,0.005205668657673274,-1.2396773099899292
int2float,3,71,0.003572515373983183,0.0013321114538980966,-0.4168764352798462
int2float,4,71,0.0022991301362613042,-0.0009652604466265785,-0.5123312473297119
int2float,5,71,0.002703665699369917,-8.571013469597932e-05,-0.07530057430267334
int2float,6,71,0.003010176753942967,-0.003837494648820952,-0.23417329788208008
int2float,7,71,0.004543895879843385,0.005385994639248506,-0.4285465478897095
int2float,8,71,0.006883604265321364,0.0075021201539939575,-1.4015589356422424
int2float,9,71,0.002067988956218389,-0.00012422471965603532,-0.17376172542572021
int2float,0,72,-0.000388799120694068,-0.00012140987095743405,-0.03994894027709961
int2float,1,72,0.008351647123950888,0.012451712700153342,-1.1252155900001526
int2float,2,72,0.008200184197108315,0.0052019401123802045,-1.2431837916374207
int2float,3,72,0.0036899374891760997,0.0013264185081592328,-0.4366048574447632
int2float,4,72,0.002332583297744821,-0.0009843859205243416,-0.5106693506240845
int2float,5,72,0.002764710142068298,1.5129805593344647e-05,-0.0802755355834961
int2float,6,72,0.003091721725908693,-0.0038379968827062794,-0.24297678470611572
int2float,7,72,0.004663269560544248,0.005618084456730607,-0.4523906707763672
int2float,8,72,0.006686463614418464,0.00740173348626251,-1.3808850646018982
int2float,9,72,0.002018105535882997,-4.5516926572966576e-05,-0.16155052185058594
int2float,0,73,-0.00037306549761575297,-0.00018826916188929843,-0.04302990436553955
int2float,1,73,0.008388211584448121,0.012663873046019333,-1.1145139932632446
int2float,2,73,0.008343325721711002,0.005081484351175031,-1.264711081981659
int2float,3,73,0.0038099576838285104,0.0013890173306380788,-0.45419585704803467
int2float,4,73,0.0023587802865209853,-0.0009953486537024603,-0.5171939134597778
int2float,5,73,0.002812176378403565,6.344589730711281e-05,-0.0841975212097168
int2float,6,73,0.003164355668516791,-0.0038328866235315395,-0.25093674659729004
int2float,7,73,0.004810809424993574,0.0057936027717869765,-0.48436009883880615
int2float,8,73,0.006509478089387219,0.007291627106959256,-1.3617421388626099
int2float,9,73,0.001979419613462971,3.474763901968603e-05,-0.1544555425643921
int2float,0,74,-0.000386298072433143,-0.00023626527052346413,-0.04280269145965576
int2float,1,74,0.008418728147704571,0.012999318887706335,-1.1026841402053833
int2float,2,74,0.008478114679645876,0.005051375206675007,-1.2827534079551697
int2float,3,74,0.003914837280960537,0.0015066705610379816,-0.46655917167663574
int2float,4,74,0.0023906669284441476,-0.0010010863578031742,-0.5251315832138062
int2float,5,74,0.0028566710338378196,4.5813776157949126e-05,-0.08957386016845703
int2float,6,74,0.0032419400952670083,-0.0038104356867216527,-0.258880615234375
int2float,7,74,0.004953043796581895,0.005924056856034601,-0.5155822038650513
int2float,8,74,0.0063505600892796304,0.007180786139871942,-1.3439944982528687
int2float,9,74,0.0019466743063627084,9.132012282153656e-05,-0.14872443675994873
int2float,0,75,-0.0004157668942516221,-0.0002676302348580961,-0.040416717529296875
int2float,1,75,0.00844374686674574,0.013466165265531876,-1.0898215770721436
int2float,2,75,0.008597232553631012,0.0051003723529583905,-1.2966387271881104
int2float,3,75,0.004001222779316721,0.001589138861509326,-0.4699784517288208
int2float,4,75,0.0024303387507726704,-0.0010077417416542722,-0.5406837463378906
int2float,5,75,0.002900680812756809,2.913744385750483e-05,-0.09540605545043945
int2float,6,75,0.003309615078174885,-0.0038181919761045846,-0.2667769193649292
int2float,7,75,0.005040881802699439,0.005783510766366823,-0.5267773866653442
int2float,8,75,0.0062044992813783395,0.0070731214460128256,-1.3274577260017395
int2float,9,75,0.0018821642736295344,0.00013200160182390286,-0.1397719383239746
int2float,0,76,-0.0004525556254971891,-0.0002832535014865162,-0.03722786903381348
int2float,1,76,0.008499493696932404,0.013619029842923402,-1.0766387581825256
int2float,2,76,0.008700933952431808,0.005231706714256462,-1.3068445920944214
int2float,3,76,0.004094801043175583,0.001729061032115245,-0.46843743324279785
int2float,4,76,0.0025561742075022736,-0.00098806927998632,-0.5888391733169556
int2float,5,76,0.0030017737790063656,-3.323491499127029e-05,-0.10380947589874268
int2float,6,76,0.003376847767937022,-0.0038130535767780666,-0.27458488941192627
int2float,7,76,0.00514791030864515,0.005564233500287216,-0.5456982851028442
int2float,8,76,0.005913648108925196,0.00697135323815988,-1.2835309505462646
int2float,9,76,0.0018599294313753068,0.00016161093331786003,-0.13705193996429443
int2float,0,77,-0.0004905776577260323,-0.00029192021047011463,-0.03371155261993408
int2float,1,77,0.008549202515865259,0.013807967680182415,-1.0624659061431885
int2float,2,77,0.008793012838079706,0.005437066937265894,-1.3141143321990967
int2float,3,77,0.004255252684009676,0.0018217829483409553,-0.47777068614959717
int2float,4,77,0.002653757335711618,-0.0009242944204232439,-0.6212890148162842
int2float,5,77,0.003098663128715484,-0.00010636056100832292,-0.11237657070159912
int2float,6,77,0.003439183207285486,-0.0038037050721458493,-0.2821732759475708
int2float,7,77,0.005226944314465055,0.0054685439395607965,-0.5622045993804932
int2float,8,77,0.0056524840636865276,0.006879289607417058,-1.2409927248954773
int2float,9,77,0.0018152623909070895,0.00019747443348454297,-0.13100218772888184
int2float,0,78,-0.0005318903311785569,-0.0002831858500872003,-0.0291140079498291
int2float,1,78,0.008665580906519588,0.013740890374022915,-1.0627878308296204
int2float,2,78,0.00899254856967354,0.005700606251339307,-1.335595965385437
int2float,3,78,0.004374117539123028,0.0018778883464522084,-0.4678272008895874
int2float,4,78,0.0027431148677666134,-0.0008545495242198164,-0.6498749256134033
int2float,5,78,0.0031834977318074414,-0.00020635150570258443,-0.1201399564743042
int2float,6,78,0.003492068788555361,-0.0038157587213048655,-0.2893702983856201
int2float,7,78,0.005376960039262878,0.0053911599096192475,-0.5988961458206177
int2float,8,78,0.005415828636433681,0.0067963743140083965,-1.1999765038490295
int2float,9,78,0.0017767878943099544,0.00022920242409119052,-0.12594974040985107
int2float,0,79,-0.000571282428401397,-0.0002879484840625085,-0.025315403938293457
int2float,1,79,0.00884377845595323,0.013473309396946131,-1.0761505365371704
int2float,2,79,0.009175004180496972,0.005836456610766025,-1.3541855812072754
int2float,3,79,0.004502441385020262,0.001896858794558559,-0.4644956588745117
int2float,4,79,0.0028664119787206385,-0.0008204980237962733,-0.6892242431640625
int2float,5,79,0.003281690993451901,-0.0002995170037521644,-0.12845897674560547
int2float,6,79,0.0035389779261345913,-0.003774998812592009,-0.29540014266967773
int2float,7,79,0.005515971068523244,0.005287909695905341,-0.6362780332565308
int2float,8,79,0.005273930490453521,0.006726144328789124,-1.1781702637672424
int2float,9,79,0.0017221181256483475,0.00026435747094394335,-0.12479937076568604
int2float,0,80,-0.0006046834775982751,-0.00028847924789819623,-0.02210867404937744
int2float,1,80,0.008981329690161494,0.013067829921367291,-1.085356593132019
int2float,2,80,0.009125383591813072,0.005952301799062601,-1.3389956951141357
int2float,3,80,0.0045249220754169095,0.0018744367450471006,-0.4313373565673828
int2float,4,80,0.0030501045602397275,-0.0007677287157567825,-0.745535135269165
int2float,5,80,0.003381649945949139,-0.00030927661848573207,-0.1375284194946289
int2float,6,80,0.0035790467888432292,-0.0037327337977380026,-0.3006141185760498
int2float,7,80,0.005723207034785842,0.005276437077867624,-0.690502405166626
int2float,8,80,0.005149696129426895,0.006643609445005055,-1.1608007550239563
int2float,9,80,0.0016692532210743766,0.0003081907178308363,-0.12350046634674072
int2float,0,81,-0.0006307023282716082,-0.00027292735515407895,-0.019439339637756348
int2float,1,81,0.009092306464953674,0.01269123674924895,-1.091300904750824
int2float,2,81,0.009063680077461549,0.005985285253299777,-1.3198533058166504
int2float,3,81,0.004556480281475608,0.001788275431790498,-0.4133598804473877
int2float,4,81,0.003223621520666256,-0.0007163186253690557,-0.7968242168426514
int2float,5,81,0.0034501347639185748,-0.0002676627187964131,-0.14302706718444824
int2float,6,81,0.0036142370639862947,-0.0036910247306806976,-0.3053525686264038
int2float,7,81,0.005901968448854482,0.005284094575079237,-0.7509433031082153
int2float,8,81,0.005042753073080344,0.006544334032458812,-1.145796775817871
int2float,9,81,0.0017077529587838647,0.00033822497204041846,-0.1323603391647339
int2float,0,82,-0.0006568339150188826,-0.0002591553962112969,-0.016948819160461426
int2float,1,82,0.00919081220715362,0.012537867630809399,-1.0933282971382141
int2float,2,82,0.009004747603107134,0.005922472540084614,-1.301738440990448
int2float,3,82,0.004604648118605101,0.0017809556355123934,-0.40821027755737305
int2float,4,82,0.00338828548114576,-0.0006662285416842301,-0.8434429168701172
int2float,5,82,0.0035088567189834746,-0.00015340649335324197,-0.1476353406906128
int2float,6,82,0.003639941196287695,-0.0036717360584139908,-0.3065769672393799
int2float,7,82,0.006075869752967256,0.0052593418300525,-0.8087613582611084
int2float,8,82,0.004950747046374229,0.006438231951266776,-1.1328375935554504
int2float,9,82,0.0017395273817748316,0.00038058547981371926,-0.14076173305511475
int2float,0,83,-0.000688481919992455,-0.00016866661474887468,-0.015175580978393555
int2float,1,83,0.009311526647519455,0.012591493041242824,-1.1047536134719849
int2float,2,83,0.008937558200272276,0.005799154001688733,-1.2804256677627563
int2float,3,83,0.004657030832046438,0.0018503410279804983,-0.413948655128479
int2float,4,83,0.0035409108910541554,-0.0006206772944013228,-0.885087251663208
int2float,5,83,0.003534313326609549,-0.00014373944640699854,-0.14968621730804443
int2float,6,83,0.0036735674326319953,-0.0036530617171607743,-0.3097875118255615
int2float,7,83,0.006241484860139319,0.005208088666046676,-0.8631948232650757
int2float,8,83,0.004861208146981183,0.006349107610865948,-1.1197994947433472
int2float,9,83,0.0017836458989379939,0.0004109998720368685,-0.1495915651321411
int2float,0,84,-0.0007350505517964151,-0.00010067796816382035,-0.012720227241516113
int2float,1,84,0.009415381042704202,0.012808647654409783,-1.1111677885055542
int2float,2,84,0.008817374749859802,0.005633082664812772,-1.247250735759735
int2float,3,84,0.004691408704263295,0.0018628886139485379,-0.40972018241882324
int2float,4,84,0.0036808055757139024,-0.0005533493152546226,-0.919147253036499
int2float,5,84,0.0035734214535031797,-0.00017238734925165144,-0.15240228176116943
int2float,6,84,0.0036948981888142926,-0.003631988219255894,-0.3109910488128662
int2float,7,84,0.006380899884643673,0.005359294733068468,-0.8990000486373901
int2float,8,84,0.004778117915280225,0.0062743340000775,-1.1067561507225037
int2float,9,84,0.0018353560344062658,0.0005045015011320292,-0.16215133666992188
int2float,0,85,-0.0007759785704689326,-4.0788841472738646e-05,-0.010594010353088379
int2float,1,85,0.009508135108474682,0.013180244849772205,-1.1143963932991028
int2float,2,85,0.008701054265725337,0.005389999521393199,-1.215425729751587
int2float,3,85,0.004733544963390984,0.0018417590044584042,-0.4183698892593384
int2float,4,85,0.003853750654854146,-0.0005392405516463222,-0.962333619594574
int2float,5,85,0.0035291354569967626,-0.00020307349273526731,-0.14803540706634521
int2float,6,85,0.0037068749575044566,-0.003596259914599151,-0.3098289966583252
int2float,7,85,0.006489964265236896,0.005698331632543727,-0.9178966283798218
int2float,8,85,0.004697986586679775,0.006250481919819237,-1.0915063619613647
int2float,9,85,0.0018828148365465092,0.0005941295233930777,-0.1751856803894043
int2float,0,86,-0.0008398070483526601,-2.579489894752318e-06,-0.00828862190246582
int2float,1,86,0.009628515789435653,0.013637017023290579,-1.131383240222931
int2float,2,86,0.008672915348883606,0.00512629071634417,-1.1996824145317078
int2float,3,86,0.0047397124880285205,0.0019026925633919695,-0.4300793409347534
int2float,4,86,0.004005077181545406,-0.0004704230305999785,-0.9948263764381409
int2float,5,86,0.0035074189221739327,-0.00015376970797439937,-0.14605653285980225
int2float,6,86,0.0037224217837334914,-0.003590217346258459,-0.3100687265396118
int2float,7,86,0.006669912015380988,0.006045810505839577,-0.9513176679611206
int2float,8,86,0.0045963884269942384,0.006184708833966102,-1.0685927867889404
int2float,9,86,0.0019580500036372947,0.0006942201864452435,-0.19423997402191162
int2float,0,87,-0.0009015597393395372,2.177899643078518e-05,-0.006093025207519531
int2float,1,87,0.009733446501341066,0.014037784497121189,-1.1443326473236084
int2float,2,87,0.00864996366712336,0.004801879723607197,-1.1844174265861511
int2float,3,87,0.0047155378991721175,0.0019048684299833862,-0.43999922275543213
int2float,4,87,0.004193815409941855,-0.0003630603995885412,-1.0344429016113281
int2float,5,87,0.0034874959036857375,-0.00011471118889234966,-0.14425301551818848
int2float,6,87,0.0037635408338854495,-0.0036139755339501534,-0.31481480598449707
int2float,7,87,0.00684146770052016,0.006322878367653315,-0.9832695722579956
int2float,8,87,0.004500328300242495,0.006132135458387769,-1.0464995503425598
int2float,9,87,0.002061275537059093,0.0007632001739205085,-0.22121036052703857
int2float,0,88,-0.0009563253091708426,4.0550167587471986e-05,-0.0042269229888916016
int2float,1,88,0.009833153419968918,0.014563459520432892,-1.1547269821166992
int2float,2,88,0.008672856370775667,0.004558706322624562,-1.1825690269470215
int2float,3,88,0.0047203396978575465,0.0018680900073214657,-0.4503275156021118
int2float,4,88,0.004370413067946138,-0.0002603447874758025,-1.0687761902809143
int2float,5,88,0.003536962605967274,-9.729376113994104e-05,-0.14655005931854248
int2float,6,88,0.0037962283196205995,-0.003659123423135166,-0.3174537420272827
int2float,7,88,0.0069882154935921315,0.0067115671953546785,-1.0093448758125305
int2float,8,88,0.004407861940393623,0.006076641203110411,-1.0251814126968384
int2float,9,88,0.0021906731735665957,0.0009029513965986419,-0.25131332874298096
int2float,0,89,-0.0009637764217166403,8.701036985550581e-05,-0.003856182098388672
int2float,1,89,0.009920375163384475,0.014867159996636306,-1.1526050567626953
int2float,2,89,0.00868404834816413,0.004264554899069212,-1.1791563630104065
int2float,3,89,0.004714058982510552,0.0019051036002716154,-0.4690511226654053
int2float,4,89,0.004535338418398781,-0.00016665837002835526,-1.0987943410873413
int2float,5,89,0.0035107783954017174,-2.429651083744877e-05,-0.14194416999816895
int2float,6,89,0.0038025076250047807,-0.0037005381130028187,-0.316300630569458
int2float,7,89,0.007120355472814241,0.0070981985101112866,-1.0311378836631775
int2float,8,89,0.0043182423872482195,0.006060056609980977,-1.0023499727249146
int2float,9,89,0.00234359020401622,0.0010336234016681406,-0.2917053699493408
int2float,0,90,-0.0009414885870249121,0.0002096709901749927,-0.004613399505615234
int2float,1,90,0.009998280775980348,0.015269601425981244,-1.1491385102272034
int2float,2,90,0.008580503942621262,0.00399451525325778,-1.1506207585334778
int2float,3,90,0.004706132108594663,0.0020093472337863877,-0.47711873054504395
int2float,4,90,0.004689183804104789,-5.616077172287959e-05,-1.122334897518158
int2float,5,90,0.003507936996434001,-7.099230785752308e-05,-0.13991963863372803
int2float,6,90,0.0038019726899051268,-0.0036747515576211615,-0.3143390417098999
int2float,7,90,0.007216521689966171,0.007523982908410609,-1.0435953736305237
int2float,8,90,0.004233546058640195,0.006046247572646102,-0.9806243181228638
int2float,9,90,0.002496143121224384,0.0012310604571479367,-0.32344675064086914
int2float,0,91,-0.000920517305762654,0.00032220008414568513,-0.0053577423095703125
int2float,1,91,0.010070256648261194,0.01565287119399543,-1.143703579902649
int2float,2,91,0.008521274537058983,0.003702860856984541,-1.1304751634597778
int2float,3,91,0.004677539079773946,0.002078961722140782,-0.4690791368484497
int2float,4,91,0.004831226571884881,4.68700810256073e-05,-1.1429298520088196
int2float,5,91,0.0035683728657631766,-8.435778101902047e-05,-0.14148640632629395
int2float,6,91,0.003689184178197351,-0.003661798378287451,-0.3003237247467041
int2float,7,91,0.007277661652254339,0.007983702102116852,-1.0480502247810364
int2float,8,91,0.004152004924044828,0.0060656712266038415,-0.9575353860855103
int2float,9,91,0.0026500685902763332,0.0013712480332644383,-0.3619835376739502
int2float,0,92,-0.0009205541518231761,0.00045379812296730826,-0.0044629573822021484
int2float,1,92,0.010135439667708857,0.01610956482611675,-1.1369409561157227
int2float,2,92,0.008424518673624481,0.003434374712023666,-1.0989885330200195
int2float,3,92,0.004640096341602916,0.002218322626443725,-0.4678560495376587
int2float,4,92,0.005064217653528456,0.0001506761276185986,-1.1801069378852844
int2float,5,92,0.00352116194452394,-5.105055432429173e-05,-0.13604378700256348
int2float,6,92,0.0036158917071700616,-0.0036351465877676875,-0.28927695751190186
int2float,7,92,0.007326648548478802,0.008539062907044426,-1.0502225160598755
int2float,8,92,0.004075791242858076,0.006086912690836027,-0.9358474016189575
int2float,9,92,0.0028206657333161786,0.0015769621636490677,-0.4059666395187378
int2float,0,93,-0.0008905456275672963,0.0006409669989818484,-0.004483819007873535
int2float,1,93,0.010195858912262608,0.01653380176891517,-1.1285110712051392
int2float,2,93,0.00834102195747747,0.003161408445780653,-1.0691328644752502
int2float,3,93,0.004573801155020388,0.0023249088170310267,-0.44682633876800537
int2float,4,93,0.005280234109378383,0.000259231162808668,-1.2095481753349304
int2float,5,93,0.00346259017554771,5.839028302964677e-06,-0.12976431846618652
int2float,6,93,0.0035599987054002954,-0.003620422402065296,-0.2808222770690918
int2float,7,93,0.007376533582657635,0.008997265088725656,-1.0550216436386108
int2float,8,93,0.004000845576868653,0.006136641476523111,-0.9129323959350586
int2float,9,93,0.0030014227663455392,0.0017928623274658245,-0.4541720151901245
int2float,0,94,-0.0008650329164262491,0.0008040763616096736,-0.004373788833618164
int2float,1,94,0.010239755379114389,0.016997047270344012,-1.1188390851020813
int2float,2,94,0.00825247046491686,0.0029838144498848668,-1.0370953679084778
int2float,3,94,0.004505586748891052,0.0023661068902474797,-0.428605318069458
int2float,4,94,0.005413169023510557,0.00044826622382024284,-1.2149726748466492
int2float,5,94,0.0033527459345633615,3.9962470641460857e-05,-0.11889564990997314
int2float,6,94,0.0034855062812777227,-0.0035970017212517275,-0.269728422164917
int2float,7,94,0.0074194682761789185,0.009300709402071727,-1.0596628785133362
int2float,8,94,0.0038713653225210393,0.00617764190201868,-0.8788924217224121
int2float,9,94,0.003182082521526186,0.0020703994180920338,-0.4989241361618042
int2float,0,95,-0.0008543342289557762,0.0009229242223754569,-0.002877354621887207
int2float,1,95,0.010281656887811082,0.017492403639627813,-1.1082879900932312
int2float,2,95,0.008192809815979411,0.0027888444702190707,-1.0168889164924622
int2float,3,95,0.004471673680910955,0.0024771095126112225,-0.422817587852478
int2float,4,95,0.005537831270614697,0.0006491003391642658,-1.2177526354789734
int2float,5,95,0.003188095014440992,6.218872766475259e-05,-0.1042858362197876
int2float,6,95,0.003417317436246445,-0.003540956778598045,-0.25975561141967773
int2float,7,95,0.007459467680025887,0.0095647164713938,-1.0631922483444214
int2float,8,95,0.0037633806334586434,0.006200161826208417,-0.8492646217346191
int2float,9,95,0.00335359537842847,0.002320606310724782,-0.5418752431869507
int2float,0,96,-0.0008434931333124868,0.0010326012618788322,-0.001577615737915039
int2float,1,96,0.010331508324606067,0.01789961779108236,-1.0999300479888916
int2float,2,96,0.008134790153914238,0.002694495204448921,-0.995879590511322
int2float,3,96,0.00444941283969532,0.002657939193691325,-0.41326045989990234
int2float,4,96,0.005654864425674137,0.0008338410871730761,-1.2196877598762512
int2float,5,96,0.0030296703660996002,2.2732334776426333e-05,-0.09122419357299805
int2float,6,96,0.0033792967917975966,-0.0034963315591514665,-0.25452375411987305
int2float,7,96,0.007697675084895467,0.009900879773942148,-1.0966952443122864
int2float,8,96,0.003641286053467946,0.006201251262529767,-0.8079285621643066
int2float,9,96,0.0035070141127562654,0.0026329614056433692,-0.577164888381958
int2float,0,97,-0.0008254435995412035,0.0011246792217526197,-0.00037109851837158203
int2float,1,97,0.010387403190731004,0.018221839265857714,-1.093807578086853
int2float,2,97,0.008147474109883576,0.0026698005883310366,-0.9925134181976318
int2float,3,97,0.004383519936228167,0.00279155239181246,-0.3906216621398926
int2float,4,97,0.005766428522714723,0.0010320021484572506,-1.2193421721458435
int2float,5,97,0.002923490753265548,-9.447426327968689e-06,-0.08302366733551025
int2float,6,97,0.003350864653539079,-0.0034611263262806363,-0.2504235506057739
int2float,7,97,0.007927362108840805,0.010136469940033518,-1.1285661458969116
int2float,8,97,0.003571550286756306,0.0062329412835618325,-0.7812360525131226
int2float,9,97,0.003634256331346647,0.002997788374547894,-0.6002520322799683
int2float,0,98,-0.0008047837847658112,0.0012010050610393869,0.000461578369140625
int2float,1,98,0.010443594408922882,0.01855241228504842,-1.0871129035949707
int2float,2,98,0.00805234630823503,0.0026296431207650794,-0.960499107837677
int2float,3,98,0.004364755197971068,0.0029145196117152244,-0.3833576440811157
int2float,4,98,0.00586919584448263,0.0012119322909870806,-1.2185605764389038
int2float,5,98,0.0028963320673970616,-6.095320354591871e-05,-0.08000659942626953
int2float,6,98,0.00331351494667341,-0.003426292764760114,-0.24633252620697021
int2float,7,98,0.008140399999719543,0.010163320841046417,-1.1561135649681091
int2float,8,98,0.0034587056252852605,0.006319248861499274,-0.7364993095397949
int2float,9,98,0.0037663895311618664,0.0033703462825856317,-0.6239874362945557
int2float,0,99,-0.0007825132603558882,0.0012789622951807494,0.0009613037109375
int2float,1,99,0.01063665987200526,0.01845221231375338,-1.1030427813529968
int2float,2,99,0.007988192155068935,0.002542461930327866,-0.9350775480270386
int2float,3,99,0.004319852581289335,0.0029747066351622636,-0.3696504831314087
int2float,4,99,0.005967477325976786,0.0014114522580485622,-1.2156909108161926
int2float,5,99,0.0028932500903865246,-9.523819239838638e-05,-0.07934331893920898
int2float,6,99,0.003278408225504355,-0.0033578354103846464,-0.24280118942260742
int2float,7,99,0.008328662558758498,0.010275346791960988,-1.178067684173584
int2float,8,99,0.003438271085908412,0.006398658490674114,-0.7173118591308594
int2float,9,99,0.003927139040766983,0.0035992205690194706,-0.6600085496902466
int2float,0,100,-0.0007512318369730445,0.0013610979029001075,0.0006185770034790039
int2float,1,100,0.010727749762457071,0.018276812572883674,-1.0874924063682556
int2float,2,100,0.007881348564104385,0.0024945589932399426,-0.904312014579773
int2float,3,100,0.004267270262816043,0.0030364727114664675,-0.3528592586517334
int2float,4,100,0.006057492515957955,0.001597756442672571,-1.2123348116874695
int2float,5,100,0.0029299322701380123,-0.00015255888325135802,-0.08009350299835205
int2float,6,100,0.003274921778530275,-0.0033016940136621903,-0.2448592185974121
int2float,7,100,0.008507087130657613,0.010307730059126788,-1.199482023715973
int2float,8,100,0.003421259567903151,0.006465746787089097,-0.7010171413421631
int2float,9,100,0.004146678785831651,0.0036768601367003495,-0.717926025390625
int2float,0,101,-0.0007184571516742275,0.0014396061401083932,-6.23464584350586e-05
int2float,1,101,0.010814140722014559,0.018178904179526945,-1.0709944367408752
int2float,2,101,0.007741319841100568,0.002440798305311395,-0.8636924028396606
int2float,3,101,0.0042515697410895545,0.00306015523272081,-0.33549821376800537
int2float,4,101,0.006135340373429575,0.001822742303373398,-1.2042511701583862
int2float,5,101,0.0029655399304862953,-0.0002416022386149408,-0.08103287220001221
int2float,6,101,0.003282865950738151,-0.003295784247970668,-0.24914789199829102
int2float,7,101,0.008672211146813963,0.010326892018454992,-1.2175971269607544
int2float,8,101,0.0033397575623578257,0.006522493494532017,-0.6662870645523071
int2float,9,101,0.004349078344904965,0.003739581365357389,-0.7710071802139282
int2float,0,102,-0.0006856340882467546,0.0015314399751251706,-0.001043558120727539
int2float,1,102,0.010890896092909552,0.018082756463472696,-1.0515495538711548
int2float,2,102,0.007615076550016274,0.0024595928409830436,-0.8253686428070068
int2float,3,102,0.004195234345851069,0.003092020887645916,-0.3159310817718506
int2float,4,102,0.006211673673515633,0.002054600988175115,-1.1935179829597473
int2float,5,102,0.002973476279604162,-0.00027929338814501603,-0.07956790924072266
int2float,6,102,0.003258265590372622,-0.0032203421460589576,-0.2471095323562622
int2float,7,102,0.008806271285233848,0.01041334397812134,-1.229722023010254
int2float,8,102,0.003270197517636103,0.006599449872962862,-0.6352176666259766
int2float,9,102,0.004516003342386311,0.003876078481873338,-0.8095945119857788
int2float,0,103,-0.0006480645084354295,0.0016374434852481218,-0.0025904178619384766
int2float,1,103,0.010959854987232752,0.01808099410697439,-1.0296965837478638
int2float,2,103,0.0075015296172238205,0.002472369113870887,-0.7901366949081421
int2float,3,103,0.004163054290049942,0.003192846672076241,-0.300335168838501
int2float,4,103,0.006267103089430889,0.002237625556133327,-1.1784979104995728
int2float,5,103,0.002953979713985491,-0.0003608372727431086,-0.07681083679199219
int2float,6,103,0.0032510114787545202,-0.0031809669906155136,-0.2476341724395752
int2float,7,103,0.008910853751070431,0.010557474451153015,-1.2368088364601135
int2float,8,103,0.0032185665221335785,0.0066524987706560595,-0.6137691736221313
int2float,9,103,0.004649457830573328,0.004087469434603794,-0.8347233533859253
int2float,0,104,-0.0006615852909256925,0.0017418987409752867,-0.00291287899017334
int2float,1,104,0.011022571772271242,0.018183191899931797,-1.006695568561554
int2float,2,104,0.007398820711844542,0.002523774679990362,-0.756165623664856
int2float,3,104,0.004145022108662737,0.0030128411605132716,-0.29622209072113037
int2float,4,104,0.006319927360914607,0.002410628422395089,-1.164492130279541
int2float,5,104,0.0029460126437973327,-0.0004471814935887025,-0.0747915506362915
int2float,6,104,0.0032476161566419165,-0.0032383015698334294,-0.24797427654266357
int2float,7,104,0.008870522604884183,0.01066654186797665,-1.2217281460762024
int2float,8,104,0.003174972429539069,0.0067034511163135,-0.5959867238998413
int2float,9,104,0.0047492832341747004,0.004372743634883602,-0.8480120897293091
int2float,0,105,-0.0006644435425457243,0.001767175559647477,-0.0034584999084472656
int2float,1,105,0.011098935750076096,0.018390276187590038,-0.9875146746635437
int2float,2,105,0.0072981590054568835,0.002639710811105783,-0.7228158712387085
int2float,3,105,0.0041194120171772,0.0029068585631219362,-0.2918187379837036
int2float,4,105,0.006514683255156667,0.002581411507260059,-1.1874598264694214
int2float,5,105,0.0029267802094812626,-0.0004958543849193642,-0.07169604301452637
int2float,6,105,0.00330028254229614,-0.0031959384583945816,-0.25535333156585693
int2float,7,105,0.00879635404487944,0.010712236484780549,-1.1954216361045837
int2float,8,105,0.0031476406393571854,0.006776962948399509,-0.5877805948257446
int2float,9,105,0.004751378447529299,0.004635989154778919,-0.8320882320404053
int2float,0,106,-0.0006589419456372383,0.0018047389628201016,-0.0038586854934692383
int2float,1,106,0.011172191789413491,0.018694518697956006,-0.9673048853874207
int2float,2,106,0.007269829757078995,0.0027363648059755136,-0.7098677158355713
int2float,3,106,0.004105625044017763,0.0028138396363922014,-0.290073037147522
int2float,4,106,0.0066782228940769905,0.002704132161634773,-1.2028648257255554
int2float,5,106,0.0029107446647307356,-0.0005434579646253629,-0.06937539577484131
int2float,6,106,0.0032994137390996298,-0.003111173032195033,-0.2540954351425171
int2float,7,106,0.00873019117282084,0.010660875597126987,-1.1710358262062073
int2float,8,106,0.0031213711412664547,0.00672171383327122,-0.5778863430023193
int2float,9,106,0.004792182353307452,0.004922605442744449,-0.8253375291824341
int2float,0,107,-0.0006310192923346114,0.001846788366915944,-0.0051763057708740234
int2float,1,107,0.011235204588095807,0.01907663549461884,-0.9420475959777832
int2float,2,107,0.007248243169587554,0.0028984899016153837,-0.6967473030090332
int2float,3,107,0.0040962119708669725,0.002760116558803885,-0.29039621353149414
int2float,4,107,0.006944053195180135,0.0028847756611810604,-1.2356716394424438
int2float,5,107,0.002892128639956859,-0.0005974225580174658,-0.06655943393707275
int2float,6,107,0.003317452105652728,-0.0029431462398135794,-0.25857412815093994
int2float,7,107,0.008668471926864582,0.010528723766443537,-1.148587942123413
int2float,8,107,0.003097237851781745,0.006702221597473884,-0.567867636680603
int2float,9,107,0.00482610838254352,0.005183799066551822,-0.818596363067627
int2float,0,108,-0.0005901428324267752,0.001863611132318574,-0.008028149604797363
int2float,1,108,0.011364264066473825,0.019545350546451165,-0.9460113644599915
int2float,2,108,0.007224775583566573,0.003112338557429928,-0.6817409992218018
int2float,3,108,0.0041145041267027505,0.002642011374746886,-0.299737811088562
int2float,4,108,0.007199140061547905,0.003085455334909018,-1.259832501411438
int2float,5,108,0.0029149477464862975,-0.0007264060894769941,-0.06580615043640137
int2float,6,108,0.003366846259971336,-0.0027759341881073984,-0.2667570114135742
int2float,7,108,0.008597694959216626,0.01049024664676397,-1.1230943202972412
int2float,8,108,0.0030113670116834468,0.006711996959281874,-0.5371702909469604
int2float,9,108,0.004843875625491184,0.005524533362632034,-0.8025238513946533
int2float,0,109,-0.0005514062688678767,0.0018795948140623853,-0.010648369789123535
int2float,1,109,0.011475149018837554,0.020080446451421083,-0.9426050782203674
int2float,2,109,0.007222114451951207,0.0033576664905389103,-0.6755907535552979
int2float,3,109,0.004122469901876119,0.0024470014068397744,-0.3046835660934448
int2float,4,109,0.007360889706599143,0.0033190385338759815,-1.2611709833145142
int2float,5,109,0.002930354481307712,-0.0008216694960569704,-0.06419610977172852
int2float,6,109,0.0034140695108724056,-0.0025987642098880825,-0.2749522924423218
int2float,7,109,0.008535143909752442,0.010487196951133065,-1.098817527294159
int2float,8,109,0.003085316909981914,0.00683660485743981,-0.5370066165924072
int2float,9,109,0.004862196784042344,0.005841535089063668,-0.7890200614929199
int2float,0,110,-0.0004772969597000576,0.0019655322049723922,-0.015293359756469727
int2float,1,110,0.011841959585354618,0.019813882208719796,-1.0368815660476685
int2float,2,110,0.007169569032679582,0.003569112885376771,-0.6537830829620361
int2float,3,110,0.00413767578068884,0.002274838290975245,-0.3105517625808716
int2float,4,110,0.007597871193456229,0.0035960304124330322,-1.284813940525055
int2float,5,110,0.002938906236098833,-0.0008444374273476191,-0.06241142749786377
int2float,6,110,0.003457947713256665,-0.0024329030969554577,-0.28209853172302246
int2float,7,110,0.008487126191114629,0.010434482088499439,-1.079137146472931
int2float,8,110,0.003135068322079687,0.0070146198740352605,-0.528182864189148
int2float,9,110,0.0049191019485590945,0.006013282859837363,-0.788137674331665
int2float,0,111,-0.0004301799291474423,0.0020521629855514145,-0.019585132598876953
int2float,1,111,0.01218180168937804,0.01967806814781234,-1.112557053565979
int2float,2,111,0.007173651891792296,0.003723767858434049,-0.6364612579345703
int2float,3,111,0.004103751923371944,0.0020658425865721364,-0.3093400001525879
int2float,4,111,0.007817064527096546,0.0038542893929510436,-1.3049033284187317
int2float,5,111,0.0029246557514429825,-0.0008506755910172026,-0.0589832067489624
int2float,6,111,0.003455184767955616,-0.0023876578291470857,-0.2813059091567993
int2float,7,111,0.008439369790705573,0.010331829728460168,-1.0610451698303223
int2float,8,111,0.003150125824408337,0.007168050069874865,-0.5133423805236816
int2float,9,111,0.004901876440523062,0.006112107852068185,-0.7625710964202881
int2float,0,112,-0.00037041302563221856,0.0021542163408203308,-0.025290846824645996
int2float,1,112,0.012494412257941796,0.019672440505799124,-1.1705865859985352
int2float,2,112,0.0071878140098672536,0.0039021195010302823,-0.6197683811187744
int2float,3,112,0.004093738003120753,0.0019253272864124399,-0.3156147003173828
int2float,4,112,0.008026481659705646,0.004170802612530847,-1.3211987018585205
int2float,5,112,0.0028929424000147114,-0.0008776919175799008,-0.0554887056350708
int2float,6,112,0.003468445622674121,-0.0023417339138560034,-0.28351664543151855
int2float,7,112,0.008325055864235993,0.010263947063810258,-1.0259276628494263
int2float,8,112,0.0031602871380738973,0.00730545077954356,-0.5024440288543701
int2float,9,112,0.004810172623374673,0.0061756844008072215,-0.7132148742675781
int2float,0,113,-0.0003130364518255241,0.002239308195356199,-0.03098595142364502
int2float,1,113,0.012781526776024794,0.019780720787281825,-1.2144575119018555
int2float,2,113,0.007257753427989684,0.004059278925397591,-0.618314266204834
int2float,3,113,0.0041238989467233395,0.0017514141380927384,-0.31832218170166016
int2float,4,113,0.008224308736747316,0.00454534627219963,-1.3343974351882935
int2float,5,113,0.002871034687967969,-0.0008362550247822398,-0.05231833457946777
int2float,6,113,0.0034429678604813857,-0.002229628517850954,-0.278403639793396
int2float,7,113,0.008215798329873895,0.010143265495631618,-0.9937288165092468
int2float,8,113,0.003175168021367955,0.007475710185769105,-0.4981093406677246
int2float,9,113,0.004700074017555289,0.006186924282848935,-0.663597822189331
int2float,0,114,-0.00028625886382908916,0.0023862368176698207,-0.03323698043823242
int2float,1,114,0.013055671628722815,0.019863894313595906,-1.2478818893432617
int2float,2,114,0.007333542087139766,0.004178190427600828,-0.6169015169143677
int2float,3,114,0.0041777041306561916,0.0016639407196505085,-0.32705116271972656
int2float,4,114,0.008403569636130925,0.004993892436908884,-1.3434794545173645
int2float,5,114,0.0028511615549426245,-0.0007906905561952116,-0.0494537353515625
int2float,6,114,0.003432631045058622,-0.0021597869834425187,-0.276080846786499
int2float,7,114,0.00812427542285487,0.009994940231215374,-0.9677990078926086
int2float,8,114,0.0032141615430583553,0.007693605195826694,-0.4996988773345947
int2float,9,114,0.0046051590958488195,0.006288260917341124,-0.6124154329299927
int2float,0,115,-0.0002907454256725131,0.0025990402923369432,-0.03336226940155029
int2float,1,115,0.013302515930332784,0.020010694638500207,-1.2724562883377075
int2float,2,115,0.007418620627557604,0.004367367656983659,-0.6208071708679199
int2float,3,115,0.004240924912480529,0.0015686871656609008,-0.33909499645233154
int2float,4,115,0.008566522246548303,0.005499730953813647,-1.349303126335144
int2float,5,115,0.0028387970514589383,-0.0007811189840823546,-0.04728198051452637
int2float,6,115,0.00347911232561552,-0.002087498247622263,-0.27983617782592773
int2float,7,115,0.00803875028037749,0.009870271399961814,-0.9248518943786621
int2float,8,115,0.003232272364935354,0.00802372536684147,-0.49291491508483887
int2float,9,115,0.004536939530751169,0.006390635277367357,-0.5701251029968262
int2float,0,116,-0.0003005454490553894,0.0028098585983529767,-0.03392922878265381
int2float,1,116,0.013535850146095915,0.02014820158158065,-1.2919740676879883
int2float,2,116,0.00747817649288883,0.004525786681446695,-0.6201779842376709
int2float,3,116,0.004303334833166653,0.001446789095978715,-0.34477365016937256
int2float,4,116,0.00871030012376111,0.006062841111399361,-1.352043330669403
int2float,5,116,0.0028513286064190124,-0.0007765732354258204,-0.046779632568359375
int2float,6,116,0.003563757400369204,-0.0020273567846243873,-0.29118454456329346
int2float,7,116,0.007947732669497824,0.00994852879091157,-0.887334942817688
int2float,8,116,0.003350307281954623,0.008463549765984124,-0.4972357749938965
int2float,9,116,0.0044559151645649775,0.006478883311082331,-0.5274491310119629
int2float,0,117,-0.0002701775819376265,0.0030222667780504253,-0.03677546977996826
int2float,1,117,0.013750644621284273,0.020371888451584455,-1.3074563145637512
int2float,2,117,0.007604392062012882,0.004656106908316096,-0.6351546049118042
int2float,3,117,0.004376979070603429,0.0013300863004601648,-0.35425519943237305
int2float,4,117,0.008840592186027424,0.006587242417848679,-1.354152500629425
int2float,5,117,0.002874829038647282,-0.0007663791678959586,-0.04744982719421387
int2float,6,117,0.003644377882353264,-0.0019016346876277457,-0.30230188369750977
int2float,7,117,0.007848396709055051,0.010207615165622463,-0.8551300764083862
int2float,8,117,0.0034584592018709476,0.008912137930832217,-0.5050921440124512
int2float,9,117,0.0043636021749230425,0.006483851045527192,-0.48402345180511475
int2float,0,118,-0.0001986531349934817,0.0031790451110591117,-0.04297184944152832
int2float,1,118,0.013975458887810807,0.02030404592445846,-1.3191476464271545
int2float,2,118,0.007721817817557583,0.004753657696979677,-0.6483376026153564
int2float,3,118,0.0044392526139007404,0.0012701976990144581,-0.35557305812835693
int2float,4,118,0.008954126579178025,0.007186026404178883,-1.3538614511489868
int2float,5,118,0.0028965085771598814,-0.000750815349135181,-0.04805338382720947
int2float,6,118,0.00371282890305049,-0.0017816924871128653,-0.31134164333343506
int2float,7,118,0.007757658327135403,0.010514216176427282,-0.8275783061981201
int2float,8,118,0.0035774009729239303,0.009420613292050808,-0.51362144947052
int2float,9,118,0.004274150166888348,0.006495178537917548,-0.43938469886779785
int2float,0,119,-0.0001247310837211718,0.003342195977211554,-0.048612117767333984
int2float,1,119,0.014208242962982398,0.019972514411505285,-1.3284273743629456
int2float,2,119,0.007835128768908434,0.004821668358563527,-0.6615396738052368
int2float,3,119,0.00450908356633653,0.0012781328281666199,-0.3573566675186157
int2float,4,119,0.00905830524625164,0.007851659223551272,-1.3518415093421936
int2float,5,119,0.0028957158772786942,-0.0007327535779780847,-0.04712867736816406
int2float,6,119,0.003772580358287002,-0.0016670671876478221,-0.31922101974487305
int2float,7,119,0.007703882117999439,0.010862252363492433,-0.8125491142272949
int2float,8,119,0.003687433345472918,0.009945294017646891,-0.5209048986434937
int2float,9,119,0.004197545820906985,0.006514180784302007,-0.39135587215423584
int2float,0,120,-4.834198482878138e-05,0.0034765731565974123,-0.054086923599243164
int2float,1,120,0.014422860641398888,0.01975514152352835,-1.3359649181365967
int2float,2,120,0.007944196711991924,0.004954961442578315,-0.6730829477310181
int2float,3,120,0.004546547507801653,0.0012527736507864373,-0.35144972801208496
int2float,4,120,0.009156288786484987,0.008459729194884746,-1.3499795794487
int2float,5,120,0.0029413329721496365,-0.0007530987435632741,-0.04890644550323486
int2float,6,120,0.0038100125031913235,-0.001595515526944119,-0.3252679109573364
int2float,7,120,0.007687026611969752,0.011235133687175908,-0.8139740228652954
int2float,8,120,0.003820974599408916,0.010438361465548135,-0.5366004705429077
int2float,9,120,0.004141515518324569,0.006540922863611645,-0.34909284114837646
int2float,0,121,-6.290405545658628e-06,0.003615829985356686,-0.05727028846740723
int2float,1,121,0.01461744165144916,0.019642335598295715,-1.3418708741664886
int2float,2,121,0.008072412603921018,0.005032053598686789,-0.6949468851089478
int2float,3,121,0.004572941824207852,0.0012870839342073725,-0.3504796028137207
int2float,4,121,0.009250567803412262,0.0090967303283577,-1.3477535247802734
int2float,5,121,0.002966511565110727,-0.0006620852774663205,-0.04985618591308594
int2float,6,121,0.0038684652282655746,-0.001522711983465097,-0.33652329444885254
int2float,7,121,0.007661748311774935,0.011645883829819362,-0.8107142448425293
int2float,8,121,0.00395953390616674,0.010866452965604373,-0.5534875392913818
int2float,9,121,0.004121144508863521,0.006676859078815295,-0.3189699649810791
int2float,0,122,1.2510390729636445e-05,0.003738747752340732,-0.05886995792388916
int2float,1,122,0.014799587996332825,0.019635305383243276,-1.3472305536270142
int2float,2,122,0.008169229708898593,0.005081790799246574,-0.7113676071166992
int2float,3,122,0.004597584916315005,0.001314380669420745,-0.3512314558029175
int2float,4,122,0.009340745911144026,0.009639896055909966,-1.3463525176048279
int2float,5,122,0.003007599467708885,-0.0005920099275122243,-0.051810264587402344
int2float,6,122,0.00396021719792021,-0.0014413940836001116,-0.35253047943115234
int2float,7,122,0.00765921220356322,0.012050587520622255,-0.8081660270690918
int2float,8,122,0.004092406401673937,0.011245871601450089,-0.570014476776123
int2float,9,122,0.004113656392055527,0.0068151604219365836,-0.29999756813049316
int2float,0,123,5.196115237418586e-05,0.0038153140522049767,-0.061565518379211426
int2float,1,123,0.01497116453751876,0.019718266613533084,-1.3524103164672852
int2float,2,123,0.008233075507230223,0.0051019147405636095,-0.7156016826629639
int2float,3,123,0.004649792534580269,0.0013338850816277115,-0.35592639446258545
int2float,4,123,0.009429371973844879,0.010219838895151961,-1.3446020483970642
int2float,5,123,0.003057053574743271,-0.0005673562320093195,-0.05448555946350098
int2float,6,123,0.004034422517597849,-0.001359374160364052,-0.36332762241363525
int2float,7,123,0.007653308198198566,0.012372519355301828,-0.8060013055801392
int2float,8,123,0.0042308953100061025,0.011577568667927127,-0.5877360105514526
int2float,9,123,0.0040588199809960465,0.006902795194903333,-0.268688440322876
int2float,0,124,9.647461158475423e-05,0.003899099962759875,-0.06409347057342529
int2float,1,124,0.01513153537565999,0.019885122093035806,-1.3570876717567444
int2float,2,124,0.008273669756532022,0.005213300063163687,-0.7121701240539551
int2float,3,124,0.00470118861228408,0.0014397027822802694,-0.36241614818573
int2float,4,124,0.00951751514685202,0.010889684705123484,-1.3426324725151062
int2float,5,124,0.003098740253017991,-0.000543985210520806,-0.05692434310913086
int2float,6,124,0.004121029350225507,-0.0013245997972567425,-0.37213635444641113
int2float,7,124,0.007612755118939121,0.012761213314460104,-0.8117866516113281
int2float,8,124,0.004363197155719006,0.011925893594025183,-0.6063518524169922
int2float,9,124,0.004032602911392888,0.007028134838833605,-0.24819862842559814
int2float,0,125,0.00013519799390461495,0.003967035110713016,-0.06630933284759521
int2float,1,125,0.015278955466902958,0.02013245120017612,-1.3609309196472168
int2float,2,125,0.008306111459689465,0.0052818114798511145,-0.7061861753463745
int2float,3,125,0.004738357646575729,0.0015389604892791647,-0.3667670488357544
int2float,4,125,0.009599762506356614,0.011654661821490622,-1.3402785658836365
int2float,5,125,0.0031564421655257136,-0.0005102054743889306,-0.06076610088348389
int2float,6,125,0.004201469719411356,-0.0012864240977934621,-0.38008928298950195
int2float,7,125,0.007571378590376009,0.013053340353087473,-0.817804217338562
int2float,8,125,0.004483919648354928,0.01220562631445929,-0.6239771842956543
int2float,9,125,0.004041563025015307,0.007266577568169105,-0.2343287467956543
int2float,0,126,0.0001768084225152594,0.0040291465768022006,-0.06926977634429932
int2float,1,126,0.015402785605911296,0.020398990498275787,-1.3632780611515045
int2float,2,126,0.008407136063953657,0.005423448475000564,-0.7121168375015259
int2float,3,126,0.004781133611414211,0.0016845557984592752,-0.37475788593292236
int2float,4,126,0.009678119175419143,0.012512416744659735,-1.3376739025115967
int2float,5,126,0.0031952479690530652,-0.00043450016873143593,-0.06326138973236084
int2float,6,126,0.0042490556162516,-0.0011268312102119676,-0.38203155994415283
int2float,7,126,0.0075416991995036695,0.01353913848528382,-0.8159544467926025
int2float,8,126,0.004565176042476193,0.012565233789218769,-0.6323399543762207
int2float,9,126,0.004018318675824965,0.0074439351235734835,-0.21173250675201416
int2float,0,127,0.00021373279037642523,0.004088337218905336,-0.07210040092468262
int2float,1,127,0.01551990211804588,0.020733843769457166,-1.365417242050171
int2float,2,127,0.00855098733875094,0.005597943075629622,-0.7273128032684326
int2float,3,127,0.0047181812388300895,0.0017744528207966626,-0.3681471347808838
int2float,4,127,0.009753456836884444,0.013465794348414009,-1.3348034620285034
int2float,5,127,0.0032118713447326433,-0.0003770676156075875,-0.06401658058166504
int2float,6,127,0.004240165558131018,-0.0009702120002860609,-0.37306928634643555
int2float,7,127,0.0075253836755792974,0.014075459221531902,-0.8063980340957642
int2float,8,127,0.004660591234100911,0.012990728077379471,-0.6436852216720581
int2float,9,127,0.003996141363888567,0.007616713196098898,-0.19380688667297363
int2float,0,128,0.0002844498485829461,0.004153387078660101,-0.07669317722320557
int2float,1,128,0.015623689244978686,0.021082359167351877,-1.3675228953361511
int2float,2,128,0.008681229090035263,0.005722803708134452,-0.7384364604949951
int2float,3,128,0.004738330289192252,0.0018255611995641463,-0.3697631359100342
int2float,4,128,0.009825273680825898,0.014289661346818305,-1.3328545093536377
int2float,5,128,0.0032269955234761616,-0.00032261270838850054,-0.06465542316436768
int2float,6,128,0.004235146170726796,-0.000822176918999093,-0.3654106855392456
int2float,7,128,0.007638302166090537,0.01461152007401377,-0.8114674091339111
int2float,8,128,0.004725900766923072,0.013409854219884582,-0.6487157344818115
int2float,9,128,0.0039914428633480645,0.007782047133114256,-0.18049108982086182
int2float,0,129,0.0003480262863339856,0.004207243134892624,-0.08108019828796387
int2float,1,129,0.015753806452582342,0.02112340417195893,-1.368014395236969
int2float,2,129,0.008636610444951356,0.005786403984266025,-0.7070469856262207
int2float,3,129,0.004791617786973595,0.0018221457010930142,-0.3736283779144287
int2float,4,129,0.009896820153426064,0.015233702628310919,-1.3304969668388367
int2float,5,129,0.0032230755011454365,-0.00019764738409150384,-0.06418240070343018
int2float,6,129,0.004255783861012635,-0.0006977081559818576,-0.36295223236083984
int2float,7,129,0.007765789526404374,0.015125846640311566,-0.8223530054092407
int2float,8,129,0.0047951628208158514,0.01356104575657753,-0.6556816101074219
int2float,9,129,0.003973662944728375,0.007938557179735989,-0.1719433069229126
int2float,0,130,0.0003787541930178051,0.004271197749499023,-0.08454310894012451
int2float,1,130,0.015891386956360644,0.021169522803352103,-1.36826291680336
int2float,2,130,0.00861866674559511,0.005925536776726803,-0.6855686902999878
int2float,3,130,0.004874157190574484,0.00177160201740377,-0.3782644271850586
int2float,4,130,0.009968443524084158,0.016301417963390435,-1.3277641534805298
int2float,5,130,0.003245190771381877,-7.973947928922864e-05,-0.06514394283294678
int2float,6,130,0.004344494748740151,-0.0005963416738593574,-0.3725097179412842
int2float,7,130,0.007859028912250599,0.01568074720897708,-0.8410271406173706
int2float,8,130,0.004846185505593362,0.013657098349235383,-0.6568937301635742
int2float,9,130,0.003985661693067417,0.008108338041769567,-0.16858911514282227
int2float,0,131,0.0003894635318630463,0.00433353975404957,-0.0864400863647461
int2float,1,131,0.016020819630994554,0.021305052595990706,-1.3682849407196045
int2float,2,131,0.008587932766338006,0.006031324726369344,-0.6613171100616455
int2float,3,131,0.004974904194861143,0.0017721109115226424,-0.3890683650970459
int2float,4,131,0.010040137694187594,0.017494296483980695,-1.3247039318084717
int2float,5,131,0.003265243309404968,3.1738893946559044e-05,-0.06609857082366943
int2float,6,131,0.004466657582119907,-0.0005120894872432113,-0.387212872505188
int2float,7,131,0.008011445462773666,0.016085765751908343,-0.8684662580490112
int2float,8,131,0.004902169824441985,0.013702521627365155,-0.6636515855789185
int2float,9,131,0.004004632015945711,0.008277787395574887,-0.163000226020813
int2float,0,132,0.00038699450346565967,0.004325860041270127,-0.08518731594085693
int2float,1,132,0.016148764095933237,0.02151831410935355,-1.3689372837543488
int2float,2,132,0.008448502200868797,0.006187546507227873,-0.6213041543960571
int2float,3,132,0.005086728658184818,0.0017568641015776043,-0.40764832496643066
int2float,4,132,0.010109167186131078,0.01871554152284062,-1.3207517266273499
int2float,5,132,0.0032853219468237937,0.00013779039838641982,-0.06697702407836914
int2float,6,132,0.004534410465291107,-0.0003926991530535523,-0.3918660879135132
int2float,7,132,0.008284860752614365,0.016501596357228532,-0.9077097177505493
int2float,8,132,0.0049738682190780675,0.013453855621532868,-0.67503821849823
int2float,9,132,0.004046287034536536,0.008544693533277428,-0.162237286567688
int2float,0,133,0.00036601972667518745,0.004326156771651296,-0.08221328258514404
int2float,1,133,0.01628575383708212,0.02172606601144844,-1.370559424161911
int2float,2,133,0.00835587162389053,0.006401990640912361,-0.5957134962081909
int2float,3,133,0.005218824045758512,0.0017448815261431605,-0.43044471740722656
int2float,4,133,0.010178662318407389,0.01979146577355978,-1.3179818391799927
int2float,5,133,0.0033007426025118067,0.0002521772478679407,-0.06760883331298828
int2float,6,133,0.004661516781311333,-0.00033212039343191724,-0.4075000286102295
int2float,7,133,0.008537753418282563,0.016761709699103636,-0.9447140097618103
int2float,8,133,0.005027495273831367,0.013354803408988411,-0.6835858821868896
int2float,9,133,0.004122905512156098,0.008903045022267506,-0.1668170690536499
int2float,0,134,0.0003656762697339666,0.0043167805947594284,-0.08067941665649414
int2float,1,134,0.016417742693328734,0.021994554355531395,-1.3718725144863129
int2float,2,134,0.008297167737698515,0.00667849151589596,-0.569930911064148
int2float,3,134,0.005336312808253821,0.001691109240562233,-0.45151686668395996
int2float,4,134,0.010249495403673481,0.020723364293904797,-1.3162311911582947
int2float,5,134,0.0033286349546127678,0.00034792423952917373,-0.06854236125946045
int2float,6,134,0.004735514425642476,-0.0001923028001977467,-0.41345131397247314
int2float,7,134,0.00877166807548533,0.01719312152150214,-0.967155933380127
int2float,8,134,0.005106189105752099,0.013272654030853245,-0.6947685480117798
int2float,9,134,0.004208141093997093,0.009362506789993688,-0.17476284503936768
int2float,0,135,0.0003452655520582021,0.00432192117142996,-0.07827937602996826
int2float,1,135,0.016541894847655926,0.022306477341903677,-1.3731617033481598
int2float,2,135,0.008234616794089461,0.006907857808682985,-0.5420145988464355
int2float,3,135,0.005375567168710113,0.0016383552237571458,-0.45250797271728516
int2float,4,135,0.010317795229930676,0.021514679746479484,-1.315421462059021
int2float,5,135,0.0033530261160109945,0.0004141350219941248,-0.06884455680847168
int2float,6,135,0.004909361321290981,-7.021628787633183e-05,-0.43610334396362305
int2float,7,135,0.008989316239477789,0.017592349913205185,-0.987299919128418
int2float,8,135,0.005151509575689994,0.013153539164148187,-0.7005529403686523
int2float,9,135,0.0042376477509861316,0.00984273682078135,-0.1707754135131836
int2float,0,136,0.0003370317328958289,0.004336376153989865,-0.07693827152252197
int2float,1,136,0.016661882586982008,0.022652105502279155,-1.374469518661499
int2float,2,136,0.008175793251331345,0.00719494015036326,-0.5205930471420288
int2float,3,136,0.005418078478428873,0.0015474915118267596,-0.4492168426513672
int2float,4,136,0.010447607972044408,0.02203297761095717,-1.320684790611267
int2float,5,136,0.003415257745063946,0.00044567758447140726,-0.07185554504394531
int2float,6,136,0.005041005867703334,9.044508056404998e-05,-0.45157551765441895
int2float,7,136,0.009213551863384628,0.017839767800122558,-1.0139654874801636
int2float,8,136,0.005153150124824701,0.013010417949560149,-0.6964116096496582
int2float,9,136,0.004272952406981653,0.010229604419275395,-0.1673833131790161
int2float,0,137,0.0003413165588406347,0.004359764768325586,-0.07685196399688721
int2float,1,137,0.016775752740139427,0.023014294596276116,-1.3755410015583038
int2float,2,137,0.008111354985752786,0.0074462110053362535,-0.4975072145462036
int2float,3,137,0.005491239943478984,0.0014426802970738117,-0.4511830806732178
int2float,4,137,0.01056986753660516,0.02245847339163412,-1.3262121081352234
int2float,5,137,0.0034574660489951406,0.0004597841599501551,-0.07442545890808105
int2float,6,137,0.00507542862508592,0.00017997875235362115,-0.4527064561843872
int2float,7,137,0.009419045888787031,0.018081580014125298,-1.0379170775413513
int2float,8,137,0.005153809225153641,0.012727045977328197,-0.6925195455551147
int2float,9,137,0.004275701405055822,0.010544540434713617,-0.15517723560333252
int2float,0,138,0.00034357260332451567,0.004377492540603767,-0.0762561559677124
int2float,1,138,0.016873918702928044,0.02337829042832916,-1.3754495978355408
int2float,2,138,0.008125640573971,0.007659689368500033,-0.4947563409805298
int2float,3,138,0.005570981374415945,0.001279678968121159,-0.45100724697113037
int2float,4,138,0.010688829664726597,0.022840192164728962,-1.3304733037948608
int2float,5,138,0.0035089158615573685,0.0004878229310230353,-0.07742965221405029
int2float,6,138,0.005114333882044575,0.00026383820011775805,-0.454140305519104
int2float,7,138,0.00961761643699436,0.01818731284604032,-1.0643438696861267
int2float,8,138,0.00516238852547983,0.012414256965623899,-0.688078761100769
int2float,9,138,0.0042939070484081035,0.010744388268056224,-0.14432013034820557
int2float,0,139,0.00035584027650997774,0.004400170881696794,-0.07710063457489014
int2float,1,139,0.016970953027880938,0.02374564942399439,-1.3758126199245453
int2float,2,139,0.008134111651015713,0.007884336240914266,-0.48280060291290283
int2float,3,139,0.005658875922698321,0.001092544278214952,-0.451493501663208
int2float,4,139,0.010864413609536869,0.023024272044652447,-1.3398262858390808
int2float,5,139,0.003564777354212352,0.0004962116303234426,-0.08101320266723633
int2float,6,139,0.00513830138903866,0.00034816395131467837,-0.44958698749542236
int2float,7,139,0.009803517858317984,0.01812931463071997,-1.0887186527252197
int2float,8,139,0.0052362781433071826,0.01221487323897924,-0.701695442199707
int2float,9,139,0.0042770770704869815,0.010832797787234477,-0.13529765605926514
int2float,0,140,0.0004008516751228819,0.0043937152616228825,-0.08034265041351318
int2float,1,140,0.017066549916088906,0.02410024691972544,-1.3763939142227173
int2float,2,140,0.00798210385231704,0.008145960866008203,-0.4569505453109741
int2float,3,140,0.00578398105381623,0.0009070401359837499,-0.4478142261505127
int2float,4,140,0.011028264377845522,0.023528608639697024,-1.3473429679870605
int2float,5,140,0.003604810098189526,0.0005113803771543829,-0.0833437442779541
int2float,6,140,0.005098646838585116,0.00050717555948189,-0.4343547821044922
int2float,7,140,0.009973168086068449,0.018014446927865593,-1.1109346151351929
int2float,8,140,0.005298951416202985,0.0120187554605789,-0.7112122774124146
int2float,9,140,0.004283546954816531,0.010914492074090482,-0.12293767929077148
int2float,0,141,0.0004543558151686583,0.004387024459523686,-0.08519399166107178
int2float,1,141,0.01715904384668091,0.024446824741545053,-1.3771514594554901
int2float,2,141,0.00784073578886546,0.008430568937267735,-0.4276176691055298
int2float,3,141,0.005952602935754239,0.0007256303471640246,-0.4464651346206665
int2float,4,141,0.011190053172521912,0.023981778096802242,-1.3542855381965637
int2float,5,141,0.003632508395418732,0.0004826867002144519,-0.08463895320892334
int2float,6,141,0.0050608589436853535,0.0006569338045673695,-0.419897198677063
int2float,7,141,0.010115656002253857,0.017990690706391047,-1.1273253560066223
int2float,8,141,0.005354997317512697,0.011838579092303875,-0.7196516990661621
int2float,9,141,0.0043021869846659525,0.011108340587264565,-0.11568295955657959
int2float,0,142,0.0005221991046006208,0.004385341485518668,-0.08942890167236328
int2float,1,142,0.01724670343773632,0.02478658841808494,-1.3777629435062408
int2float,2,142,0.007741786318512266,0.008699258626569034,-0.4070032835006714
int2float,3,142,0.0060964736497226835,0.0006471319962381566,-0.44121623039245605
int2float,4,142,0.011342174674353687,0.02472504113042759,-1.3596017956733704
int2float,5,142,0.0036700949537097557,0.00045738950648248344,-0.08559143543243408
int2float,6,142,0.005032520064350163,0.0007415280647533468,-0.40468835830688477
int2float,7,142,0.01024406124145711,0.018042826248289054,-1.1412848830223083
int2float,8,142,0.005403722046180892,0.011639316710601644,-0.7261267900466919
int2float,9,142,0.0043353891037233375,0.011197935271792123,-0.11193323135375977
int2float,0,143,0.000605083828252681,0.004423518931777726,-0.0955125093460083
int2float,1,143,0.017336637191112426,0.025121470465268775,-1.3789977133274078
int2float,2,143,0.0076528284935050706,0.008940446933028909,-0.38615620136260986
int2float,3,143,0.006282324782672703,0.0006525782221560028,-0.4527919292449951
int2float,4,143,0.011485522029030873,0.025417802040198376,-1.3631343245506287
int2float,5,143,0.0037100964344879417,0.0004148663257969448,-0.08842730522155762
int2float,6,143,0.00500651868025697,0.0008214767284377561,-0.390988826751709
int2float,7,143,0.010360460224772654,0.018170756895357354,-1.1529468297958374
int2float,8,143,0.0054478273919208176,0.011461928802570812,-0.7317728996276855
int2float,9,143,0.004349483648306979,0.01117173028931999,-0.11176753044128418
int2float,0,144,0.0006740668382486104,0.004577762126923152,-0.10241055488586426
int2float,1,144,0.017414082295686507,0.025439275355836927,-1.3792239725589752
int2float,2,144,0.007569810493894567,0.009164489129068407,-0.3653073310852051
int2float,3,144,0.006420955439429603,0.000629217431701648,-0.4586331844329834
int2float,4,144,0.011618265867442149,0.02637667310230074,-1.365027904510498
int2float,5,144,0.0037506401589259344,0.0003781454817338853,-0.09083664417266846
int2float,6,144,0.0049112065753217984,0.0009071245831243774,-0.36765050888061523
int2float,7,144,0.010452148127943935,0.018375881407050196,-1.1594998240470886
int2float,8,144,0.0054844486729076075,0.011303875636430594,-0.7356129884719849
int2float,9,144,0.0043509034626956,0.0110690658380721,-0.10987234115600586
int2float,0,145,0.0007281401776095958,0.0047320551274950134,-0.10616147518157959
int2float,1,145,0.01748498590635006,0.025755060648769146,-1.3790115118026733
int2float,2,145,0.007507283513896339,0.00918215201987059,-0.35105252265930176
int2float,3,145,0.006516545795814711,0.0006964708422734639,-0.46142852306365967
int2float,4,145,0.011750530428444539,0.027269623179532562,-1.3662213683128357
int2float,5,145,0.0038071608902173204,0.0003148368673344254,-0.09428715705871582
int2float,6,145,0.0048042304071034825,0.0010716015116945393,-0.3446401357650757
int2float,7,145,0.010531131687242616,0.018527400386361248,-1.16518896818161
int2float,8,145,0.0055223351993991115,0.011241908836153197,-0.7385469675064087
int2float,9,145,0.004301657761569676,0.01098067076523826,-0.10907292366027832
int2float,0,146,0.0007624655984644069,0.004843446847786689,-0.10776638984680176
int2float,1,146,0.017550109601955695,0.026073655415334518,-1.3785497546195984
int2float,2,146,0.007413590670990608,0.009051060560648139,-0.3376729488372803
int2float,3,146,0.006496427294704621,0.00075712508271715,-0.4448812007904053
int2float,4,146,0.011871392516268321,0.02841146391827562,-1.365084946155548
int2float,5,146,0.003860984109798661,0.0002616787825149153,-0.09739768505096436
int2float,6,146,0.004704480195719639,0.001228123286898905,-0.3245410919189453
int2float,7,146,0.01059805981104802,0.018642522019851365,-1.1700167655944824
int2float,8,146,0.005551624933547258,0.011180950339489487,-0.7415013313293457
int2float,9,146,0.004227065141347526,0.011024391222223276,-0.10558104515075684
int2float,0,147,0.0008008545709825704,0.004962405683691121,-0.10966932773590088
int2float,1,147,0.017614082301789576,0.0264062377342493,-1.3782511949539185
int2float,2,147,0.007427998744435775,0.008910982133962908,-0.34488701820373535
int2float,3,147,0.006498733146637063,0.0008305352535771804,-0.4352250099182129
int2float,4,147,0.011987317935823888,0.02947417184277147,-1.3620834350585938
int2float,5,147,0.00391708577982916,0.00022338861555507017,-0.10006427764892578
int2float,6,147,0.004639943181322048,0.0013944850792985408,-0.30976617336273193
int2float,7,147,0.010645269575854016,0.01883031327270826,-1.1702898144721985
int2float,8,147,0.005549474732400486,0.011250616306241856,-0.7398389577865601
int2float,9,147,0.0041498722249590295,0.010926164496337945,-0.09801161289215088
int2float,0,148,0.0008370834696300733,0.0050882755609092944,-0.11061692237854004
int2float,1,148,0.01766944980868259,0.026706987510475566,-1.378167986869812
int2float,2,148,0.007373031010369416,0.008761125204975032,-0.3400505781173706
int2float,3,148,0.0065556313351487,0.0008954344408042686,-0.44079720973968506
int2float,4,148,0.012095536660882845,0.030684681905184946,-1.357485055923462
int2float,5,148,0.003983847634824983,0.0001929852714283864,-0.10324501991271973
int2float,6,148,0.004580802931752136,0.001553061721569285,-0.2967100143432617
int2float,7,148,0.01061722807917305,0.019079516436260435,-1.1533875465393066
int2float,8,148,0.005500674735479133,0.011331680801091551,-0.7270110845565796
int2float,9,148,0.0041218206770678445,0.010941962722921417,-0.09639084339141846
int2float,0,149,0.0008808871846504723,0.005213824654238988,-0.11163508892059326
int2float,1,149,0.01772211958463312,0.02702544103985252,-1.3777723610401154
int2float,2,149,0.0073707060726803456,0.008625284515317883,-0.3479475975036621
int2float,3,149,0.006598063115246487,0.0010167679284113218,-0.44443249702453613
int2float,4,149,0.012198108354584826,0.031842602974732154,-1.3512763381004333
int2float,5,149,0.004044823981821655,0.00016995858415019827,-0.10610640048980713
int2float,6,149,0.00452732214569046,0.0017360932070248775,-0.2850022315979004
int2float,7,149,0.010570783041704654,0.019538961119866097,-1.1364855766296387
int2float,8,149,0.005462066137848859,0.011478305313739515,-0.7144054174423218
int2float,9,149,0.004087404758962035,0.010804793629455231,-0.09250593185424805
int2float,0,150,0.0009054798102719336,0.005345390926896718,-0.11308681964874268
int2float,1,150,0.017772645022407843,0.027375194662679916,-1.3771641850471497
int2float,2,150,0.00736010168291347,0.008496805050151324,-0.35168755054473877
int2float,3,150,0.006534088554084494,0.0009168243833151124,-0.4357161521911621
int2float,4,150,0.012297991465034915,0.03290279420906167,-1.3457024693489075
int2float,5,150,0.004095938294160502,0.00016404253530992452,-0.10754704475402832
int2float,6,150,0.0044588852165849124,0.001966070608682993,-0.27063190937042236
int2float,7,150,0.010529112571121046,0.019881058622703826,-1.1108847856521606
int2float,8,150,0.005428830626074188,0.011584203278992414,-0.703855037689209
int2float,9,150,0.004071853364675838,0.010670341019908464,-0.08962750434875488
int2float,0,151,0.0009496939342369531,0.005474286630996764,-0.11639511585235596
int2float,1,151,0.017818267969815532,0.02775043617920446,-1.3762134611606598
int2float,2,151,0.007338101201176166,0.008369400620252099,-0.35108721256256104
int2float,3,151,0.006454283257022436,0.0006358297578945016,-0.4220377206802368
int2float,4,151,0.01239288926634672,0.034002461549688584,-1.337886095046997
int2float,5,151,0.004176640087099406,7.100021112298183e-05,-0.1104586124420166
int2float,6,151,0.004403139330414481,0.0021692361395295734,-0.2582974433898926
int2float,7,151,0.010487831594727215,0.020177706990915187,-1.0873740911483765
int2float,8,151,0.005406580878476744,0.011743557101230512,-0.697190523147583
int2float,9,151,0.004048791342754453,0.010492316133051557,-0.08577501773834229
int2float,0,152,0.000978968456840243,0.005588116832937806,-0.12039685249328613
int2float,1,152,0.017852646597617296,0.028120685627794823,-1.372147798538208
int2float,2,152,0.007308857246290192,0.008188634402302733,-0.35671496391296387
int2float,3,152,0.006393032417453266,0.0003810221419729143,-0.4137721061706543
int2float,4,152,0.012481065093869974,0.035128655976920456,-1.3274661898612976
int2float,5,152,0.0042387899014136934,-2.613371923147756e-05,-0.11093544960021973
int2float,6,152,0.004355499891718809,0.0023604201995739427,-0.24772751331329346
int2float,7,152,0.010439925221990103,0.020458014873489708,-1.071268379688263
int2float,8,152,0.00538653547081111,0.011888065747303611,-0.6925802230834961
int2float,9,152,0.00410538130816767,0.010252123024880253,-0.09049665927886963
int2float,0,153,0.001010445541692287,0.005692507318259599,-0.12408792972564697
int2float,1,153,0.017875524200174242,0.028481979908630883,-1.3653214275836945
int2float,2,153,0.007181803542747459,0.008024164493204936,-0.353870153427124
int2float,3,153,0.00636102938262928,0.00012572477689463957,-0.4088270664215088
int2float,4,153,0.01254854158433405,0.036085744515185134,-1.3179479837417603
int2float,5,153,0.004282361854469466,-0.0001058431884192329,-0.11005198955535889
int2float,6,153,0.004312042360887593,0.0024604532999852324,-0.23940551280975342
int2float,7,153,0.010468832800263776,0.020808010204553612,-1.0804392099380493
int2float,8,153,0.005392411767759883,0.01202038903101263,-0.6960635185241699
int2float,9,153,0.004210063148181231,0.009961589462044937,-0.10170984268188477
int2float,0,154,0.0010469143645249201,0.005802346992061058,-0.1307002305984497
int2float,1,154,0.01790126889810411,0.028883836808521773,-1.3590398132801056
int2float,2,154,0.007146200720548265,0.007789188972946545,-0.365059494972229
int2float,3,154,0.006358965353876443,-4.043203036512011e-05,-0.4036639928817749
int2float,4,154,0.012619043787773412,0.036956353986548326,-1.3078386783599854
int2float,5,154,0.00433423260831145,-0.00019366047750567217,-0.1105884313583374
int2float,6,154,0.004336970276484879,0.002469398002998821,-0.23824691772460938
int2float,7,154,0.010495233857590117,0.021222487419872968,-1.0870311856269836
int2float,8,154,0.005384767845553529,0.012253630850485905,-0.6960526704788208
int2float,9,154,0.004308548513069485,0.009844706872311787,-0.11398649215698242
int2float,0,155,0.001069348328908662,0.005921512645161289,-0.13460290431976318
int2float,1,155,0.017908726678000454,0.029302917866996958,-1.3507338762283325
int2float,2,155,0.007136944677363935,0.007606289186583848,-0.3799177408218384
int2float,3,155,0.006305637912444838,-0.000179695473648947,-0.3918720483779907
int2float,4,155,0.01268981970954159,0.03775196152372913,-1.2965611219406128
int2float,5,155,0.004351355091757804,-0.00027010506010542723,-0.10843777656555176
int2float,6,155,0.0043912963194931015,0.0025046270084914807,-0.24030017852783203
int2float,7,155,0.010526148008449587,0.021521274397098555,-1.0837666392326355
int2float,8,155,0.0053541133581751915,0.012542516387347172,-0.6874425411224365
int2float,9,155,0.004442346881437215,0.009700490329109412,-0.1287003755569458
int2float,0,156,0.0010741445594921184,0.006014821899155157,-0.1350957155227661
int2float,1,156,0.01788557737925589,0.029736320143581157,-1.3358720541000366
int2float,2,156,0.007125517342115688,0.007436786606285467,-0.39182138442993164
int2float,3,156,0.006131140315512269,-0.0003413377494266151,-0.3524357080459595
int2float,4,156,0.012777232202712464,0.038776625783172466,-1.3005326390266418
int2float,5,156,0.004392763395302798,-0.00044358390168530715,-0.10881650447845459
int2float,6,156,0.004444732614626586,0.00252990746188847,-0.24219512939453125
int2float,7,156,0.01055808400117618,0.021730580771929395,-1.0809211134910583
int2float,8,156,0.005263524026909855,0.01276132840134904,-0.6685556173324585
int2float,9,156,0.004582660276760034,0.009587308767782646,-0.14471852779388428
int2float,0,157,0.0011146159368009695,0.00612370217108589,-0.14016258716583252
int2float,1,157,0.01787013555982915,0.030200823526389878,-1.321642816066742
int2float,2,157,0.007118246606889735,0.007233829465507796,-0.4100503921508789
int2float,3,157,0.005978776350464551,-0.0005026729882807862,-0.31801605224609375
int2float,4,157,0.01286027317556633,0.039826744575785125,-1.300502061843872
int2float,5,157,0.0044125396234053,-0.0006245405979146967,-0.10816287994384766
int2float,6,157,0.004547960772796934,0.0025309263775106644,-0.24864470958709717
int2float,7,157,0.010583185550059257,0.02189651398194302,-1.077980875968933
int2float,8,157,0.00529272119668299,0.012935996496628951,-0.6766297817230225
int2float,9,157,0.004739536907231709,0.009606736878064098,-0.1637248992919922
int2float,0,158,0.001198623153085776,0.006242666161846447,-0.14750170707702637
int2float,1,158,0.01785988048658945,0.030688447824410187,-1.3072200119495392
int2float,2,158,0.0071067216132254946,0.007140068393652985,-0.4241185188293457
int2float,3,158,0.005846316755578229,-0.0006588391969081092,-0.28794169425964355
int2float,4,158,0.012929774657734601,0.04084586648189134,-1.2963908314704895
int2float,5,158,0.004455845494714172,-0.0007823320328403244,-0.10991299152374268
int2float,6,158,0.004677823059297662,0.0024652788996821218,-0.25899791717529297
int2float,7,158,0.010596499979261799,0.022302820595971204,-1.0621803998947144
int2float,8,158,0.005325242376167619,0.013186035729980256,-0.683574914932251
int2float,9,158,0.0048685812209215765,0.0096329396419252,-0.17869246006011963
int2float,0,159,0.001299182367217877,0.006335995321132062,-0.15854549407958984
int2float,1,159,0.01785407996648588,0.031197520460451225,-1.2929762303829193
int2float,2,159,0.007107678260546875,0.0070095324435700546,-0.4458380937576294
int2float,3,159,0.00568560770142771,-0.0008359424490100714,-0.2498105764389038
int2float,4,159,0.012997621681572008,0.04162079873464876,-1.289085566997528
int2float,5,159,0.004489340483396241,-0.0009329182094623967,-0.11014580726623535
int2float,6,159,0.004837622039704052,0.0024154622715259616,-0.2719380855560303
int2float,7,159,0.010602013718464393,0.022647201167171116,-1.0478115677833557
int2float,8,159,0.005337127542459241,0.013510006972990485,-0.6820900440216064
int2float,9,159,0.00503434401030263,0.009771446102884829,-0.19805335998535156
int2float,0,160,0.0014086148158998502,0.006375249644217304,-0.17129623889923096
int2float,1,160,0.017855418632740976,0.03169875577952293,-1.2804129719734192
int2float,2,160,0.007069548105248062,0.006868173073302078,-0.4524495601654053
int2float,3,160,0.005529749872488998,-0.00098871444460559,-0.20400011539459229
int2float,4,160,0.01306629252613991,0.042248708687901815,-1.2786853909492493
int2float,5,160,0.004466840563945473,-0.0010647777855856688,-0.10684239864349365
int2float,6,160,0.0048636010258684415,0.002319115641687297,-0.27076971530914307
int2float,7,160,0.010602078073702746,0.022930105009824897,-1.0350109338760376
int2float,8,160,0.005326153164678132,0.013778574144400257,-0.6769036054611206
int2float,9,160,0.0051919294602378666,0.009887839687700559,-0.22592592239379883
int2float,0,161,0.0015032802655130795,0.006415638998339357,-0.1826622486114502
int2float,1,161,0.0179136437677015,0.03217277538423671,-1.2920108139514923
int2float,2,161,0.00705905765352547,0.006664203117302633,-0.46659529209136963
int2float,3,161,0.0053848678063402045,-0.0011329529405745553,-0.17640507221221924
int2float,4,161,0.013179178363142495,0.0428922042395883,-1.3065524101257324
int2float,5,161,0.0044341814177131025,-0.0011804973207615033,-0.10322034358978271
int2float,6,161,0.004853024822157999,0.0021545171239566313,-0.2669696807861328
int2float,7,161,0.010599211898521525,0.023150183138276423,-1.0236966013908386
int2float,8,161,0.005393946779400374,0.013994374469720114,-0.6794713735580444
int2float,9,161,0.005364060741279479,0.010037271464823208,-0.2578747272491455
int2float,0,162,0.0015339616543323803,0.006434668603818264,-0.1848665475845337
int2float,1,162,0.01802548259244169,0.03262273299981294,-1.3212033808231354
int2float,2,162,0.0070838540093003804,0.006383986645191048,-0.4864100217819214
int2float,3,162,0.005287040960609085,-0.0012602366839118279,-0.15714776515960693
int2float,4,162,0.013255858722368057,0.04346632642142488,-1.3215030431747437
int2float,5,162,0.004404732218890373,-0.0012808867395802115,-0.09998655319213867
int2float,6,162,0.004846742441522292,0.002016681349503821,-0.26337528228759766
int2float,7,162,0.010597212858838245,0.023288028350498896,-1.0147157907485962
int2float,8,162,0.005449857725328133,0.014162143151100273,-0.6798427104949951
int2float,9,162,0.0055245750978206165,0.010299802004647016,-0.291742205619812
int2float,0,163,0.0015639264217754412,0.006521168146609552,-0.18074750900268555
int2float,1,163,0.018144600653668908,0.03305366961999795,-1.3464760482311249
int2float,2,163,0.007121555020580178,0.006145518809752615,-0.5122556686401367
int2float,3,163,0.00518092180279376,-0.001395573371341649,-0.14572644233703613
int2float,4,163,0.013246825144922418,0.043854252861041595,-1.2979914546012878
int2float,5,163,0.004376146970461875,-0.0013569780288714417,-0.09776437282562256
int2float,6,163,0.004819408733216075,0.0018650010960827995,-0.2569628953933716
int2float,7,163,0.010599355789114702,0.023345250751890825,-1.0072355270385742
int2float,8,163,0.005547982240253491,0.0144005729852172,-0.6884357929229736
int2float,9,163,0.005690513880708792,0.010567508067060208,-0.32910966873168945
int2float,0,164,0.001593402954058326,0.006619977857093312,-0.17714154720306396
int2float,1,164,0.018259487397255185,0.0334573135786852,-1.3673791587352753
int2float,2,164,0.0071455466909555385,0.005914141705136586,-0.5313730239868164
int2float,3,164,0.0051379744883731995,-0.0015051779868848897,-0.1327371597290039
int2float,4,164,0.013243375794146264,0.04452289807141177,-1.2723877429962158
int2float,5,164,0.004311337566787879,-0.0014241794312082334,-0.0946115255355835
int2float,6,164,0.0048000876972718945,0.0018052712096590234,-0.25295817852020264
int2float,7,164,0.010567970920498923,0.023620975180247222,-0.9997648000717163
int2float,8,164,0.0056476791582448505,0.014655496779811053,-0.6972695589065552
int2float,9,164,0.005813758926724505,0.010903567247126225,-0.35728180408477783
int2float,0,165,0.0016013498589193403,0.00674546537725125,-0.17325150966644287
int2float,1,165,0.018368996133915627,0.03381521380635753,-1.384572595357895
int2float,2,165,0.007197440911839978,0.005761830882386659,-0.553764820098877
int2float,3,165,0.0051198608066380935,-0.0015218764881647223,-0.11751997470855713
int2float,4,165,0.01325151406992265,0.04512747228010176,-1.2484267950057983
int2float,5,165,0.004263918858467816,-0.0014490568501498297,-0.09172213077545166
int2float,6,165,0.004757318775911165,0.0017336612081267355,-0.24615967273712158
int2float,7,165,0.010538604463158983,0.023831443961771115,-0.9931960701942444
int2float,8,165,0.005745059710143219,0.014713170961175775,-0.7046413421630859
int2float,9,165,0.005919069276040245,0.011221020440072699,-0.38146495819091797
int2float,0,166,0.0016337334991334967,0.006889423291442695,-0.17552852630615234
int2float,1,166,0.018471756833678327,0.03412716632917291,-1.3992958068847656
int2float,2,166,0.007272402398870989,0.005636902909513339,-0.5846402645111084
int2float,3,166,0.00512710654847838,-0.001538084942121265,-0.10585594177246094
int2float,4,166,0.013259822615397536,0.046026969637961865,-1.2212345004081726
int2float,5,166,0.004227046350742086,-0.001478598953593896,-0.08997905254364014
int2float,6,166,0.004712421553316221,0.0016286848028407575,-0.23968243598937988
int2float,7,166,0.01051312678996217,0.02412384250668112,-0.9861017465591431
int2float,8,166,0.005803354857547238,0.014777496314717253,-0.707003116607666
int2float,9,166,0.006017743888071379,0.011457832486470601,-0.40621626377105713
int2float,0,167,0.0016707820356521574,0.007041269629696853,-0.1735461950302124
int2float,1,167,0.018567400681567613,0.03439789174076113,-1.4115523993968964
int2float,2,167,0.007332449533647298,0.005495479956602836,-0.6039512157440186
int2float,3,167,0.005134918402524891,-0.0015892650949621279,-0.09339535236358643
int2float,4,167,0.01334785904028181,0.047198121076606744,-1.2558014392852783
int2float,5,167,0.004211957256528627,-0.0014901044182514256,-0.08723974227905273
int2float,6,167,0.004671621996734127,0.001549209715066141,-0.23350179195404053
int2float,7,167,0.010492046040543719,0.024332387912406994,-0.9807890057563782
int2float,8,167,0.005842560385526635,0.014809642712443324,-0.7081836462020874
int2float,9,167,0.006177614219737372,0.01177286053749381,-0.440193772315979
int2float,0,168,0.001737589734350023,0.007166152408236814,-0.1743086576461792
int2float,1,168,0.0186607015284481,0.03462757659454484,-1.4218332171440125
int2float,2,168,0.007336607348096547,0.005400367376065182,-0.6097018718719482
int2float,3,168,0.005139511665991657,-0.0016295302226101427,-0.08541178703308105
int2float,4,168,0.013428964688071775,0.04861794367799825,-1.2819142937660217
int2float,5,168,0.004201606074010329,-0.0015004312646128837,-0.08473467826843262
int2float,6,168,0.004646675588024354,0.0015971203800592693,-0.2289724349975586
int2float,7,168,0.010458223461494255,0.024430969958554483,-0.9783943891525269
int2float,8,168,0.005863513141066923,0.0150171521962843,-0.7069042921066284
int2float,9,168,0.006332634714210306,0.012067611176144938,-0.4735616445541382
int2float,0,169,0.0017826763792600786,0.007320063047967465,-0.1729118824005127
int2float,1,169,0.018745506258983705,0.03478836033756154,-1.429843693971634
int2float,2,169,0.007354400877302339,0.005292880885327533,-0.6180146932601929
int2float,3,169,0.005097373130384657,-0.0017277108360531507,-0.07839906215667725
int2float,4,169,0.013503671449128236,0.04998779631866809,-1.3023878931999207
int2float,5,169,0.004183807536151753,-0.0014281964837175726,-0.08231115341186523
int2float,6,169,0.004648161747908407,0.0016768912778567652,-0.22747385501861572
int2float,7,169,0.01045683371811796,0.02446399307575628,-0.9887027144432068
int2float,8,169,0.0058781283280364555,0.01520796052728074,-0.7095547914505005
int2float,9,169,0.006526159566733511,0.012433606398052424,-0.5098944902420044
int2float,0,170,0.0018300961811241606,0.00748858112865404,-0.16547787189483643
int2float,1,170,0.018820019336102445,0.034914338337907344,-1.435723215341568
int2float,2,170,0.007348388891361413,0.005152548853561811,-0.6181716918945312
int2float,3,170,0.005045962792341638,-0.0017614809090280292,-0.0723109245300293
int2float,4,170,0.013570843760259903,0.051601499307735596,-1.3170345425605774
int2float,5,170,0.004202572410178629,-0.001328206203389387,-0.08354473114013672
int2float,6,170,0.004633523347807943,0.0016456904103728104,-0.22524094581604004
int2float,7,170,0.010478393155181308,0.02461097138367438,-1.0070399045944214
int2float,8,170,0.005865498211958489,0.015440984349161052,-0.7083057165145874
int2float,9,170,0.006712500524253304,0.01287416886041734,-0.5491460561752319
int2float,0,171,0.001906497692285361,0.007634252107684827,-0.16000306606292725
int2float,1,171,0.019101882452174257,0.03490731076694073,-1.4510991871356964
int2float,2,171,0.007291112665557806,0.005029072228247236,-0.6064215898513794
int2float,3,171,0.004975355375087552,-0.0017799116530579362,-0.06994211673736572
int2float,4,171,0.013642936670557139,0.05303885480414089,-1.3315654397010803
int2float,5,171,0.00427397677995265,-0.0012052056777672737,-0.08706212043762207
int2float,6,171,0.004597788803769619,0.0017369769351501946,-0.22072172164916992
int2float,7,171,0.010498970620318612,0.02472874801358506,-1.025228202342987
int2float,8,171,0.005854028008880963,0.01559317113604139,-0.707516074180603
int2float,9,171,0.006881818810793618,0.013280987681892883,-0.5843299627304077
int2float,0,172,0.002017653858794627,0.007826048741685618,-0.16003644466400146
int2float,1,172,0.01936985063475081,0.0348851988609937,-1.4634030163288116
int2float,2,172,0.007222891762525878,0.004906093497877018,-0.5913518667221069
int2float,3,172,0.00495793202944371,-0.0018094024480122123,-0.06515979766845703
int2float,4,172,0.013709202311279686,0.05472762403189663,-1.3416715264320374
int2float,5,172,0.004395661952932874,-0.0010534528597667125,-0.09323036670684814
int2float,6,172,0.004565281796178072,0.001765072760453859,-0.21813452243804932
int2float,7,172,0.01052149826113706,0.024960449071984983,-1.0414766669273376
int2float,8,172,0.005856109371824486,0.015726862261196337,-0.7124131917953491
int2float,9,172,0.007041509859821347,0.013660239895143672,-0.6159131526947021
int2float,0,173,0.002149365955860877,0.00803375580950881,-0.16319990158081055
int2float,1,173,0.01960419254596927,0.03482662864207314,-1.4713329076766968
int2float,2,173,0.007181080488488437,0.004820740034591181,-0.5785647630691528
int2float,3,173,0.00495746176802251,-0.0018703716182738583,-0.06147968769073486
int2float,4,173,0.013770726490122183,0.05664456462987272,-1.3482649326324463
int2float,5,173,0.0045185516041328574,-0.0009212860939196293,-0.10192453861236572
int2float,6,173,0.00454335637390442,0.0018043911000341778,-0.21655893325805664
int2float,7,173,0.010577610362329515,0.02529129268676647,-1.0677121877670288
int2float,8,173,0.005866122817472175,0.015826900778945274,-0.7213500738143921
int2float,9,173,0.007166838728785131,0.01388055393121937,-0.6411542892456055
int2float,0,174,0.002272051790327592,0.008236960218728315,-0.16559553146362305
int2float,1,174,0.01983242572070683,0.03472998012468155,-1.477452039718628
int2float,2,174,0.0071041795547316725,0.004769364592078287,-0.5662986040115356
int2float,3,174,0.004962671747530185,-0.0019228291375811835,-0.0589214563369751
int2float,4,174,0.013895950114181384,0.05876901481436066,-1.3808923959732056
int2float,5,174,0.004629420025544249,-0.0008200736767074029,-0.11165940761566162
int2float,6,174,0.004525829195437585,0.0018451912358799644,-0.21339130401611328
int2float,7,174,0.010628948345408389,0.025719665490563925,-1.0910221934318542
int2float,8,174,0.005885347869517318,0.015713907271426575,-0.7287826538085938
int2float,9,174,0.007285385421832588,0.01408479839206507,-0.6636991500854492
int2float,0,175,0.0023921383813818586,0.008450220345194742,-0.16893720626831055
int2float,1,175,0.02005161054051182,0.03460352080213833,-1.482372671365738
int2float,2,175,0.007027720252929456,0.004729452459476716,-0.5527702569961548
int2float,3,175,0.005010498320892669,-0.001981688478806462,-0.05587148666381836
int2float,4,175,0.014013071470652262,0.06107959199069331,-1.4057855606079102
int2float,5,175,0.004752890046512831,-0.0006887989456970944,-0.12104129791259766
int2float,6,175,0.004550530850712636,0.0019060343600659224,-0.2158123254776001
int2float,7,175,0.010669403325817596,0.02607776894223006,-1.1121412515640259
int2float,8,175,0.005906471018872372,0.015616436940959974,-0.7362967729568481
int2float,9,175,0.007505606055552706,0.013965875121795854,-0.7134944200515747
int2float,0,176,0.002530551466571093,0.0086739664224572,-0.16838979721069336
int2float,1,176,0.02025276696164923,0.034493466691724026,-1.4860941767692566
int2float,2,176,0.006972495802384196,0.004702938195905282,-0.5435894727706909
int2float,3,176,0.0050574195186266074,-0.0020265227745196596,-0.05270099639892578
int2float,4,176,0.014122300073214883,0.0635548656292076,-1.4250223636627197
int2float,5,176,0.0048276139467597,-0.000578003008674291,-0.12722516059875488
int2float,6,176,0.00465172281809198,0.0019428752856101295,-0.22589337825775146
int2float,7,176,0.010709815257762607,0.026526558218252783,-1.1302135586738586
int2float,8,176,0.005946003479592149,0.015589540442990449,-0.743964433670044
int2float,9,176,0.007715906203910675,0.013963975729915715,-0.7499773502349854
int2float,0,177,0.002664083289341687,0.008877325107123399,-0.17306184768676758
int2float,1,177,0.020438242026810785,0.03440379634059404,-1.489151954650879
int2float,2,177,0.006953070560015956,0.0047677552390458094,-0.5421320199966431
int2float,3,177,0.00510004358295147,-0.002076766675626923,-0.05470633506774902
int2float,4,177,0.014226890146243856,0.06617249159880895,-1.4401298463344574
int2float,5,177,0.004943178216503932,-0.0004655809122875859,-0.1381291151046753
int2float,6,177,0.004676485057650476,0.0020275349448351937,-0.2266840934753418
int2float,7,177,0.010785971432769631,0.026906383071693157,-1.1583248376846313
int2float,8,177,0.005962062085367481,0.015726251998513283,-0.7465198040008545
int2float,9,177,0.007911974305431592,0.013967936893175048,-0.7828400135040283
int2float,0,178,0.002799476538846782,0.009091658291735347,-0.1761389970779419
int2float,1,178,0.020609924540552868,0.034337351459791415,-1.4915686547756195
int2float,2,178,0.00697026732773167,0.004733165869289263,-0.5493080615997314
int2float,3,178,0.005172519372294189,-0.002118042582738053,-0.057398080825805664
int2float,4,178,0.01432328731241126,0.06891685705685434,-1.4519824087619781
int2float,5,178,0.005051440174803738,-0.00038086796437414305,-0.1507892608642578
int2float,6,178,0.004693801366044567,0.0022234196401701017,-0.22610259056091309
int2float,7,178,0.01085153267444209,0.02722894957005889,-1.183630883693695
int2float,8,178,0.0059767494522889875,0.015804118939893516,-0.7501684427261353
int2float,9,178,0.008094165263094928,0.013977529667485653,-0.8141010999679565
int2float,0,179,0.002910937837503333,0.009347879656613614,-0.17744088172912598
int2float,1,179,0.02076627606791745,0.03428822997253371,-1.4938962161540985
int2float,2,179,0.006960877975359624,0.004646887594709867,-0.5380702018737793
int2float,3,179,0.005245634028083111,-0.0021471399485738923,-0.06041312217712402
int2float,4,179,0.014416021346514027,0.07149523257106068,-1.4611691534519196
int2float,5,179,0.005150138171822492,-0.0002590980202881593,-0.1633392572402954
int2float,6,179,0.004812183633412771,0.0023781415102239606,-0.23729252815246582
int2float,7,179,0.010956796981709767,0.027500775652668147,-1.218746304512024
int2float,8,179,0.006016249166184762,0.015845775009134838,-0.7630491256713867
int2float,9,179,0.008258462425159763,0.013994800862766665,-0.8380351066589355
int2float,0,180,0.0029913338037837467,0.009583254864833704,-0.17902612686157227
int2float,1,180,0.0209238469633152,0.03423633994978072,-1.4968836307525635
int2float,2,180,0.006949356933451965,0.004575916385733639,-0.526758074760437
int2float,3,180,0.005271633009023648,-0.002072804264036207,-0.06385195255279541
int2float,4,180,0.014505089551436173,0.07418776331741332,-1.4684952199459076
int2float,5,180,0.0052422508502351015,-0.00015487269257560832,-0.1753089427947998
int2float,6,180,0.004967244065270493,0.002552951739173359,-0.250616192817688
int2float,7,180,0.011055731989607992,0.02788458131547769,-1.2488163113594055
int2float,8,180,0.00603052395103032,0.015802456358327888,-0.7670235633850098
int2float,9,180,0.008390576702203237,0.014094625652510753,-0.8514307737350464
int2float,0,181,0.0030628594560729305,0.009804083459304738,-0.1786339282989502
int2float,1,181,0.021065915750328755,0.03420622038632744,-1.4990080296993256
int2float,2,181,0.0069356399374580074,0.004518772950356173,-0.5153981447219849
int2float,3,181,0.005264520421574957,-0.0020536646585466445,-0.06803274154663086
int2float,4,181,0.01458990693469768,0.0769726641726419,-1.4743574559688568
int2float,5,181,0.00533688079482398,-8.42061062775179e-05,-0.18635106086730957
int2float,6,181,0.005110774678514313,0.0027226006749966475,-0.2631748914718628
int2float,7,181,0.011154987195902896,0.028193102793360944,-1.2779910564422607
int2float,8,181,0.006042077789028127,0.0157442618834156,-0.7714734077453613
int2float,9,181,0.008493266528719443,0.014084531034214753,-0.8562257289886475
int2float,0,182,0.003132462295692265,0.0099900294853386,-0.17848002910614014
int2float,1,182,0.021196382056515403,0.03421266404295356,-1.500228077173233
int2float,2,182,0.0068694854406584,0.0045152676529974095,-0.49298226833343506
int2float,3,182,0.0052414477693284375,-0.0020252330006096525,-0.06942296028137207
int2float,4,182,0.01466969542125391,0.07983708882647285,-1.4790791273117065
int2float,5,182,0.0054725519930568026,-9.841321505651979e-06,-0.20174479484558105
int2float,6,182,0.005281889529875031,0.0029024658636728484,-0.28017401695251465
int2float,7,182,0.011247543547122839,0.028475933775100576,-1.303976595401764
int2float,8,182,0.006067313170472335,0.015731964622402464,-0.7817600965499878
int2float,9,182,0.008578929596530997,0.01408984934040447,-0.859619140625
int2float,0,183,0.0032294263075308277,0.010203233894871863,-0.17803502082824707
int2float,1,183,0.02132142084873638,0.034238504677710585,-1.502359926700592
int2float,2,183,0.006806696961519615,0.004509430688316787,-0.46805810928344727
int2float,3,183,0.005215216857766353,-0.0019742583547276704,-0.07250475883483887
int2float,4,183,0.014754880148012295,0.08242307118751498,-1.4830764532089233
int2float,5,183,0.005569462131181854,4.726589866230202e-05,-0.21117663383483887
int2float,6,183,0.005439186097925985,0.003070503683046802,-0.2961636781692505
int2float,7,183,0.011343218440331454,0.02870962115359972,-1.3299936056137085
int2float,8,183,0.006073081071739081,0.01560000701842977,-0.7847546339035034
int2float,9,183,0.008619894541052067,0.014034696661595097,-0.8511766195297241
int2float,0,184,0.0033355481758840233,0.010437838089927279,-0.17615056037902832
int2float,1,184,0.021436767859198708,0.03428140895705899,-1.5044353008270264
int2float,2,184,0.006775380265397139,0.004503956674785398,-0.45277082920074463
int2float,3,184,0.005180830566979287,-0.0019494825368235047,-0.0772397518157959
int2float,4,184,0.014838313013273312,0.08495964691837389,-1.4865822494029999
int2float,5,184,0.005632502004337306,4.4524187007469185e-05,-0.21487081050872803
int2float,6,184,0.005630805247782103,0.0032455675267876877,-0.31809699535369873
int2float,7,184,0.01143102640087272,0.029068014846165863,-1.351660132408142
int2float,8,184,0.006078882320818629,0.015529683608065004,-0.7866336107254028
int2float,9,184,0.008647354082953071,0.013999663823457922,-0.8428981304168701
int2float,0,185,0.0034410237658843434,0.010687447805731318,-0.17481637001037598
int2float,1,185,0.02154105185372948,0.03432926532046689,-1.506680279970169
int2float,2,185,0.006743210743281186,0.004503842309789632,-0.43794500827789307
int2float,3,185,0.005167066048823353,-0.001928495454341414,-0.08226573467254639
int2float,4,185,0.014900052750518394,0.08719517473244696,-1.486030399799347
int2float,5,185,0.005682550271366091,3.105384416476897e-05,-0.21691274642944336
int2float,6,185,0.00580753706217154,0.003412503661494787,-0.33870625495910645
int2float,7,185,0.011520264870773879,0.0293791225187114,-1.3716631531715393
int2float,8,185,0.006089296800111624,0.01543246429555599,-0.7906488180160522
int2float,9,185,0.008669311859258018,0.01398406666026425,-0.8350614309310913
int2float,0,186,0.00353863246237289,0.010898425421687882,-0.17444384098052979
int2float,1,186,0.02163133172711565,0.034386087906703444,-1.5079684555530548
int2float,2,186,0.006773879829497613,0.004502528894147206,-0.43293917179107666
int2float,3,186,0.005107244451864716,-0.001913083911067398,-0.08958745002746582
int2float,4,186,0.014957687654282438,0.08942810515081612,-1.4851115942001343
int2float,5,186,0.005773517705209473,3.1712832907385136e-05,-0.22280550003051758
int2float,6,186,0.0059688829298963075,0.003566960287155266,-0.35751044750213623
int2float,7,186,0.011601420806221632,0.02967050496540531,-1.3898398876190186
int2float,8,186,0.005992173074293158,0.015325972694676046,-0.7714695930480957
int2float,9,186,0.008672544148595009,0.014067900651007617,-0.8197128772735596
int2float,0,187,0.0036309639450260722,0.011082078616671542,-0.17488551139831543
int2float,1,187,0.021715447704445806,0.034442878484045286,-1.5095302909612656
int2float,2,187,0.006832647296410525,0.004448675901960561,-0.43303382396698
int2float,3,187,0.005092887930233415,-0.0019368562084531304,-0.09470033645629883
int2float,4,187,0.015009955435253984,0.09168300178238284,-1.4838704764842987
int2float,5,187,0.005825645030335953,-6.063195892329343e-05,-0.22697854042053223
int2float,6,187,0.006098836495916367,0.003855516141058224,-0.3766704797744751
int2float,7,187,0.011674875577178424,0.02993591284918279,-1.4064130783081055
int2float,8,187,0.005988309227240932,0.015068541011444087,-0.7783547639846802
int2float,9,187,0.008633627261622853,0.014144994123324164,-0.8027424812316895
int2float,0,188,0.0037200047949738635,0.011262122014624065,-0.1764078140258789
int2float,1,188,0.021798003431546878,0.03449421100304194,-1.5124865919351578
int2float,2,188,0.006899074572228402,0.004479981735567851,-0.43356776237487793
int2float,3,188,0.005092344613754116,-0.0019526865533442544,-0.09685349464416504
int2float,4,188,0.015059643110994378,0.09414697094006977,-1.4823271036148071
int2float,5,188,0.005903350586252902,-0.00011077113742981315,-0.2358403205871582
int2float,6,188,0.006226041715693041,0.004191724813363662,-0.39844179153442383
int2float,7,188,0.011709083752214702,0.030446244707520803,-1.4168369472026825
int2float,8,188,0.005969309225069067,0.014899567143278322,-0.7734984159469604
int2float,9,188,0.008586365698796304,0.01423282448810248,-0.7859991788864136
int2float,0,189,0.003809831257958765,0.011327232570056925,-0.1778630018234253
int2float,1,189,0.021872376307942698,0.03452206492072049,-1.5153107047080994
int2float,2,189,0.006960823979861197,0.004512135197459341,-0.4339911937713623
int2float,3,189,0.005122587335345048,-0.0020221729103956643,-0.09715151786804199
int2float,4,189,0.015108671079589499,0.09683051109581801,-1.4803849160671234
int2float,5,189,0.006031714938244122,-0.0001638942139478572,-0.24887025356292725
int2float,6,189,0.006297729285007873,0.004627832326602355,-0.41021013259887695
int2float,7,189,0.011724394419986552,0.030949630795918268,-1.4231222867965698
int2float,8,189,0.005879604243343481,0.014644779179593476,-0.750201940536499
int2float,9,189,0.008526569305750062,0.014416129489190438,-0.7671445608139038
int2float,0,190,0.0038722877224911106,0.011423978443322214,-0.17804384231567383
int2float,1,190,0.021955093769920143,0.03450707321203056,-1.518153727054596
int2float,2,190,0.007027719363953931,0.004629360012617975,-0.4334529638290405
int2float,3,190,0.005155649539592078,-0.002099964574460919,-0.09901070594787598
int2float,4,190,0.015154922376204132,0.09934820467127906,-1.477688580751419
int2float,5,190,0.0061400546007898335,-0.00016934396265862184,-0.25658535957336426
int2float,6,190,0.006367999982989772,0.0050193149760392325,-0.4205360412597656
int2float,7,190,0.01174108065804847,0.03139264844304132,-1.429329752922058
int2float,8,190,0.005779661844251202,0.014398318520222317,-0.7174166440963745
int2float,9,190,0.008682013707637395,0.014650478149573445,-0.7818900346755981
int2float,0,191,0.003917233368683493,0.011587643693025132,-0.17793381214141846
int2float,1,191,0.02203470344036787,0.03448087240036543,-1.5214738696813583
int2float,2,191,0.0070925994412814955,0.004736325319034021,-0.4324965476989746
int2float,3,191,0.005216985348084728,-0.0021682690658264975,-0.09855008125305176
int2float,4,191,0.015198421051540102,0.10213487020517291,-1.4746403992176056
int2float,5,191,0.006223540477780003,-0.00022336119338114968,-0.2612900733947754
int2float,6,191,0.00652754293762383,0.005284681591672016,-0.44474875926971436
int2float,7,191,0.011724595795354252,0.03207103289948253,-1.430547684431076
int2float,8,191,0.005722757315810928,0.01417952119070695,-0.7004674673080444
int2float,9,191,0.008826687063041738,0.014971695805740454,-0.7940399646759033
int2float,0,192,0.003962917649798253,0.01162021764647049,-0.179579496383667
int2float,1,192,0.022123884077419678,0.03443745704329776,-1.5250741988420486
int2float,2,192,0.007158732317170437,0.0049451740996663,-0.4258737564086914
int2float,3,192,0.0053110447762688695,-0.002198096993277582,-0.1001884937286377
int2float,4,192,0.015236929680882812,0.10518107402026808,-1.4711535274982452
int2float,5,192,0.006310108474851313,-0.0003118176619423818,-0.2700153589248657
int2float,6,192,0.006738501685415434,0.0055100286438545115,-0.47533416748046875
int2float,7,192,0.011709513083496513,0.032663549347144216,-1.4321906566619873
int2float,8,192,0.005654169227167549,0.014034329881135246,-0.6789391040802002
int2float,9,192,0.008956033488474277,0.015282214706800926,-0.8043836355209351
int2float,0,193,0.00402486910208201,0.011667738514405238,-0.1812443733215332
int2float,1,193,0.022206751154686746,0.034386304674392534,-1.5285058319568634
int2float,2,193,0.007275385226380618,0.005217605565964845,-0.4280346632003784
int2float,3,193,0.005423374124637968,-0.0022397433533901667,-0.1018134355545044
int2float,4,193,0.015272540491648265,0.10846358511048734,-1.4671594202518463
int2float,5,193,0.006336158860212354,-0.0003953648364492801,-0.273423433303833
int2float,6,193,0.007046789571094801,0.0057011303524867885,-0.5201396942138672
int2float,7,193,0.011697893216648284,0.033175597662590595,-1.4343624413013458
int2float,8,193,0.005592333000888461,0.013914287342915638,-0.6596312522888184
int2float,9,193,0.00907762743481777,0.01554980268011312,-0.8133565187454224
int2float,0,194,0.0040950044803120395,0.01162944709540395,-0.1832026243209839
int2float,1,194,0.022280606365953762,0.034332568569659355,-1.5314914137125015
int2float,2,194,0.007407353143676271,0.005552030008869668,-0.43227434158325195
int2float,3,194,0.0055487517512061435,-0.002254879325921555,-0.10999464988708496
int2float,4,194,0.015302288873109152,0.11196192922407447,-1.462611436843872
int2float,5,194,0.006341477128336291,-0.0005140181931977683,-0.27779245376586914
int2float,6,194,0.007317247503874823,0.006032160086841168,-0.5566244125366211
int2float,7,194,0.011689651261992375,0.033607750169401235,-1.4371841847896576
int2float,8,194,0.005521726135333346,0.013800687756276533,-0.6426709890365601
int2float,9,194,0.009180755634205957,0.01580605842105036,-0.8210185766220093
int2float,0,195,0.00415799845384017,0.011642227258003818,-0.18549978733062744
int2float,1,195,0.022348943596073666,0.0342780818819621,-1.5341812372207642
int2float,2,195,0.007488639832681304,0.005956052428336203,-0.43884801864624023
int2float,3,195,0.005627736577176294,-0.0023305476141120968,-0.11785554885864258
int2float,4,195,0.015329450797325367,0.11564591801735652,-1.4574835300445557
int2float,5,195,0.0063866700300604165,-0.0006254483542690314,-0.28260064125061035
int2float,6,195,0.007549725052480347,0.006423512679585741,-0.5840897560119629
int2float,7,195,0.011681735385219529,0.033972713203276925,-1.440539836883545
int2float,8,195,0.005399330272815958,0.01362967000434917,-0.6152747869491577
int2float,9,195,0.009314968604698208,0.016142712134651835,-0.8483794927597046
int2float,0,196,0.004210449551854983,0.011678851801868187,-0.1874706745147705
int2float,1,196,0.02241344580621111,0.034228479123325384,-1.5369223356246948
int2float,2,196,0.007619841550039572,0.006423645047460028,-0.4497380256652832
int2float,3,196,0.0057023679086013815,-0.002380178867831026,-0.1245269775390625
int2float,4,196,0.015354236763605748,0.11948463001914539,-1.4516609907150269
int2float,5,196,0.006452333886752641,-0.0007321544690816473,-0.2881495952606201
int2float,6,196,0.007747221957333579,0.006696684504897368,-0.6069271564483643
int2float,7,196,0.011662000102428322,0.034331068021992095,-1.4407979846000671
int2float,8,196,0.005281744780093439,0.013514481839222436,-0.5870698690414429
int2float,9,196,0.009429488924897873,0.01654007835427168,-0.871182918548584
int2float,0,197,0.004250403511700765,0.011759967885105665,-0.18960940837860107
int2float,1,197,0.022475524171198455,0.0341736402551011,-1.5403835773468018
int2float,2,197,0.007705874974400735,0.006850080492416241,-0.45448219776153564
int2float,3,197,0.005762765661073921,-0.002484894852825034,-0.1324399709701538
int2float,4,197,0.015398304942156875,0.12295446441804395,-1.4460506439208984
int2float,5,197,0.006499424558478975,-0.0008364315337248407,-0.2916390895843506
int2float,6,197,0.007920443381710739,0.006944507406015113,-0.6258281469345093
int2float,7,197,0.011640139561748045,0.03464229104418816,-1.4416161179542542
int2float,8,197,0.005166127069321208,0.013460944470360434,-0.5613393783569336
int2float,9,197,0.009530032516630538,0.016908837006737037,-0.8881757855415344
int2float,0,198,0.004301987717575562,0.011858868121633892,-0.1943516731262207
int2float,1,198,0.0225276359818688,0.03411002720060721,-1.542976200580597
int2float,2,198,0.007768365548351273,0.007221134699122528,-0.44854629039764404
int2float,3,198,0.0058204089332658596,-0.0026142026817843472,-0.14139246940612793
int2float,4,198,0.015435922716643811,0.1262535527123651,-1.4398692548274994
int2float,5,198,0.006525047898157735,-0.0009381716452357136,-0.28947997093200684
int2float,6,198,0.008078506942209365,0.007167542252619119,-0.6429382562637329
int2float,7,198,0.011605396374568852,0.03498664559096751,-1.4397090375423431
int2float,8,198,0.005090936997947645,0.013411972086184484,-0.5457279682159424
int2float,9,198,0.009616793078725962,0.01734002185228431,-0.9027952551841736
int2float,0,199,0.00434784195061097,0.011953083123979177,-0.19863903522491455
int2float,1,199,0.02257464608990893,0.03405972663409963,-1.5454176664352417
int2float,2,199,0.007855917645813004,0.007630350179801945,-0.452178955078125
int2float,3,199,0.005866548502926165,-0.002729102828012739,-0.14954638481140137
int2float,4,199,0.015469895547331823,0.12938871510937172,-1.4330299496650696
int2float,5,199,0.006549214629376673,-0.0010121723043286374,-0.2872786521911621
int2float,6,199,0.008297347460632772,0.007300117174232165,-0.6704425811767578
int2float,7,199,0.011445746707579078,0.035224740865975934,-1.423057734966278
int2float,8,199,0.005023897722302495,0.013481373985715694,-0.5313830375671387
int2float,9,199,0.009645604961492346,0.017579393960176937,-0.8937644362449646
int2float,0,200,0.004368492895359052,0.012053280982680048,-0.19924890995025635
int2float,1,200,0.02269639165490727,0.03405398151110682,-1.5525999814271927
int2float,2,200,0.007942935584581721,0.007985061383952954,-0.43674564361572266
int2float,3,200,0.005950673010236128,-0.002850011906193009,-0.1548464298248291
int2float,4,200,0.015498264588359463,0.13238656241376018,-1.425288438796997
int2float,5,200,0.006679799172163103,-0.0010857096486617535,-0.29599475860595703
int2float,6,200,0.008427268345101567,0.007493947544505136,-0.6653722524642944
int2float,7,200,0.011303625439302585,0.03544078272401237,-1.4083396792411804
int2float,8,200,0.004983674044345673,0.01359371945608015,-0.5191361904144287
int2float,9,200,0.009677058498926173,0.017884044575439684,-0.8887383341789246
int2float,0,201,0.004383574913167931,0.01213254302394734,-0.1991739273071289
int2float,1,201,0.02280053402417203,0.03401529387835907,-1.5582564622163773
int2float,2,201,0.008057889612589873,0.008314117603729798,-0.428439736366272
int2float,3,201,0.006028224386205261,-0.002961839439370645,-0.15949702262878418
int2float,4,201,0.015522489506089927,0.13549310891268265,-1.416434109210968
int2float,5,201,0.006791866455600808,-0.0011457598098493643,-0.3022052049636841
int2float,6,201,0.008364400796493476,0.007452571305995442,-0.6343307495117188
int2float,7,201,0.011172697415335012,0.03564423351433044,-1.39534592628479
int2float,8,201,0.00498104598155133,0.013709601199911381,-0.516633152961731
int2float,9,201,0.009706100953372529,0.018176365512099016,-0.8843481540679932
int2float,0,202,0.0043977491140538005,0.012206595791231442,-0.1991262435913086
int2float,1,202,0.022903667194109065,0.03395365848115889,-1.5648351162672043
int2float,2,202,0.008199418796892996,0.008622039181192406,-0.43036389350891113
int2float,3,202,0.006055724941465328,-0.003081898303996508,-0.16005730628967285
int2float,4,202,0.015545821871786124,0.13838882011504622,-1.4076290726661682
int2float,5,202,0.006912375063280296,-0.0012083827044687412,-0.32001590728759766
int2float,6,202,0.00828250434807213,0.007369548907311757,-0.6030863523483276
int2float,7,202,0.011026088147969071,0.036173520121083574,-1.3793794512748718
int2float,8,202,0.0049672447933037794,0.013801773558999197,-0.5149792432785034
int2float,9,202,0.009741697752406173,0.018446350543724954,-0.8814812898635864
int2float,0,203,0.004394407777391904,0.01237925320267888,-0.19773602485656738
int2float,1,203,0.022999514134849686,0.033856583855970304,-1.5708553493022919
int2float,2,203,0.008317817709897111,0.008921098656527057,-0.4230625629425049
int2float,3,203,0.0060134882763447015,-0.0031811841774885274,-0.15078222751617432
int2float,4,203,0.015631652605240395,0.14109174316833792,-1.4260196685791016
int2float,5,203,0.0070224396767040245,-0.0011782346483657363,-0.33426690101623535
int2float,6,203,0.008242731601687606,0.007214436436122698,-0.5819398164749146
int2float,7,203,0.010899197571854535,0.0366667298341391,-1.3655351400375366
int2float,8,203,0.00488951507927525,0.013935654069389139,-0.4973527193069458
int2float,9,203,0.009768228899020487,0.01871050369707844,-0.8782212734222412
int2float,0,204,0.004445610605215561,0.012579973402635433,-0.19881963729858398
int2float,1,204,0.02308972803754799,0.03372464615365307,-1.5772726982831955
int2float,2,204,0.008377820560889565,0.009209237999366113,-0.406899094581604
int2float,3,204,0.005979736567987233,-0.003249610896878183,-0.15098369121551514
int2float,4,204,0.015712635903079128,0.14361856868066286,-1.4410491287708282
int2float,5,204,0.007131663684933974,-0.001149843705025369,-0.34773409366607666
int2float,6,204,0.008192604256205535,0.007126593344339516,-0.5561755895614624
int2float,7,204,0.010786556068356365,0.03728527650082486,-1.3517547845840454
int2float,8,204,0.0048594899845998685,0.014053850024027592,-0.48927807807922363
int2float,9,204,0.009786332362291747,0.018963640447126257,-0.875261127948761
int2float,0,205,0.004485862076772679,0.012776590474918914,-0.19826865196228027
int2float,1,205,0.023176506113227913,0.0335609578161927,-1.5839022248983383
int2float,2,205,0.008417789817350786,0.009489386884936557,-0.38906407356262207
int2float,3,205,0.005978715604710992,-0.0033170788252154804,-0.1528308391571045
int2float,4,205,0.01576195827567632,0.1463443165593688,-1.447100281715393
int2float,5,205,0.0072364006331618255,-0.0011237730803473206,-0.36041462421417236
int2float,6,205,0.008137960682839396,0.007248911197069469,-0.5380926132202148
int2float,7,205,0.010695859509792342,0.0378589642744782,-1.3396419286727905
int2float,8,205,0.004832771428773655,0.014297774976010993,-0.481514573097229
int2float,9,205,0.00982134468903749,0.01918890472157439,-0.8749711513519287
int2float,0,206,0.004522752915430819,0.012845725675122224,-0.19956910610198975
int2float,1,206,0.023284626449667077,0.03337589817196851,-1.5910475701093674
int2float,2,206,0.008448600319131909,0.00974052366647378,-0.3784770965576172
int2float,3,206,0.006003838058992475,-0.003388741042335247,-0.15699362754821777
int2float,4,206,0.01583315784167913,0.14875774032619749,-1.452232003211975
int2float,5,206,0.007383674816560444,-0.0011003965392699655,-0.3806571960449219
int2float,6,206,0.008063540232212972,0.007416473485119868,-0.5169068574905396
int2float,7,206,0.010613352850395899,0.03838143728775621,-1.3290727138519287
int2float,8,206,0.004814889631353028,0.01449940666564653,-0.4751408100128174
int2float,9,206,0.009883962010990406,0.019482361713722043,-0.8774423003196716
int2float,0,207,0.0046122447468174566,0.012911578262369883,-0.20532965660095215
int2float,1,207,0.02338602808041146,0.03316664421925168,-1.5979285687208176
int2float,2,207,0.008460997323657127,0.010077965986600504,-0.3610726594924927
int2float,3,207,0.006092190649977916,-0.003388842509956566,-0.16324400901794434
int2float,4,207,0.015899277965705443,0.15166510427145796,-1.4557008147239685
int2float,5,207,0.007536782112250624,-0.0010875263210125552,-0.39989638328552246
int2float,6,207,0.00800388598509174,0.007494836493767074,-0.4843723773956299
int2float,7,207,0.010539404008491349,0.03902401733524136,-1.3183605074882507
int2float,8,207,0.004813161671411839,0.014814767954773503,-0.4701012372970581
int2float,9,207,0.00993272059414372,0.019771688829102005,-0.8788091540336609
int2float,0,208,0.004652539907314929,0.012974081667949042,-0.20646774768829346
int2float,1,208,0.02348555661960583,0.03294741538499281,-1.6050602346658707
int2float,2,208,0.008535824914386807,0.010339168131298815,-0.3598369359970093
int2float,3,208,0.006161680426492747,-0.003388747995166669,-0.16809427738189697
int2float,4,208,0.015955000539465816,0.15496839338013035,-1.4577035307884216
int2float,5,208,0.0075174698672946655,-0.0010814760882453534,-0.3944427967071533
int2float,6,208,0.007948330508034271,0.007506514435588488,-0.4717085361480713
int2float,7,208,0.010472475326564513,0.03977221506560062,-1.3073561787605286
int2float,8,208,0.004863903123088473,0.015067871693889234,-0.4750230312347412
int2float,9,208,0.009962083399279231,0.02013120133777188,-0.8703880906105042
int2float,0,209,0.004713307648778323,0.01309941414357263,-0.2059086561203003
int2float,1,209,0.02357660447378805,0.03273120916167134,-1.6111582219600677
int2float,2,209,0.008588721778337763,0.01044505822981863,-0.3675302267074585
int2float,3,209,0.00626778062175791,-0.003401944915921551,-0.17052721977233887
int2float,4,209,0.016004428199183032,0.15837701701988166,-1.458615005016327
int2float,5,209,0.0074624812321456915,-0.00107227071067853,-0.3830777406692505
int2float,6,209,0.00786843977631664,0.007672700350985717,-0.4547097682952881
int2float,7,209,0.010414227952557843,0.04043690512770183,-1.2980324029922485
int2float,8,209,0.00491376198409213,0.015329658949685646,-0.4803389310836792
int2float,9,209,0.009972412118257404,0.02053768814243709,-0.853171706199646
int2float,0,210,0.0047944728819868665,0.013150250878609424,-0.20700931549072266
int2float,1,210,0.023660859124810793,0.032529604687089014,-1.6167194843292236
int2float,2,210,0.008647576569543534,0.010560331356672253,-0.37743520736694336
int2float,3,210,0.006354823987089239,-0.0034010304285181647,-0.176055908203125
int2float,4,210,0.016046689211146964,0.16181300728182302,-1.458621323108673
int2float,5,210,0.007373590463814653,-0.0010798671045616076,-0.36775124073028564
int2float,6,210,0.007843204153616251,0.007841292235684597,-0.4517371654510498
int2float,7,210,0.010330205754029743,0.041375214059402254,-1.271182656288147
int2float,8,210,0.004944657735134708,0.015398973635420588,-0.47794651985168457
int2float,9,210,0.009981869899878405,0.020901332360809863,-0.8364315032958984
int2float,0,211,0.004867053266112309,0.013199406434428976,-0.20816218852996826
int2float,1,211,0.02373854472114436,0.032361079999755765,-1.6213972866535187
int2float,2,211,0.008667356865534846,0.010615985957199273,-0.377551794052124
int2float,3,211,0.00648461616718559,-0.0033297903299564363,-0.1838977336883545
int2float,4,211,0.01611450066737461,0.16486189348392988,-1.4587627947330475
int2float,5,211,0.007298284080136212,-0.0010792761504257453,-0.35351133346557617
int2float,6,211,0.007807441511215783,0.008056313723562622,-0.4442014694213867
int2float,7,211,0.010253588655293466,0.042381525497166214,-1.2451935410499573
int2float,8,211,0.004965916329503925,0.015550468042585155,-0.47233879566192627
int2float,9,211,0.009988016686215545,0.021253901744849688,-0.821185827255249
int2float,0,212,0.004940407152737122,0.013296350907431795,-0.20989525318145752
int2float,1,212,0.02381010362196352,0.032226679114884776,-1.624951183795929
int2float,2,212,0.008709954901858885,0.010574195588025193,-0.37440621852874756
int2float,3,212,0.006629434701519658,-0.003271578287807969,-0.19125819206237793
int2float,4,212,0.01617420100125918,0.16754736650978325,-1.4580887258052826
int2float,5,212,0.00726372920102146,-0.0010738658786632882,-0.3487532138824463
int2float,6,212,0.007792498010480181,0.008178590607786085,-0.42844879627227783
int2float,7,212,0.010185081217888345,0.043104486049311386,-1.2096052169799805
int2float,8,212,0.005011615021878718,0.01564915994412376,-0.4747283458709717
int2float,9,212,0.00998244528657876,0.02166256495824201,-0.8002375364303589
int2float,0,213,0.005014903794773734,0.013402968747450478,-0.21137261390686035
int2float,1,213,0.02388243246209118,0.032120335314203816,-1.628807008266449
int2float,2,213,0.008761029825563114,0.010548977852337132,-0.37469375133514404
int2float,3,213,0.00673235046522818,-0.0031621018325099226,-0.19363677501678467
int2float,4,213,0.016224960162458155,0.1701052856135457,-1.4566921591758728
int2float,5,213,0.007232585791070292,-0.0010705911112657979,-0.34436047077178955
int2float,6,213,0.007910231351430208,0.008344898114161031,-0.4382542371749878
int2float,7,213,0.010131749082582409,0.04368170432683109,-1.1771125197410583
int2float,8,213,0.005056537484975324,0.01576231913199118,-0.4776468276977539
int2float,9,213,0.009982929454022023,0.02214613450751593,-0.7759512662887573
int2float,0,214,0.005084083263441813,0.01350930757662401,-0.21271121501922607
int2float,1,214,0.02394991962186587,0.03205866712423888,-1.6321054250001907
int2float,2,214,0.00884030217794153,0.010495388781893683,-0.36376214027404785
int2float,3,214,0.006832878213363196,-0.003069451695335207,-0.1941434144973755
int2float,4,214,0.016268482009424094,0.17256764988315426,-1.4545561969280243
int2float,5,214,0.00716657362529096,-0.0011117136155520818,-0.33358824253082275
int2float,6,214,0.007969517734775305,0.008688432128264034,-0.43736398220062256
int2float,7,214,0.01009090855517765,0.04432516092303482,-1.146497905254364
int2float,8,214,0.005103543222323065,0.015928936511039868,-0.48374247550964355
int2float,9,214,0.009965525927215967,0.022655608295962318,-0.7447220087051392
int2float,0,215,0.005160201190795716,0.013621395765495897,-0.21464872360229492
int2float,1,215,0.02400525273757459,0.032050880020770764,-1.6345514059066772
int2float,2,215,0.008900328144169398,0.010462256624092892,-0.3498077392578125
int2float,3,215,0.006928127534645417,-0.002917917268552478,-0.1942150592803955
int2float,4,215,0.016306868165571017,0.1748544754638256,-1.4525218904018402
int2float,5,215,0.007106253635997102,-0.0011509752557709724,-0.3242088556289673
int2float,6,215,0.008093826913919293,0.009056661346673461,-0.44455575942993164
int2float,7,215,0.009908338914654334,0.04469884139951702,-1.1081655025482178
int2float,8,215,0.005175505046401518,0.016044023121289497,-0.49700140953063965
int2float,9,215,0.00995435030179969,0.023225163353359293,-0.7138897180557251
int2float,0,216,0.005185758191770584,0.01383504970670614,-0.21065521240234375
int2float,1,216,0.024063063291044552,0.0320896870517612,-1.6375503242015839
int2float,2,216,0.008981929384689287,0.010513943001819681,-0.3380863666534424
int2float,3,216,0.007013424609622156,-0.0027925420334105194,-0.1971219778060913
int2float,4,216,0.016384780356592382,0.176836267638724,-1.4481987953186035
int2float,5,216,0.0070826575288275295,-0.0011944467826711797,-0.3209167718887329
int2float,6,216,0.008269900977522865,0.009443381553987523,-0.4567129611968994
int2float,7,216,0.009749827867353518,0.04496772313677934,-1.0747388005256653
int2float,8,216,0.005252250498748348,0.01611159763899843,-0.5098370313644409
int2float,9,216,0.009939584318880729,0.023622356566747327,-0.6809957027435303
int2float,0,217,0.0052197079371971156,0.014043801001426742,-0.20753216743469238
int2float,1,217,0.024117031851148343,0.032170532292011236,-1.6407331079244614
int2float,2,217,0.009108764657883642,0.010654033470474625,-0.33166348934173584
int2float,3,217,0.0070953053942001965,-0.0026681019131277323,-0.20360052585601807
int2float,4,217,0.016649215233802778,0.17824767894059068,-1.4548130333423615
int2float,5,217,0.007065776658086852,-0.0012324151032340191,-0.31779277324676514
int2float,6,217,0.008407902078860968,0.009942225683232081,-0.4635227918624878
int2float,7,217,0.009611023649319643,0.045350669604170474,-1.0445365905761719
int2float,8,217,0.005325723684833833,0.01613842230336006,-0.5220433473587036
int2float,9,217,0.009974958584435985,0.024017272799276096,-0.6567867994308472
int2float,0,218,0.005234225609350149,0.014249350441869438,-0.20191049575805664
int2float,1,218,0.024167430462381352,0.032288927766859266,-1.6436344534158707
int2float,2,218,0.009184932004869417,0.010791117819558813,-0.3159693479537964
int2float,3,218,0.00719697466557144,-0.002482840202565645,-0.20853042602539062
int2float,4,218,0.016887134679912257,0.1801274956107683,-1.4593358933925629
int2float,5,218,0.007052281954391948,-0.0012659848685629138,-0.3151589632034302
int2float,6,218,0.008442303125466205,0.010357969864354666,-0.45980513095855713
int2float,7,218,0.009519654764497155,0.04564420105489635,-1.0267314314842224
int2float,8,218,0.005398443576766679,0.016125327004642226,-0.53435218334198
int2float,9,218,0.01002504827819374,0.024396614731025765,-0.6375923156738281
int2float,0,219,0.005269202694184488,0.01449047703827916,-0.1984572410583496
int2float,1,219,0.02421464051639955,0.03243924319498484,-1.6467026472091675
int2float,2,219,0.009285539553168388,0.010930791373667162,-0.305985689163208
int2float,3,219,0.007290218986445295,-0.002302271170376277,-0.2099933624267578
int2float,4,219,0.01710591508060253,0.1818894332330151,-1.4631203413009644
int2float,5,219,0.007070244903265369,-0.0012993012540207516,-0.3145616054534912
int2float,6,219,0.008421259784118805,0.010514729921444088,-0.4507042169570923
int2float,7,219,0.009427742504968376,0.045867099663667935,-1.0113323330879211
int2float,8,219,0.005492440858860553,0.016221461759947,-0.5498884916305542
int2float,9,219,0.010064112073631434,0.024777492832744025,-0.6189532279968262
int2float,0,220,0.005367476789327946,0.014763647033132765,-0.1998063325881958
int2float,1,220,0.02425859862170239,0.03261004102234098,-1.6495288610458374
int2float,2,220,0.009318862702073709,0.011068115875497414,-0.29305005073547363
int2float,3,220,0.007383531865992478,-0.002134655913468675,-0.20990633964538574
int2float,4,220,0.017300767426888693,0.18413788457103888,-1.464855670928955
int2float,5,220,0.0070222747358617,-0.0013294067791513597,-0.3065868616104126
int2float,6,220,0.008364736364155058,0.010622484566792337,-0.4393770694732666
int2float,7,220,0.009348823834066829,0.04603860651595389,-0.9978089928627014
int2float,8,220,0.00561506317784069,0.016281443677360993,-0.5734553337097168
int2float,9,220,0.01008325745987134,0.025217342426108583,-0.6075960397720337
int2float,0,221,0.005457849924909247,0.015019367462085001,-0.20108091831207275
int2float,1,221,0.024292386324514137,0.03278825430580316,-1.6509333848953247
int2float,2,221,0.009324999255693779,0.01127884676428259,-0.27633631229400635
int2float,3,221,0.00742587739005298,-0.0020644252613745834,-0.2109050750732422
int2float,4,221,0.01746960221395242,0.18680763138715284,-1.4645892977714539
int2float,5,221,0.007018906779459218,-0.001325699294517299,-0.3038872480392456
int2float,6,221,0.008286385147277413,0.010806374710052163,-0.42923712730407715
int2float,7,221,0.009293068270484504,0.046022867523009686,-0.9931291937828064
int2float,8,221,0.005653741358519801,0.016153571794408836,-0.5734699964523315
int2float,9,221,0.010113335748941583,0.025509765497953946,-0.6006488800048828
int2float,0,222,0.00561329907108736,0.01536979370367067,-0.20858335494995117
int2float,1,222,0.024324044259002087,0.0329715793697319,-1.6523513048887253
int2float,2,222,0.009235600960813578,0.011351390135073525,-0.26189911365509033
int2float,3,222,0.007466000272098122,-0.0019977504838625953,-0.21188366413116455
int2float,4,222,0.01761414277561677,0.1898284979045604,-1.4622252583503723
int2float,5,222,0.007038827074230279,-0.0013225640937869904,-0.30743587017059326
int2float,6,222,0.008239639241223964,0.011017313594607892,-0.42355239391326904
int2float,7,222,0.009282054030436561,0.04620518341007518,-0.9964732527732849
int2float,8,222,0.005718953243302585,0.016205523064607458,-0.578187108039856
int2float,9,222,0.010181049218806845,0.025810259625023035,-0.60004723072052
int2float,0,223,0.005780032269202429,0.015703096121672783,-0.21791362762451172
int2float,1,223,0.024351073377282206,0.033152755623958044,-1.6532680988311768
int2float,2,223,0.009111818887567062,0.011290566301969104,-0.2563934326171875
int2float,3,223,0.007504265768924094,-0.0019345448402275506,-0.20536208152770996
int2float,4,223,0.01783521903507361,0.19313408956257552,-1.4880404770374298
int2float,5,223,0.007068846653336708,-0.0013171514244334492,-0.3070899248123169
int2float,6,223,0.008199265886070721,0.011158280883861088,-0.4180492162704468
int2float,7,223,0.009396838629710365,0.04657045979294136,-1.0110341310501099
int2float,8,223,0.005766843800847327,0.016216999834684817,-0.5771164894104004
int2float,9,223,0.010243611979587161,0.02616617036282537,-0.6013703346252441
int2float,0,224,0.005932604386591392,0.016009680072041788,-0.22648203372955322
int2float,1,224,0.02437565814421449,0.03332828744053434,-1.6540944427251816
int2float,2,224,0.009028899510565201,0.011230732759183987,-0.25579118728637695
int2float,3,224,0.007652751847027857,-0.0018998105275729593,-0.2040795087814331
int2float,4,224,0.018048589361270267,0.1961975229632354,-1.5089201927185059
int2float,5,224,0.007117981739500907,-0.0013123133883642113,-0.31071484088897705
int2float,6,224,0.008146653000305787,0.011203374300756797,-0.4074589014053345
int2float,7,224,0.0095027135081475,0.04688524858833226,-1.0250993371009827
int2float,8,224,0.00581109592777003,0.01626509718520465,-0.5765030384063721
int2float,9,224,0.01030500348338658,0.026505255767968375,-0.6048409938812256
int2float,0,225,0.006090888126082522,0.016346630957246852,-0.23444736003875732
int2float,1,225,0.02439308606240019,0.03347456793782924,-1.6559373289346695
int2float,2,225,0.008989888432701515,0.011247316187359371,-0.2580143213272095
int2float,3,225,0.007799371575329395,-0.0019008912424431923,-0.20272016525268555
int2float,4,225,0.018237797891642975,0.19945660162239925,-1.5250992476940155
int2float,5,225,0.007186002120554154,-0.001305715678454708,-0.31775426864624023
int2float,6,225,0.008065183288841149,0.011331916429091635,-0.3921670913696289
int2float,7,225,0.009596891274141789,0.04737798967306006,-1.0359166264533997
int2float,8,225,0.005879207956555957,0.016352177465734002,-0.5876977443695068
int2float,9,225,0.010367525816327175,0.026915148009013595,-0.6073839664459229
int2float,0,226,0.006248502875979431,0.016715558008632267,-0.24129629135131836
int2float,1,226,0.024407954531419224,0.03360422251379949,-1.6569871455430984
int2float,2,226,0.008941802772770409,0.011151301558662202,-0.25708162784576416
int2float,3,226,0.007956857452143778,-0.0019303732160957793,-0.20006108283996582
int2float,4,226,0.018414222014854965,0.20247610911415004,-1.537913978099823
int2float,5,226,0.007227723235113358,-0.0012901981890539455,-0.32201969623565674
int2float,6,226,0.007995388747066366,0.011600066354022484,-0.378617525100708
int2float,7,226,0.009660256164082927,0.0475101813925516,-1.0335386991500854
int2float,8,226,0.005940744516766253,0.016389605560848383,-0.5998800992965698
int2float,9,226,0.01040448387193877,0.02732823687404007,-0.6070250272750854
int2float,0,227,0.006438895721283894,0.017111006893555603,-0.25063931941986084
int2float,1,227,0.024423771885243133,0.03371325399598139,-1.6576666086912155
int2float,2,227,0.009002078441254155,0.011071017465406702,-0.269311785697937
int2float,3,227,0.00807522994513668,-0.001935901112467775,-0.19614791870117188
int2float,4,227,0.018576139242068808,0.20527596489822425,-1.54790398478508
int2float,5,227,0.007309082625885893,-0.0012759356412708894,-0.33439648151397705
int2float,6,227,0.00793771766862078,0.011844413249103208,-0.3665248155593872
int2float,7,227,0.009745270834632329,0.04764864115818905,-1.039067804813385
int2float,8,227,0.0061131091017284644,0.016413592597181156,-0.627028226852417
int2float,9,227,0.010356412805048482,0.02779564085468235,-0.5955810546875
int2float,0,228,0.006625933483547827,0.017532215226597758,-0.25882935523986816
int2float,1,228,0.02444077794535783,0.03380603270683474,-1.658246099948883
int2float,2,228,0.00906447925431083,0.010923452896658192,-0.28080761432647705
int2float,3,228,0.008173607244886923,-0.0018672485944071504,-0.1904001235961914
int2float,4,228,0.018720765406087324,0.20803591894878515,-1.5556381046772003
int2float,5,228,0.007336688570732192,-0.0012752897572335942,-0.34185707569122314
int2float,6,228,0.007822004284965448,0.011977786164779514,-0.3492128849029541
int2float,7,228,0.009815451072663794,0.04781147420422094,-1.0433348417282104
int2float,8,228,0.006262614141570311,0.01661610318301905,-0.6482468843460083
int2float,9,228,0.01032281456353746,0.02830383977757024,-0.5869013071060181
int2float,0,229,0.006794873639847654,0.01791891623255909,-0.26559269428253174
int2float,1,229,0.024466002932505393,0.03387998691166791,-1.6599101722240448
int2float,2,229,0.00918047305214649,0.010703133788692781,-0.3006434440612793
int2float,3,229,0.008293246414535764,-0.0018346278730286686,-0.18120133876800537
int2float,4,229,0.018849185148209838,0.21075858181329954,-1.561782032251358
int2float,5,229,0.007331405689468107,-0.0012859004329943552,-0.3427492380142212
int2float,6,229,0.00772115332514061,0.011987974752185673,-0.33537232875823975
int2float,7,229,0.009896407397966621,0.047834769764228915,-1.0541154146194458
int2float,8,229,0.006397673129230938,0.016735465446785447,-0.6753356456756592
int2float,9,229,0.010294788222418423,0.02884295338442837,-0.5803443193435669
int2float,0,230,0.006898413682467797,0.018370226882119756,-0.27247703075408936
int2float,1,230,0.024488706631642203,0.033940009003520635,-1.6612178087234497
int2float,2,230,0.009277758042594564,0.010585731185775021,-0.31497764587402344
int2float,3,230,0.008397365358474004,-0.0018609193324718026,-0.17415285110473633
int2float,4,230,0.018967483608392073,0.21344912474309824,-1.5668878555297852
int2float,5,230,0.0072733366249373155,-0.0012634501107262053,-0.33485352993011475
int2float,6,230,0.007617584049226182,0.012046632244497632,-0.32058095932006836
int2float,7,230,0.009964050995596337,0.0478984675363895,-1.062824547290802
int2float,8,230,0.006557450870708373,0.016810320947020924,-0.7160013914108276
int2float,9,230,0.010276236426412122,0.029410580866709668,-0.57603919506073
int2float,0,231,0.006940592318493324,0.018843967938993275,-0.27904462814331055
int2float,1,231,0.024562784303150176,0.03398865222848245,-1.6639076545834541
int2float,2,231,0.009456326809901675,0.0104560813891241,-0.327548623085022
int2float,3,231,0.008495130595803785,-0.0018078689294440398,-0.17028367519378662
int2float,4,231,0.019073077329231768,0.21628112458100074,-1.5710850059986115
int2float,5,231,0.007177189104792307,-0.0012199215149848591,-0.3220428228378296
int2float,6,231,0.007588941591103189,0.01213764189616208,-0.31522977352142334
int2float,7,231,0.010056192162106674,0.04799975517129092,-1.0782163739204407
int2float,8,231,0.006817160334773434,0.016845919029438133,-0.774470329284668
int2float,9,231,0.010211921693348523,0.029844492826835017,-0.5610189437866211
int2float,0,232,0.006979134658768427,0.019293484633781624,-0.2844752073287964
int2float,1,232,0.02463213376890381,0.034031294483449284,-1.666505865752697
int2float,2,232,0.009660532242575584,0.01026857870131695,-0.33848440647125244
int2float,3,232,0.008573074619926013,-0.0016740019136756573,-0.16913926601409912
int2float,4,232,0.01916741255372279,0.21911977059856835,-1.5746165215969086
int2float,5,232,0.007152602925792659,-0.0011552110489355671,-0.32242679595947266
int2float,6,232,0.007590376280362167,0.012428667745629687,-0.3144305944442749
int2float,7,232,0.010154597840041232,0.0481651459759696,-1.0914580821990967
int2float,8,232,0.007050379251916733,0.017057804819734748,-0.8244867324829102
int2float,9,232,0.010038823631099009,0.030331198120205682,-0.5329025983810425
int2float,0,233,0.0070194362002555105,0.019704948783992204,-0.2899773120880127
int2float,1,233,0.024701366294088187,0.034053330277403024,-1.6698999851942062
int2float,2,233,0.00991609298636039,0.010035339106648958,-0.35327446460723877
int2float,3,233,0.008593491965522199,-0.0016173550733722397,-0.16632890701293945
int2float,4,233,0.019257631910208628,0.2217362678563234,-1.577265977859497
int2float,5,233,0.007072975804549152,-0.0011331786038764335,-0.3176157474517822
int2float,6,233,0.007585759930900153,0.012762248220636097,-0.31302380561828613
int2float,7,233,0.010238464848651277,0.04836660404418683,-1.102498173713684
int2float,8,233,0.007259906445343661,0.017429005689714547,-0.866529107093811
int2float,9,233,0.009889827524015647,0.03058732510500055,-0.5084824562072754
int2float,0,234,0.007112179350894338,0.01999279990288079,-0.298709511756897
int2float,1,234,0.024762595532118098,0.03406414017934942,-1.6728097796440125
int2float,2,234,0.010100903174581767,0.009814154885025808,-0.3607065677642822
int2float,3,234,0.008590150300142152,-0.0015440207563177794,-0.16493844985961914
int2float,4,234,0.019395053670046278,0.22400073135535697,-1.5805128812789917
int2float,5,234,0.0069823185283347106,-0.0011334481257501278,-0.309789776802063
int2float,6,234,0.007573968049719763,0.012875024699601861,-0.3087494373321533
int2float,7,234,0.010308692840522257,0.04859484260355393,-1.111586570739746
int2float,8,234,0.0074570707006271775,0.017738721411730468,-0.9050750732421875
int2float,9,234,0.009761652512338924,0.03089431861988809,-0.4878711700439453
int2float,0,235,0.007176013351887001,0.020390336517402657,-0.30366766452789307
int2float,1,235,0.02480810873062511,0.03405095357972075,-1.675030142068863
int2float,2,235,0.010296685191527141,0.0095894498413171,-0.36986052989959717
int2float,3,235,0.008598244113440977,-0.0014773410346938104,-0.1656397581100464
int2float,4,235,0.019518907480082982,0.22665903521243252,-1.5832912027835846
int2float,5,235,0.006920121226014771,-0.0011380323432036016,-0.30608856678009033
int2float,6,235,0.0075657721977003545,0.012943362289020321,-0.3054393529891968
int2float,7,235,0.01049964406848871,0.048843017805070554,-1.1300960183143616
int2float,8,235,0.007636676176738244,0.017989687395184376,-0.9402363300323486
int2float,9,235,0.009649636990890595,0.0312587836118091,-0.47109925746917725
int2float,0,236,0.007324682929629331,0.020804143735386096,-0.31642603874206543
int2float,1,236,0.02485022188238467,0.034052626633252675,-1.6769299507141113
int2float,2,236,0.010414101864078658,0.009392269884801449,-0.38115811347961426
int2float,3,236,0.008711542651333379,-0.0014166730883635736,-0.1713961362838745
int2float,4,236,0.019626298658024115,0.22967700362238436,-1.5855696201324463
int2float,5,236,0.006913679704035537,-0.0011455257383008038,-0.31217658519744873
int2float,6,236,0.007553343912170052,0.013060395039192568,-0.30000531673431396
int2float,7,236,0.010716590623210814,0.049292601207477735,-1.1569874286651611
int2float,8,236,0.007866654478612747,0.018247144430606155,-0.9896647930145264
int2float,9,236,0.009563577307376926,0.031282790390631324,-0.4788562059402466
int2float,0,237,0.007580117328292224,0.02118641645934298,-0.339385986328125
int2float,1,237,0.02488139763870533,0.034042444537815936,-1.67841986566782
int2float,2,237,0.01050160999205385,0.009283726135549855,-0.4025782346725464
int2float,3,237,0.008801805792111352,-0.0013252019423520833,-0.18167030811309814
int2float,4,237,0.01972019107043093,0.23300037255952338,-1.5875120162963867
int2float,5,237,0.006912684346616446,-0.0011515326123603814,-0.3168189525604248
int2float,6,237,0.007526015413465502,0.013059500927262255,-0.2909233570098877
int2float,7,237,0.010899593995018525,0.04968945481409649,-1.1632000207901
int2float,8,237,0.008290889565998896,0.01869511686435764,-1.0615593194961548
int2float,9,237,0.009508385093096684,0.031092801048284463,-0.48094022274017334
int2float,0,238,0.007820754682344375,0.021526158316336613,-0.36067235469818115
int2float,1,238,0.024904330719100136,0.034051517960952,-1.679074488580227
int2float,2,238,0.010653837288638425,0.009323467095298452,-0.4279952049255371
int2float,3,238,0.008863585820751647,-0.0012308933410887651,-0.19112873077392578
int2float,4,238,0.01980477437104846,0.23656596125396992,-1.5891352891921997
int2float,5,238,0.006912355787768082,-0.0011558695057944102,-0.320637583732605
int2float,6,238,0.007504187833356282,0.01313716341338858,-0.282626748085022
int2float,7,238,0.011023355056786137,0.05021751211717103,-1.1570364832878113
int2float,8,238,0.008688733852993624,0.019139268478709545,-1.1231154203414917
int2float,9,238,0.009462703799499345,0.030927231092616567,-0.4720381498336792
int2float,0,239,0.008064015947745085,0.022007281980218965,-0.37996625900268555
int2float,1,239,0.024923970265436322,0.034063952185192925,-1.6797846779227257
int2float,2,239,0.010787046807805477,0.009339067373350232,-0.4633709192276001
int2float,3,239,0.00894221247011015,-0.0011501635182813302,-0.201460599899292
int2float,4,239,0.01987736343986425,0.2398934699953204,-1.590288668870926
int2float,5,239,0.00691675350974176,-0.0011590710393167003,-0.32365500926971436
int2float,6,239,0.00748703833050654,0.013178654775800464,-0.27440595626831055
int2float,7,239,0.011202977974606947,0.05088820399836397,-1.1708776950836182
int2float,8,239,0.009057941209562659,0.01957921191901181,-1.1758917570114136
int2float,9,239,0.009446255563170018,0.030912752875804306,-0.4669785499572754
int2float,0,240,0.008292060555191993,0.022445074917569932,-0.3972442150115967
int2float,1,240,0.02493072904042485,0.034077620227964275,-1.679242067039013
int2float,2,240,0.010935389196518375,0.009345122309146817,-0.490647554397583
int2float,3,240,0.009013161001448548,-0.0011296828659380087,-0.20910120010375977
int2float,4,240,0.019943705159379217,0.24291714359178557,-1.590888649225235
int2float,5,240,0.006916043999894428,-0.001160873846152169,-0.326007604598999
int2float,6,240,0.007497841250666444,0.013269072172573018,-0.269344687461853
int2float,7,240,0.011427824051566962,0.05168729348803172,-1.2033714056015015
int2float,8,240,0.009395788081354245,0.02017587928399192,-1.2185303568840027
int2float,9,240,0.00945460602194561,0.030950997618202497,-0.4674156904220581
int2float,0,241,0.008504578598769658,0.02283398759281559,-0.4124370813369751
int2float,1,241,0.02493809137781145,0.034106811163613776,-1.6789345890283585
int2float,2,241,0.011043599149995649,0.009321472631779903,-0.5035593509674072
int2float,3,241,0.009085137068204865,-0.0010356865984099684,-0.21642160415649414
int2float,4,241,0.020000725986266323,0.2460930674703296,-1.5912565886974335
int2float,5,241,0.006919167650083456,-0.0011603758376002304,-0.3284168243408203
int2float,6,241,0.007515157136039972,0.01336438774814315,-0.2659173011779785
int2float,7,241,0.011637696460439516,0.05258483977054926,-1.2321218252182007
int2float,8,241,0.009713045746786275,0.02074927167576271,-1.2547000050544739
int2float,9,241,0.009473336461489346,0.03112278449208214,-0.4674478769302368
int2float,0,242,0.008687107845740755,0.023181851594701958,-0.42156457901000977
int2float,1,242,0.024934468899753953,0.03411487759727601,-1.6774455681443214
int2float,2,242,0.01114192002417437,0.009259473509816082,-0.5146000385284424
int2float,3,242,0.009185923265579314,-0.0009664653742750412,-0.22795355319976807
int2float,4,242,0.020060094534074535,0.24897024600026113,-1.5913237035274506
int2float,5,242,0.006921500744866332,-0.0011592115085627547,-0.3297767639160156
int2float,6,242,0.007540194409303626,0.013402659140346926,-0.2649836540222168
int2float,7,242,0.011837343663104016,0.053556270323305566,-1.2566845417022705
int2float,8,242,0.009998225932897148,0.02147072547003119,-1.2828992009162903
int2float,9,242,0.009517959230764823,0.031336064098341,-0.4729496240615845
int2float,0,243,0.008945914809499661,0.02338604018689211,-0.43768346309661865
int2float,1,243,0.02492877790896824,0.03413045457634693,-1.6756845712661743
int2float,2,243,0.011232434139596702,0.009203008719469247,-0.5133135318756104
int2float,3,243,0.009329014696766579,-0.0009215787085550126,-0.23871588706970215
int2float,4,243,0.020124650611865177,0.2515731815792492,-1.5911490619182587
int2float,5,243,0.006914559036253008,-0.0011609036822100571,-0.3302772045135498
int2float,6,243,0.0075439901714033225,0.013517088987742482,-0.2612253427505493
int2float,7,243,0.012016699562125456,0.05437424174580095,-1.2799628376960754
int2float,8,243,0.010205744051728208,0.02222861638010308,-1.2913011312484741
int2float,9,243,0.009560740792514032,0.03166932378691811,-0.4798614978790283
int2float,0,244,0.009191775813032335,0.023574430492564705,-0.4519767761230469
int2float,1,244,0.024929711028380958,0.03414852020281506,-1.6749765500426292
int2float,2,244,0.011317829238564142,0.009125217834660013,-0.5121198892593384
int2float,3,244,0.009413596812290322,-0.0009267735422212736,-0.24862468242645264
int2float,4,244,0.02018994326244246,0.2539342783648311,-1.5908280313014984
int2float,5,244,0.006939660636590794,-0.001165582165042145,-0.3366459608078003
int2float,6,244,0.007541469619713012,0.01355344042494075,-0.25591230392456055
int2float,7,244,0.01216354671937344,0.05517684985652292,-1.2839362025260925
int2float,8,244,0.010228005313288074,0.022681900416717596,-1.2639044523239136
int2float,9,244,0.00956979478351748,0.03203951609377424,-0.4804345369338989
int2float,0,245,0.00941990371170065,0.023751243430383165,-0.46370720863342285
int2float,1,245,0.02492950460333733,0.034156070343029934,-1.6744562909007072
int2float,2,245,0.011402627434177803,0.00916874434575983,-0.5091351270675659
int2float,3,245,0.009516129733412489,-0.0008261669304926167,-0.253700852394104
int2float,4,245,0.020245985801764226,0.25652179120262547,-1.5904500186443329
int2float,5,245,0.00690318037106126,-0.001174682901645574,-0.3273981809616089
int2float,6,245,0.007545635816408353,0.013684379398762325,-0.2538261413574219
int2float,7,245,0.0122992858163955,0.056029599015877424,-1.284970223903656
int2float,8,245,0.010244367608162594,0.02318929271795324,-1.2372644543647766
int2float,9,245,0.009603407470831847,0.03236965946555406,-0.4935091733932495
int2float,0,246,0.009619062936781372,0.024030909044822177,-0.4779775142669678
int2float,1,246,0.02493383618233444,0.034162423569314065,-1.674549676477909
int2float,2,246,0.011476958764930746,0.00921238557826258,-0.5033584833145142
int2float,3,246,0.009622934212377754,-0.0007614105469481158,-0.2606388330459595
int2float,4,246,0.02030406094929025,0.25888214628393885,-1.5900992453098297
int2float,5,246,0.00688898638217441,-0.001186426549688674,-0.3224579095840454
int2float,6,246,0.0075805023928490894,0.013893834829443202,-0.258453369140625
int2float,7,246,0.01238494568478661,0.05724932964201235,-1.2660350799560547
int2float,8,246,0.010291916678843924,0.023645533309875566,-1.2252326011657715
int2float,9,246,0.009611230255657355,0.03265077069669864,-0.4893859624862671
int2float,0,247,0.009805187950262043,0.02429139769240768,-0.4900273084640503
int2float,1,247,0.024935347851825815,0.03415313175684162,-1.674459084868431
int2float,2,247,0.011575545330579771,0.009119887643771252,-0.5048757791519165
int2float,3,247,0.009712808311125483,-0.0007321486569887986,-0.2702775001525879
int2float,4,247,0.020358435593358086,0.26146210709417644,-1.5897124707698822
int2float,5,247,0.00687664879065112,-0.0011951108449568815,-0.3178168535232544
int2float,6,247,0.007666670429830873,0.014188179758336195,-0.26710498332977295
int2float,7,247,0.012460286162504434,0.05822656275301946,-1.249151349067688
int2float,8,247,0.010332542054821342,0.024006911067992562,-1.2142006754875183
int2float,9,247,0.009590829911599784,0.03297105446871722,-0.48099005222320557
int2float,0,248,0.010046679484750659,0.024648725398458,-0.5066436529159546
int2float,1,248,0.02492943746045352,0.034104944005435026,-1.6744433045387268
int2float,2,248,0.011790482571489028,0.009172125386161273,-0.5147979259490967
int2float,3,248,0.009788479320638359,-0.0007549863473279017,-0.27293574810028076
int2float,4,248,0.020413723393837617,0.26382291458088775,-1.5893908739089966
int2float,5,248,0.00685531838134066,-0.0011996267013055228,-0.313987135887146
int2float,6,248,0.007779067047845124,0.014629471452130935,-0.27654504776000977
int2float,7,248,0.01253588000949172,0.05896757644065394,-1.2096588015556335
int2float,8,248,0.010367533688807357,0.02428292566711783,-1.2044313549995422
int2float,9,248,0.00959527216574764,0.03312215482679942,-0.4739665985107422
int2float,0,249,0.01028129664843512,0.02498423295616503,-0.5235488414764404
int2float,1,249,0.024928436053616526,0.03403733341161859,-1.6749740839004517
int2float,2,249,0.012027876347373095,0.009229379390643097,-0.522072434425354
int2float,3,249,0.009868263954425478,-0.0006899468585561952,-0.27210068702697754
int2float,4,249,0.020463205002101907,0.26646769237836865,-1.5888865888118744
int2float,5,249,0.006832788334010707,-0.0012085394795207927,-0.30870723724365234
int2float,6,249,0.007903648924143289,0.014950851032567505,-0.28792428970336914
int2float,7,249,0.012610005145799366,0.05952844684474995,-1.1799908876419067
int2float,8,249,0.010406621255794515,0.024418503596986788,-1.196614921092987
int2float,9,249,0.009571733235374004,0.03331750093777061,-0.4630187749862671
int2float,0,250,0.010498558910707764,0.025304680495117984,-0.5382440090179443
int2float,1,250,0.024928097768296284,0.03396834908679394,-1.6758039593696594
int2float,2,250,0.012279935804497745,0.009387160571970476,-0.5365208387374878
int2float,3,250,0.009939771981897653,-0.0006315774467392787,-0.2710624933242798
int2float,4,250,0.02049898347415398,0.2696875923594141,-1.5869226455688477
int2float,5,250,0.006800029658412067,-0.0011712039587398887,-0.2970290184020996
int2float,6,250,0.008087815225156572,0.015437564125196201,-0.3023083209991455
int2float,7,250,0.012689600631160834,0.06015771715723091,-1.1579821109771729
int2float,8,250,0.010438565393559557,0.02449516442768275,-1.1894145607948303
int2float,9,250,0.009565125350609535,0.033572067472170744,-0.45392775535583496
i2c,0,0,0.0,0.0,0.0
i2c,1,0,0.0,0.0,0.0
i2c,2,0,0.0,0.0,0.0
i2c,3,0,0.0,0.0,0.0
i2c,4,0,0.0,0.0,0.0
i2c,5,0,0.0,0.0,0.0
i2c,6,0,0.0,0.0,0.0
i2c,7,0,0.0,0.0,0.0
i2c,8,0,0.0,0.0,0.0
i2c,9,0,0.0,0.0,0.0
i2c,0,1,-0.00011935686261659029,-0.00023872833392005188,0.010140419006347656
i2c,1,1,0.0003414457587019096,0.00048125640951315884,-0.019676804542541504
i2c,2,1,-0.00015615345234919892,0.00012294420385389193,0.008243203163146973
i2c,3,1,0.00020622265928160743,-0.0002349336806306973,-0.0032384395599365234
i2c,4,1,0.000168065976744583,0.00010973880952383497,-0.004739880561828613
i2c,5,1,2.594173959701712e-05,-0.0002425024769212858,-0.01580190658569336
i2c,6,1,-0.00010929949314217313,-0.0005873231195532014,0.01970350742340088
i2c,7,1,0.0002405539789741562,0.0003964054431016967,-0.01661098003387451
i2c,8,1,4.0491673429357555e-05,-0.0006370776798233363,0.0009641647338867188
i2c,9,1,-1.2582222773449558e-05,-0.0006896793132233209,-0.002414226531982422
i2c,0,2,-6.32805818925053e-05,-0.0004533324799372157,0.007958650588989258
i2c,1,2,0.0006155384431708252,0.0003866336803889925,-0.05086350440979004
i2c,2,2,-0.0002436238435555224,0.0005752936456692309,0.01128387451171875
i2c,3,2,0.00038857331288012775,-0.0003440057068897773,-0.007288098335266113
i2c,4,2,0.0002876375956775909,0.00027343623748127266,-0.007508635520935059
i2c,5,2,-1.366601760246361e-05,-0.0001299858238659607,-0.019168496131896973
i2c,6,2,-0.0003113340503418105,-0.001074625006684482,0.03810691833496094
i2c,7,2,0.00044489518853381427,0.0008370677060396264,-0.030135154724121094
i2c,8,2,0.0001280632748137528,-0.0007962628621772799,-0.000586390495300293
i2c,9,2,-0.00011395761007894356,-0.00126389075078287,-0.0075064897537231445
i2c,0,3,-7.443259235143107e-05,-0.0005597248878340538,0.011147737503051758
i2c,1,3,0.0009069585740508618,0.00025322494149503105,-0.11692202091217041
i2c,2,3,-0.000321263172778391,0.0011684283109625465,0.013780832290649414
i2c,3,3,0.00043073568333042156,-0.0007038067263902131,-0.009148716926574707
i2c,4,3,0.0003887852899496849,0.0004655689412310787,-0.010130882263183594
i2c,5,3,-3.313389648253173e-05,9.386816018318311e-05,-0.026491761207580566
i2c,6,3,-0.00044698455971388384,-0.0014978813795700485,0.0470813512802124
i2c,7,3,0.0005363396580388424,0.0013781955398673579,-0.03139090538024902
i2c,8,3,0.0002822533575691233,-0.0009009894294525478,-0.004607200622558594
i2c,9,3,-0.00016476604792793614,-0.00169361516052971,-0.015321612358093262
i2c,0,4,-7.513760346387899e-05,-0.0006027375868091073,0.011960387229919434
i2c,1,4,0.0010890206360625668,0.00032421383072973875,-0.19000184535980225
i2c,2,4,-0.00032976764802275516,0.0018737594942444535,0.013816475868225098
i2c,3,4,0.00045428704363774386,-0.0007286867548611659,-0.010713815689086914
i2c,4,4,0.0005645310770163517,0.0006731484659791703,-0.015550732612609863
i2c,5,4,-0.0001252021017424665,0.0002615809117813561,-0.027164220809936523
i2c,6,4,-0.000551005891753685,-0.001840696819280896,0.05086994171142578
i2c,7,4,0.0006464644622245497,0.001657560674539496,-0.03745579719543457
i2c,8,4,0.0003655049772904595,-0.0009600340965483928,-0.0057718753814697266
i2c,9,4,-0.00025606125097408367,-0.001993561570703975,-0.021981239318847656
i2c,0,5,-3.967114644082281e-05,-0.0006069135747448356,0.00988149642944336
i2c,1,5,0.0012950858653117056,0.0005526144940283112,-0.25919926166534424
i2c,2,5,-0.0003248660752988644,0.0021932741852735554,0.013522744178771973
i2c,3,5,0.0005180328136487056,-0.000645611979322655,-0.012868165969848633
i2c,4,5,0.0007518879460914271,0.0009147995669733927,-0.021715998649597168
i2c,5,5,-0.00015635964946250636,0.00045538970439831794,-0.031693339347839355
i2c,6,5,-0.0006106880234372156,-0.0021845377225222923,0.04949843883514404
i2c,7,5,0.0006893350484741684,0.0020605168205089786,-0.036333441734313965
i2c,8,5,0.0004820282624763972,-0.0009381596361125316,-0.007754206657409668
i2c,9,5,-0.000249656508949217,-0.002211040922459273,-0.03260040283203125
i2c,0,6,-8.197491884756603e-06,-0.0006134222960300917,0.00767362117767334
i2c,1,6,0.0014685528066649758,0.00088006072031932,-0.3047144412994385
i2c,2,6,-0.00028096602325253933,0.00237507043969426,0.013729691505432129
i2c,3,6,0.0006058082763121808,-0.0005090386177140221,-0.014547109603881836
i2c,4,6,0.0009054960863286166,0.0011951408119752205,-0.027684926986694336
i2c,5,6,-0.00019920913411169278,0.0006765346966208369,-0.033699989318847656
i2c,6,6,-0.0006432365330086981,-0.002430888900902664,0.045104026794433594
i2c,7,6,0.0007424848639455209,0.002425822329018487,-0.034392714500427246
i2c,8,6,0.0005335185885537025,-0.0008949687283376639,-0.008021235466003418
i2c,9,6,-0.00019101589883623732,-0.00234955444590855,-0.046475887298583984
i2c,0,7,-2.713526724877624e-05,-0.0006285452380269119,0.004233956336975098
i2c,1,7,0.0016862520923633523,0.0012622801515301124,-0.393762469291687
i2c,2,7,-0.00025349344244781497,0.0025817755660865332,0.013390898704528809
i2c,3,7,0.0006532021470247659,-0.0002449654240673088,-0.016391277313232422
i2c,4,7,0.000992366578507306,0.0015002505542818512,-0.03228354454040527
i2c,5,7,-0.00023804440112554226,0.0010291954197216707,-0.034609079360961914
i2c,6,7,-0.000622352464834483,-0.002586318323444914,0.03813052177429199
i2c,7,7,0.0008103600511615919,0.002849026121359899,-0.031755685806274414
i2c,8,7,0.0005745589895369552,-0.0007875817728042189,-0.008311271667480469
i2c,9,7,-0.00018853280030514674,-0.0024479035093674106,-0.05762934684753418
i2c,0,8,-8.510894325935991e-06,-0.0006695453013235014,-0.00038230419158935547
i2c,1,8,0.0019223812597595896,0.0017533239185245353,-0.4799147844314575
i2c,2,8,-0.00024034203590767717,0.0028090981678616234,0.013166308403015137
i2c,3,8,0.0007587652801713807,2.04076655244273e-05,-0.021454215049743652
i2c,4,8,0.0010676234569865911,0.001834507176470393,-0.03696155548095703
i2c,5,8,-0.00027625085928983245,0.0013518628728173832,-0.031615257263183594
i2c,6,8,-0.0005644966114390845,-0.002755062787739293,0.02797245979309082
i2c,7,8,0.000891541701822908,0.0033547907541654487,-0.033040523529052734
i2c,8,8,0.0005898325459121473,-0.0006266535317898808,-0.00871729850769043
i2c,9,8,-0.00015361484628424044,-0.0024899073321377335,-0.07255923748016357
i2c,0,9,1.4106893046678115e-05,-0.0006744221544247031,-0.005560159683227539
i2c,1,9,0.0021064868105479945,0.002232344393921934,-0.5511882305145264
i2c,2,9,-0.0002578976751555287,0.0029853275232793325,0.013576626777648926
i2c,3,9,0.0008259596485279061,0.0003962035496364036,-0.02485024929046631
i2c,4,9,0.0010904701721974747,0.002202347506682148,-0.03904259204864502
i2c,5,9,-0.0003141688810016016,0.0016263680924163554,-0.024279475212097168
i2c,6,9,-0.0004828029316648677,-0.002911274722234125,0.014789342880249023
i2c,7,9,0.0009267938884086196,0.0038132440214921626,-0.036364197731018066
i2c,8,9,0.0005564893609739524,-0.0004249508710663513,-0.008523821830749512
i2c,9,9,-0.00010833376098668551,-0.002501687614531678,-0.08806192874908447
i2c,0,10,9.733921857545125e-05,-0.0006708408362166574,-0.01156151294708252
i2c,1,10,0.0021969735259730755,0.002724408577614093,-0.5847833156585693
i2c,2,10,-0.00025086723928990223,0.0031339079397188635,0.014214873313903809
i2c,3,10,0.0008722048131316676,0.000851913172516941,-0.025789618492126465
i2c,4,10,0.0010303607885842198,0.002561950600073526,-0.037216782569885254
i2c,5,10,-0.0003391130877387766,0.0018678345901846222,-0.017961621284484863
i2c,6,10,-0.0004109072598313182,-0.0030083856007213777,0.0027903318405151367
i2c,7,10,0.0009686135816531077,0.004431229171661763,-0.04055595397949219
i2c,8,10,0.0005519063957224735,-0.0001647541669680258,-0.008717894554138184
i2c,9,10,-6.679018086515331e-05,-0.002514185623932061,-0.1008450984954834
i2c,0,11,0.00016115996256138576,-0.0006130831148783433,-0.01702094078063965
i2c,1,11,0.002209092875586162,0.0032724577169653407,-0.577294111251831
i2c,2,11,-0.0002381101848772868,0.0033582578019377557,0.014579415321350098
i2c,3,11,0.0009081746766084406,0.0013819522384223154,-0.025741934776306152
i2c,4,11,0.0010153972584481322,0.0027986674002845324,-0.0364764928817749
i2c,5,11,-0.00036785180469984385,0.002086402185481437,-0.012032151222229004
i2c,6,11,-0.00034264055580461583,-0.0031258252965110506,-0.009233832359313965
i2c,7,11,0.0010136492877601336,0.005087374183200516,-0.04546785354614258
i2c,8,11,0.0005550734987855022,0.00011659969100404066,-0.008907675743103027
i2c,9,11,2.806429406023575e-05,-0.002523153633427727,-0.11922347545623779
i2c,0,12,0.00020042153871911716,-0.0005344399877728612,-0.02448725700378418
i2c,1,12,0.0021642003625577458,0.003779040521683402,-0.5410125255584717
i2c,2,12,-0.00021058166795503985,0.0035228411867563036,0.014915108680725098
i2c,3,12,0.0009256100417505547,0.0017331356481486426,-0.026137232780456543
i2c,4,12,0.0009653040882558125,0.003021123332483347,-0.034586429595947266
i2c,5,12,-0.00041478108496114524,0.0023178072412548822,-0.00806891918182373
i2c,6,12,-0.00028586630699146964,-0.003196261344680207,-0.018693923950195312
i2c,7,12,0.0010890137241426553,0.005731036129350733,-0.051261067390441895
i2c,8,12,0.0005790852257681195,0.00042826922473729323,-0.0094681978225708
i2c,9,12,0.0001603412101295401,-0.002486125772601086,-0.14282679557800293
i2c,0,13,0.00023089454565801415,-0.0004366423523785856,-0.03318500518798828
i2c,1,13,0.002145573691052484,0.004284897544966831,-0.5081508159637451
i2c,2,13,-0.00015512755323947996,0.0036287867857810185,0.014336228370666504
i2c,3,13,0.0009579186441632179,0.002093543179388993,-0.026713252067565918
i2c,4,13,0.0009135504137348233,0.003251749315628702,-0.032921552658081055
i2c,5,13,-0.0004532989321928693,0.00265993501413897,-0.005618929862976074
i2c,6,13,-0.00021028496915743988,-0.0032436256364451743,-0.0295412540435791
i2c,7,13,0.0011661629964049292,0.006485693755141186,-0.05810117721557617
i2c,8,13,0.0006357686113031558,0.0007716528593810362,-0.011022806167602539
i2c,9,13,0.00030441667239115844,-0.002403853246347898,-0.16911089420318604
i2c,0,14,0.00021509334454621054,-0.00031005531792828445,-0.034339189529418945
i2c,1,14,0.002193110835729442,0.004904885077012797,-0.4977768659591675
i2c,2,14,-8.935561507354e-05,0.0037683821823804864,0.012991189956665039
i2c,3,14,0.0009598070356499414,0.0024982709539367737,-0.02632296085357666
i2c,4,14,0.0008647902730297974,0.0035165797057487153,-0.033248066902160645
i2c,5,14,-0.000476902095801722,0.002910887209356075,-0.004236817359924316
i2c,6,14,-0.00012699836081660892,-0.003330767739237517,-0.0417180061340332
i2c,7,14,0.0012687179966414247,0.007233029243608802,-0.0679166316986084
i2c,8,14,0.0006671131610588438,0.0011291203155868595,-0.012509822845458984
i2c,9,14,0.0004623682770922913,-0.0022827380358495797,-0.19746482372283936
i2c,0,15,0.00024247895798300279,-0.00016610122607570166,-0.037496328353881836
i2c,1,15,0.0022649418774959226,0.005220633166005323,-0.4960606098175049
i2c,2,15,-5.33083742128293e-05,0.0038994835804482403,0.011601090431213379
i2c,3,15,0.0009681097224447932,0.002953226406554779,-0.02630460262298584
i2c,4,15,0.0008076200209942916,0.003731663706320623,-0.03162729740142822
i2c,5,15,-0.0005102037905273527,0.003205219077307142,-0.004007101058959961
i2c,6,15,1.2568833267063984e-05,-0.003386042455112856,-0.05852019786834717
i2c,7,15,0.00137788466535773,0.00805723820885873,-0.07842576503753662
i2c,8,15,0.0006957823954088921,0.0014676990856704458,-0.01426541805267334
i2c,9,15,0.0005832560903401354,-0.0021433996686160556,-0.21914076805114746
i2c,0,16,0.000278210902275991,1.2974064208845504e-05,-0.04358220100402832
i2c,1,16,0.002276683050245455,0.005575474187440879,-0.4680473804473877
i2c,2,16,-3.6047359025903614e-05,0.0039694866237802995,0.00964808464050293
i2c,3,16,0.001036662677345035,0.0033980743563471055,-0.02974534034729004
i2c,4,16,0.0007578517940097299,0.003922733798862085,-0.030760765075683594
i2c,5,16,-0.0005273501187035359,0.003591909442260996,-0.004247069358825684
i2c,6,16,0.00015454114034036542,-0.003388771341942931,-0.0751791000366211
i2c,7,16,0.0014520808779062283,0.00885921289544657,-0.08614158630371094
i2c,8,16,0.0007167146275196962,0.0018316617306016747,-0.015543460845947266
i2c,9,16,0.0007032806855211474,-0.0019792426336793373,-0.24019920825958252
i2c,0,17,0.00032615415168495143,0.00021174618197879191,-0.05218994617462158
i2c,1,17,0.002308619240935131,0.005877502021349262,-0.4495737552642822
i2c,2,17,-1.560194174272944e-05,0.004033843951527741,0.006803274154663086
i2c,3,17,0.0011217316135371316,0.003906902938740159,-0.03491508960723877
i2c,4,17,0.0007211468217866168,0.004092291781389548,-0.030397891998291016
i2c,5,17,-0.0005409420120520286,0.0039102604502204985,-0.004464149475097656
i2c,6,17,0.0002332211795183156,-0.00340310609696913,-0.08259141445159912
i2c,7,17,0.001535723731640598,0.009585090606943777,-0.09701991081237793
i2c,8,17,0.0007628769154698761,0.002189815335130213,-0.017607688903808594
i2c,9,17,0.0008020922154603136,-0.0018176941649480083,-0.26092302799224854
i2c,0,18,0.00035462790577529824,0.0004415458707007075,-0.05703294277191162
i2c,1,18,0.002267507869403461,0.00608850220109336,-0.4095931053161621
i2c,2,18,5.393476942955333e-05,0.004104059939692831,0.0023387670516967773
i2c,3,18,0.001212077642409999,0.00443934584005698,-0.04027283191680908
i2c,4,18,0.0006976630967632028,0.0042949323569238945,-0.030446887016296387
i2c,5,18,-0.0005766583711811421,0.004299974626312972,-0.004889965057373047
i2c,6,18,0.0003159891696910416,-0.003371000791202547,-0.09002029895782471
i2c,7,18,0.0016310873780830057,0.010062705608170228,-0.10771536827087402
i2c,8,18,0.000794197847134373,0.0025245401325001554,-0.01890707015991211
i2c,9,18,0.0008569722799043542,-0.0016259895869584345,-0.27530336380004883
i2c,0,19,0.00035591890906437607,0.000673826560286736,-0.0621953010559082
i2c,1,19,0.0021504341072596383,0.00630800020330681,-0.3496948480606079
i2c,2,19,0.00013259444121022784,0.004190418473606405,-0.0035218000411987305
i2c,3,19,0.0012898655736293604,0.005008248535810625,-0.04499685764312744
i2c,4,19,0.0006823373888509149,0.004490182506720286,-0.031433820724487305
i2c,5,19,-0.0006149772470830234,0.0046134658414797025,-0.0049582719802856445
i2c,6,19,0.0004207384512377871,-0.003351829134830911,-0.10352849960327148
i2c,7,19,0.0017164548196337698,0.010455092744552613,-0.11870872974395752
i2c,8,19,0.0008102407640615539,0.002851878063885191,-0.019854187965393066
i2c,9,19,0.0009284166967335264,-0.0014213684959196171,-0.2913264036178589
i2c,0,20,0.0003502648206598069,0.000922422574613696,-0.06228899955749512
i2c,1,20,0.0021071398839398875,0.006599945350703629,-0.3111300468444824
i2c,2,20,0.0002484923820294388,0.004274622788214583,-0.009784340858459473
i2c,3,20,0.0013580776964629906,0.005499470152879868,-0.04851424694061279
i2c,4,20,0.0006987791824900891,0.0047174480461151524,-0.03436243534088135
i2c,5,20,-0.0006410971655152961,0.004881508392327288,-0.005540609359741211
i2c,6,20,0.0005416283273316225,-0.003286671625954085,-0.11930656433105469
i2c,7,20,0.0018239708822473874,0.01064019158107718,-0.13537347316741943
i2c,8,20,0.0008271998474515818,0.003175468722404498,-0.020868897438049316
i2c,9,20,0.0009983314383087277,-0.0011928916386777788,-0.30663418769836426
i2c,0,21,0.0003189130972774401,0.0011741262851261286,-0.05724644660949707
i2c,1,21,0.002117434832835635,0.006914377967811858,-0.2984257936477661
i2c,2,21,0.00039119363397689677,0.004354966618379474,-0.018172264099121094
i2c,3,21,0.0014297002951314322,0.005939133246914391,-0.05149829387664795
i2c,4,21,0.0007294191877349337,0.004972193383247503,-0.03814888000488281
i2c,5,21,-0.000652900583369663,0.005093064409383494,-0.006525754928588867
i2c,6,21,0.0007041465989001822,-0.0031795850912666457,-0.14022207260131836
i2c,7,21,0.0019426712922140169,0.0108160796966974,-0.1508626937866211
i2c,8,21,0.0008513032517656199,0.003427363337456857,-0.022327303886413574
i2c,9,21,0.0009960625510914561,-0.0010033519839512534,-0.30576038360595703
i2c,0,22,0.0002846256991974466,0.0014420393972047196,-0.05132770538330078
i2c,1,22,0.002130951245503325,0.007334813947377339,-0.2888840436935425
i2c,2,22,0.0005137795753729288,0.004524257531269962,-0.025496840476989746
i2c,3,22,0.0014780429485445543,0.0064359048287008225,-0.05356490612030029
i2c,4,22,0.0007715150370461374,0.0052670971895826535,-0.04356122016906738
i2c,5,22,-0.0006520662575683692,0.005372689836137007,-0.008467435836791992
i2c,6,22,0.000833064931437047,-0.0030387061322740133,-0.15500426292419434
i2c,7,22,0.00203500889588943,0.010998643090473062,-0.16410613059997559
i2c,8,22,0.0008996441672258493,0.003673548493010631,-0.02404630184173584
i2c,9,22,0.000988164150836128,-0.0007901307182342221,-0.30337321758270264
i2c,0,23,0.00027579290881003804,0.0017399880631100706,-0.04883861541748047
i2c,1,23,0.002149860292888592,0.007867274663386908,-0.28392910957336426
i2c,2,23,0.0006438199636942948,0.0047612956963413305,-0.03188526630401611
i2c,3,23,0.0015106698451177597,0.006885351013810048,-0.05485129356384277
i2c,4,23,0.0008273204621230823,0.005685994407750555,-0.05023515224456787
i2c,5,23,-0.0006392087893251422,0.005490311642865106,-0.010520100593566895
i2c,6,23,0.0009012676547551987,-0.0028586862664798374,-0.1593877077102661
i2c,7,23,0.0020995195084054993,0.011191474834997217,-0.1746540069580078
i2c,8,23,0.0009417508852757744,0.0038791899584408873,-0.02562129497528076
i2c,9,23,0.0010226219284801275,-0.0005557854738698631,-0.31484484672546387
i2c,0,24,0.0002801427306177856,0.0020488421914830884,-0.04855644702911377
i2c,1,24,0.0021636714846462735,0.008387631652110594,-0.2779202461242676
i2c,2,24,0.000774861862974742,0.004990519167315036,-0.03856027126312256
i2c,3,24,0.001538197837599918,0.007307777362591528,-0.056356191635131836
i2c,4,24,0.0008563263838600454,0.006072386067460606,-0.05349552631378174
i2c,5,24,-0.0006244399443973495,0.005532829184786051,-0.012317299842834473
i2c,6,24,0.000951562632865964,-0.002653847921056593,-0.15853524208068848
i2c,7,24,0.0022022082117382352,0.011316990374563615,-0.1911104917526245
i2c,8,24,0.0009669546308946342,0.004108945358868493,-0.026708364486694336
i2c,9,24,0.001061811565168623,-0.0003054258677809979,-0.32627081871032715
i2c,0,25,0.00030737868576546923,0.002355262813436662,-0.05259251594543457
i2c,1,25,0.002151787887104281,0.00893991086540906,-0.26598823070526123
i2c,2,25,0.0009151560168182832,0.005275360678175883,-0.047048211097717285
i2c,3,25,0.001550915074389328,0.007809404253562621,-0.058064818382263184
i2c,4,25,0.0008614102009277258,0.0064766036884190414,-0.05455732345581055
i2c,5,25,-0.0006239515965890813,0.0055320402056004,-0.013955116271972656
i2c,6,25,0.001055937160694978,-0.0024274837369108737,-0.16532695293426514
i2c,7,25,0.002332184567250685,0.01137272980219553,-0.21480560302734375
i2c,8,25,0.0009779274867236648,0.004354415586494867,-0.027010202407836914
i2c,9,25,0.0011059897171937921,-4.6499994951779144e-05,-0.34084558486938477
i2c,0,26,0.0003616038819768269,0.002667617156401278,-0.06010425090789795
i2c,1,26,0.002151660956804302,0.009581675875291656,-0.2746800184249878
i2c,2,26,0.0009950195146433624,0.0056006044764372875,-0.05059361457824707
i2c,3,26,0.0016084394933326557,0.008345815421488753,-0.06377089023590088
i2c,4,26,0.0008598856733698437,0.006908964638992168,-0.0554124116897583
i2c,5,26,-0.0006114138173656108,0.0054587657311598314,-0.015587687492370605
i2c,6,26,0.0011641541874350472,-0.0021854725210360693,-0.17509174346923828
i2c,7,26,0.0024512754448287807,0.011458501113033426,-0.2384040355682373
i2c,8,26,0.0009731062178330446,0.004535348711434642,-0.02637040615081787
i2c,9,26,0.0011048309609034274,0.00020903609116175448,-0.34744107723236084
i2c,0,27,0.00040319921150974714,0.0029806173912399064,-0.06620192527770996
i2c,1,27,0.002142018821873856,0.010321431011556706,-0.276989221572876
i2c,2,27,0.001109802847035976,0.005891981750552722,-0.05647146701812744
i2c,3,27,0.0016596792421308196,0.00896508612596951,-0.07024407386779785
i2c,4,27,0.0008317836992989616,0.007323213927145661,-0.05199623107910156
i2c,5,27,-0.000575585365952487,0.005544799920391322,-0.018482327461242676
i2c,6,27,0.001259439287745169,-0.001941116133127474,-0.1848975419998169
i2c,7,27,0.002551717715600005,0.011714005735869643,-0.25807344913482666
i2c,8,27,0.0009646412514305175,0.004641894465783378,-0.025690674781799316
i2c,9,27,0.001075699809582241,0.0004296687519578235,-0.3449445962905884
i2c,0,28,0.000466740991513781,0.003304543545833205,-0.07636868953704834
i2c,1,28,0.0020960425182589074,0.011197610930123447,-0.26580095291137695
i2c,2,28,0.0012586235705695364,0.006220836371796157,-0.06566894054412842
i2c,3,28,0.0017335951937536842,0.009626922811151017,-0.08011531829833984
i2c,4,28,0.0008200698540300755,0.007736520858411644,-0.0514223575592041
i2c,5,28,-0.0005200690145251846,0.005769494981367362,-0.021729111671447754
i2c,6,28,0.0013585693127015908,-0.0016662603625247074,-0.19792664051055908
i2c,7,28,0.0026221680554088245,0.012121018792277408,-0.2714313268661499
i2c,8,28,0.0009365187798666824,0.0047804200456379176,-0.02389085292816162
i2c,9,28,0.001091987645331978,0.0006635768681025334,-0.3549906015396118
i2c,0,29,0.0005813273163838145,0.0036150009963548807,-0.0928422212600708
i2c,1,29,0.002055470364462665,0.012202060876259094,-0.25131475925445557
i2c,2,29,0.001447288485613596,0.00651400994544335,-0.07599937915802002
i2c,3,29,0.0018060952732196905,0.010303898980809897,-0.09092819690704346
i2c,4,29,0.0008179250199847679,0.008099890104276239,-0.05041348934173584
i2c,5,29,-0.0004769792205232548,0.005927556737748543,-0.02542257308959961
i2c,6,29,0.0014633204734758945,-0.001395121291320009,-0.21264183521270752
i2c,7,29,0.0026471384600619263,0.012632562319925031,-0.2772963047027588
i2c,8,29,0.0009029592793461244,0.004947867021747168,-0.02140665054321289
i2c,9,29,0.0010935671638913139,0.0008845211715464013,-0.3587137460708618
i2c,0,30,0.0006986469848795224,0.003930401863844454,-0.11146664619445801
i2c,1,30,0.0020015707691784165,0.013230192275552888,-0.23127949237823486
i2c,2,30,0.0016638948110072813,0.006785636258174535,-0.0908200740814209
i2c,3,30,0.0018706865315908303,0.010927285753577654,-0.10085797309875488
i2c,4,30,0.0008383059238768267,0.008456301926706628,-0.05131173133850098
i2c,5,30,-0.00040919298579029234,0.006214259352071441,-0.02996385097503662
i2c,6,30,0.0015612284993509196,-0.0011319460442383578,-0.22504138946533203
i2c,7,30,0.002689940395869915,0.013185424298628998,-0.28350329399108887
i2c,8,30,0.0008763005949711661,0.0051072712460603215,-0.019797086715698242
i2c,9,30,0.0011639398142717847,0.0011331467340925105,-0.3777247667312622
i2c,0,31,0.0007880820046168441,0.00422981977365168,-0.1293882131576538
i2c,1,31,0.001960718741938698,0.014420643224375654,-0.21459686756134033
i2c,2,31,0.001856538111787022,0.007076071263283745,-0.10618865489959717
i2c,3,31,0.001954138393445118,0.011608588522620297,-0.11412584781646729
i2c,4,31,0.0008764285013693404,0.008922732410371434,-0.05164539813995361
i2c,5,31,-0.00032349519787047004,0.006477367824969979,-0.03554952144622803
i2c,6,31,0.0016222589934130963,-0.0009097218896203935,-0.229589581489563
i2c,7,31,0.002736402743366194,0.01373939679425415,-0.29135334491729736
i2c,8,31,0.0008529492149141477,0.005232305684586519,-0.01875460147857666
i2c,9,31,0.0012092830776261124,0.001413213653856174,-0.38849759101867676
i2c,0,32,0.0008418085023010891,0.004537906108663503,-0.14041173458099365
i2c,1,32,0.0019213702291585796,0.01568043090420085,-0.19581937789916992
i2c,2,32,0.002067663423965707,0.00742977416837283,-0.12170863151550293
i2c,3,32,0.001973270317709698,0.012204147456531672,-0.11841678619384766
i2c,4,32,0.0009112118289110044,0.009380176763786247,-0.050272583961486816
i2c,5,32,-0.00026249112185404433,0.006606421130571305,-0.040664076805114746
i2c,6,32,0.0016795107439520202,-0.0007378157988791045,-0.23294496536254883
i2c,7,32,0.0027800158315257964,0.01422951541526915,-0.2988626956939697
i2c,8,32,0.0008452892840120352,0.005370065629472301,-0.01864337921142578
i2c,9,32,0.0012564138491694618,0.0017492129039750753,-0.40274643898010254
i2c,0,33,0.0008580756967498243,0.004848511201819922,-0.14046180248260498
i2c,1,33,0.0018933909210720884,0.0169405919319051,-0.18139243125915527
i2c,2,33,0.0022014759795698016,0.007775495261050272,-0.1296069622039795
i2c,3,33,0.001977446406121859,0.012738992222533704,-0.12020730972290039
i2c,4,33,0.0009594425227278658,0.009900607593795172,-0.05029714107513428
i2c,5,33,-0.00020261865302671767,0.006872839867439445,-0.04461479187011719
i2c,6,33,0.0017219855004107706,-0.0005968440282977383,-0.23113572597503662
i2c,7,33,0.002781809598601463,0.014655223217238403,-0.2924853563308716
i2c,8,33,0.0008367235588645355,0.005481709990339562,-0.01873910427093506
i2c,9,33,0.0012890715595010108,0.0020813210776220586,-0.4115198850631714
i2c,0,34,0.0008829730851226264,0.005164980605988162,-0.14305830001831055
i2c,1,34,0.0018536263311791645,0.018175453170653375,-0.16181588172912598
i2c,2,34,0.002278509613961241,0.008115475659772844,-0.133417010307312
i2c,3,34,0.002035071795611014,0.013101439460060857,-0.12824904918670654
i2c,4,34,0.0010154534200087217,0.01047850794041269,-0.0513608455657959
i2c,5,34,-0.00012555314919526078,0.007184781678533925,-0.05012106895446777
i2c,6,34,0.001717317948218014,-0.00046615087927473486,-0.22339487075805664
i2c,7,34,0.0027988689588638246,0.015087531382025274,-0.2929353713989258
i2c,8,34,0.0008357741525206602,0.005576380615525303,-0.019165754318237305
i2c,9,34,0.0013416668322896036,0.0024259824419129578,-0.42599618434906006
i2c,0,35,0.0009038645310884275,0.005461662295671479,-0.14757227897644043
i2c,1,35,0.0018364371210036479,0.018912374035561397,-0.14567220211029053
i2c,2,35,0.0023494619479565854,0.008493389571610624,-0.1391456127166748
i2c,3,35,0.002141247272234831,0.013517753236560182,-0.14254844188690186
i2c,4,35,0.0010843084393152153,0.011166331623023926,-0.05276978015899658
i2c,5,35,-7.584147101960537e-06,0.007503296178739252,-0.05874288082122803
i2c,6,35,0.0017148927763968105,-0.0002958601633170216,-0.21563494205474854
i2c,7,35,0.002881442724090251,0.015572880012316645,-0.30284154415130615
i2c,8,35,0.0008571021637180792,0.005670078796142022,-0.020490050315856934
i2c,9,35,0.0013968690551294446,0.002770477620386777,-0.43948400020599365
i2c,0,36,0.0009316643227265664,0.005743084688536723,-0.15224194526672363
i2c,1,36,0.0018333885509366002,0.019465295689571796,-0.13448035717010498
i2c,2,36,0.0024158451840584558,0.008850372888691685,-0.14314258098602295
i2c,3,36,0.002269808586566238,0.014024538376541523,-0.16173112392425537
i2c,4,36,0.001151082981833411,0.011776718275176817,-0.054232120513916016
i2c,5,36,0.00011178257180818191,0.0077945411064309356,-0.06683659553527832
i2c,6,36,0.0016442904674930717,-0.00014046057857754202,-0.1970205307006836
i2c,7,36,0.003032372578063755,0.016065267910932754,-0.3232889175415039
i2c,8,36,0.0008774469019685038,0.005780476075183033,-0.02226734161376953
i2c,9,36,0.0015168921764304594,0.003102821184617799,-0.4758889675140381
i2c,0,37,0.000979500899538549,0.006024268036851507,-0.15677404403686523
i2c,1,37,0.001822350174085642,0.01987379423540636,-0.116263747215271
i2c,2,37,0.002484470466705087,0.009261143829300891,-0.14869976043701172
i2c,3,37,0.0024286251241096013,0.014649053971858658,-0.18560612201690674
i2c,4,37,0.0012032832668812526,0.01237891710037517,-0.05373024940490723
i2c,5,37,0.0002296954583130284,0.008158762025890526,-0.07521963119506836
i2c,6,37,0.0015818937470279196,1.4900635487466452e-05,-0.18033361434936523
i2c,7,37,0.003228102136272247,0.01657997892088077,-0.34751689434051514
i2c,8,37,0.000895655495497305,0.005936397069871924,-0.024060606956481934
i2c,9,37,0.001571062625349437,0.003417994377546585,-0.4913475513458252
i2c,0,38,0.001024693273901256,0.006280380070947972,-0.16048336029052734
i2c,1,38,0.00183432291093992,0.020247178966790763,-0.11063826084136963
i2c,2,38,0.002579112564782403,0.009717925932904617,-0.1547948122024536
i2c,3,38,0.002595639845843656,0.01537529307227202,-0.21039724349975586
i2c,4,38,0.0012784855576466192,0.012932946019189387,-0.055698394775390625
i2c,5,38,0.00033204906280141083,0.00863975717880619,-0.08143627643585205
i2c,6,38,0.0015314162590170238,0.0001705572391363236,-0.16342318058013916
i2c,7,38,0.00336249502014499,0.017105926171605557,-0.35671818256378174
i2c,8,38,0.0009170963195165721,0.006109769711956661,-0.025620460510253906
i2c,9,38,0.0016116475511287684,0.003731158898987119,-0.5011633634567261
i2c,0,39,0.0010862208029247533,0.0065061321797195565,-0.16763484477996826
i2c,1,39,0.0017794477733191344,0.020695003968835085,-0.09789454936981201
i2c,2,39,0.00271175976333686,0.010199822490264368,-0.16501343250274658
i2c,3,39,0.0027466206617152225,0.016204446764036498,-0.23518240451812744
i2c,4,39,0.001342319751160219,0.013487072970786995,-0.057256460189819336
i2c,5,39,0.00042818273014713637,0.009200921118082711,-0.085915207862854
i2c,6,39,0.0014650502448479014,0.00033047194373225786,-0.1458137035369873
i2c,7,39,0.003446613304429462,0.017571020500908474,-0.35224997997283936
i2c,8,39,0.0009692589780448263,0.00629987204092855,-0.02827298641204834
i2c,9,39,0.0016742894066247502,0.004046296101490349,-0.5168317556381226
i2c,0,40,0.0011581187093892692,0.006723949972024967,-0.17919921875
i2c,1,40,0.0016690608555658543,0.021265657461224524,-0.07849180698394775
i2c,2,40,0.0028418180176727134,0.010665921080970475,-0.17080938816070557
i2c,3,40,0.002874327909100506,0.017099339371535877,-0.25751209259033203
i2c,4,40,0.0013917603220784322,0.01403823810120132,-0.05708634853363037
i2c,5,40,0.0005523634066265243,0.009670645087077143,-0.09615218639373779
i2c,6,40,0.0014705993051759084,0.0005426500454440847,-0.13283681869506836
i2c,7,40,0.0035307645034987345,0.01803626102472762,-0.3483837842941284
i2c,8,40,0.0010706290234464289,0.006546639830006418,-0.032917141914367676
i2c,9,40,0.00172025448625851,0.00437874745000999,-0.527591347694397
i2c,0,41,0.0012185528260123257,0.006952151100342849,-0.18885385990142822
i2c,1,41,0.0015826713976362997,0.021783899059071077,-0.06554102897644043
i2c,2,41,0.003008321086546688,0.011066210719275951,-0.18484747409820557
i2c,3,41,0.003077566398899549,0.01795196674866452,-0.29366791248321533
i2c,4,41,0.0014586176308466828,0.014558539945705648,-0.06007647514343262
i2c,5,41,0.0005955354193551421,0.010113627559350344,-0.10019683837890625
i2c,6,41,0.001484951946585454,0.0007683068342488469,-0.12183952331542969
i2c,7,41,0.0036037850935395008,0.01862224701774952,-0.3471149206161499
i2c,8,41,0.0011681762521050937,0.006808571167078503,-0.03695189952850342
i2c,9,41,0.0018149916465332108,0.004679613874907035,-0.5589463710784912
i2c,0,42,0.001299115467723766,0.007199960414474502,-0.20257210731506348
i2c,1,42,0.0015186146984382531,0.022479073202858857,-0.05639803409576416
i2c,2,42,0.003228115040878457,0.011484456688892669,-0.20623457431793213
i2c,3,42,0.0033415564363362404,0.018733862412977115,-0.3471337556838989
i2c,4,42,0.0015390130770321434,0.01523682745943268,-0.06486523151397705
i2c,5,42,0.0006444374137294859,0.010537273117816048,-0.10423588752746582
i2c,6,42,0.0014704484070851842,0.0010097448582336577,-0.10962831974029541
i2c,7,42,0.003635039055653974,0.019081850838328446,-0.33498430252075195
i2c,8,42,0.0012701052653290579,0.0070059128301906,-0.04069960117340088
i2c,9,42,0.0019296252151458498,0.004967264042055913,-0.5951493978500366
i2c,0,43,0.0013721923690207943,0.007439974862471929,-0.2144007682800293
i2c,1,43,0.0015298641122036688,0.023053925175671258,-0.05598914623260498
i2c,2,43,0.003435800104419476,0.011924328998485154,-0.23420298099517822
i2c,3,43,0.0036022317726880707,0.01947446715344804,-0.4026529788970947
i2c,4,43,0.0016128208181578965,0.01612317623350666,-0.06933176517486572
i2c,5,43,0.0007061753908718868,0.010840382198530521,-0.11191725730895996
i2c,6,43,0.001445647978374258,0.0012644050565618487,-0.09755969047546387
i2c,7,43,0.003686233132079393,0.019592101196962808,-0.327927827835083
i2c,8,43,0.0013586322333091622,0.0072292339150457074,-0.043732285499572754
i2c,9,43,0.002007448784846183,0.005194102609339293,-0.6176073551177979
i2c,0,44,0.0014867459634498037,0.007648005441204614,-0.2352142333984375
i2c,1,44,0.0015369958966138797,0.02372606145055073,-0.05267953872680664
i2c,2,44,0.0036052991845057433,0.01237035125644663,-0.2606722116470337
i2c,3,44,0.0038472830536408417,0.02005869027240366,-0.45826995372772217
i2c,4,44,0.0016931908283707997,0.016940598170276905,-0.07481682300567627
i2c,5,44,0.0007593896289201305,0.011089705766104449,-0.12051069736480713
i2c,6,44,0.001440002834193356,0.0014743875330866518,-0.08985030651092529
i2c,7,44,0.0037438957903676365,0.019979769802178804,-0.32302427291870117
i2c,8,44,0.0014588328668012351,0.007440434345009156,-0.047268033027648926
i2c,9,44,0.0020928751722653696,0.0054061515593031295,-0.6417942047119141
i2c,0,45,0.001610578334067872,0.007828666059022618,-0.26170873641967773
i2c,1,45,0.0015465628876873208,0.024405522669865468,-0.05106711387634277
i2c,2,45,0.0038606971285798514,0.012829052930444451,-0.29766976833343506
i2c,3,45,0.004084482711786956,0.02060385299154731,-0.514159083366394
i2c,4,45,0.001753577611121035,0.017688593003125794,-0.07776212692260742
i2c,5,45,0.0007806934710124433,0.011248243166099028,-0.12388348579406738
i2c,6,45,0.0014216746758471746,0.0016924589713902677,-0.0836782455444336
i2c,7,45,0.0037930660159568447,0.02050693345358552,-0.31949150562286377
i2c,8,45,0.0015651606185397154,0.007696959570858322,-0.050942301750183105
i2c,9,45,0.0021508866395201706,0.005574705248150472,-0.6461396217346191
i2c,0,46,0.001786255630240291,0.007989462773700454,-0.29797136783599854
i2c,1,46,0.0015764066135018004,0.025104366495849198,-0.05533397197723389
i2c,2,46,0.004138209361791864,0.013149311273721834,-0.3453102111816406
i2c,3,46,0.004327002180236447,0.020951126475688447,-0.5742839574813843
i2c,4,46,0.0018265928507954013,0.01840235870115825,-0.08351349830627441
i2c,5,46,0.0007888632627562897,0.011392580239090164,-0.12523043155670166
i2c,6,46,0.001376186938521963,0.0018919227336917643,-0.07395398616790771
i2c,7,46,0.0039020849092482393,0.02108210251519689,-0.32343780994415283
i2c,8,46,0.0016883203886722403,0.008057686985499773,-0.05585300922393799
i2c,9,46,0.002132055257336486,0.005640069804252884,-0.6329256296157837
i2c,0,47,0.0019228722591716624,0.008167577724004199,-0.32349467277526855
i2c,1,47,0.0015648613477105278,0.02592860373708228,-0.05538225173950195
i2c,2,47,0.004453858628626697,0.01353639154668769,-0.4009920358657837
i2c,3,47,0.004571059621031701,0.021288625381163356,-0.635380744934082
i2c,4,47,0.0018954018465175693,0.019103787031147,-0.08898258209228516
i2c,5,47,0.0008157591715580101,0.011636265848990648,-0.12883758544921875
i2c,6,47,0.0013465890489302579,0.0021344744207283245,-0.06719720363616943
i2c,7,47,0.004024330211948611,0.021693624321140345,-0.33157896995544434
i2c,8,47,0.001822584195094179,0.008404883183010789,-0.06238055229187012
i2c,9,47,0.0020566609973369093,0.0057100417298117795,-0.6059976816177368
i2c,0,48,0.0021111410307734224,0.008376809226032567,-0.3541560173034668
i2c,1,48,0.0015445601786078442,0.026828108986645297,-0.0534592866897583
i2c,2,48,0.004738607056266345,0.01386808149858422,-0.4519590139389038
i2c,3,48,0.004813815718262213,0.02149039358457565,-0.6990729570388794
i2c,4,48,0.0019855079180960272,0.01982807968915283,-0.09880626201629639
i2c,5,48,0.0008400397245687183,0.011899518422785207,-0.1311713457107544
i2c,6,48,0.0013271356680226234,0.002441246094901331,-0.06350255012512207
i2c,7,48,0.004159857516470071,0.022245240546715533,-0.3408130407333374
i2c,8,48,0.0019750617699810236,0.008791453387929207,-0.06939244270324707
i2c,9,48,0.0018498448872053541,0.005691338153542613,-0.5591881275177002
i2c,0,49,0.002281562695478939,0.008568903926530966,-0.37862586975097656
i2c,1,49,0.0015172033860904877,0.027824390810173863,-0.050719499588012695
i2c,2,49,0.005053533426340455,0.014211604707110456,-0.5176055431365967
i2c,3,49,0.005053889015023044,0.02163788515471171,-0.7628501653671265
i2c,4,49,0.0020816074435825935,0.02056142204272149,-0.1116265058517456
i2c,5,49,0.0009236478498892281,0.01215833319959013,-0.14184021949768066
i2c,6,49,0.0013308798888705259,0.002766370177173391,-0.06439614295959473
i2c,7,49,0.004283622230252533,0.022778328312969456,-0.34757494926452637
i2c,8,49,0.002121210081007255,0.009247875165867114,-0.07645320892333984
i2c,9,49,0.001656594391786434,0.005718298970772126,-0.5133911371231079
i2c,0,50,0.002395978023046169,0.008760486349586177,-0.3870584964752197
i2c,1,50,0.0014788009916593126,0.028923314826850996,-0.04783022403717041
i2c,2,50,0.005328002013382495,0.014566021964076609,-0.5688608884811401
i2c,3,50,0.005264184826695155,0.021971515699625785,-0.8171155452728271
i2c,4,50,0.002190896398677783,0.021257632603592133,-0.12777531147003174
i2c,5,50,0.0010347189834702952,0.012436474002956,-0.15887820720672607
i2c,6,50,0.0013481853298382349,0.003134288122356027,-0.06818568706512451
i2c,7,50,0.004396553190672281,0.023175308973285486,-0.34975898265838623
i2c,8,50,0.0022543759132455515,0.009715536974443648,-0.08196210861206055
i2c,9,50,0.0014465160759399368,0.005780836122779853,-0.4628925323486328
i2c,0,51,0.002454953637842608,0.008986910058618527,-0.3802751302719116
i2c,1,51,0.00146990161751024,0.0298424053978891,-0.051296353340148926
i2c,2,51,0.005584249765311987,0.014941873759023089,-0.6130175590515137
i2c,3,51,0.005445717064751304,0.022452082165471496,-0.863005518913269
i2c,4,51,0.0022861002775237393,0.021904717373039784,-0.14501690864562988
i2c,5,51,0.0010750176564204295,0.01271501520713865,-0.1661515235900879
i2c,6,51,0.001347442161151076,0.0034954099051722476,-0.07168734073638916
i2c,7,51,0.0044909504255527255,0.02361086448889746,-0.3483266830444336
i2c,8,51,0.002363302809738871,0.01027872385176623,-0.08687472343444824
i2c,9,51,0.0012339464133151734,0.005833794178377427,-0.4124786853790283
i2c,0,52,0.0025055976397052454,0.00925674361209465,-0.3672184944152832
i2c,1,52,0.0014356658515003798,0.0309269769193726,-0.05345273017883301
i2c,2,52,0.005815454448114286,0.015368661475393217,-0.6480345726013184
i2c,3,52,0.005598227570643197,0.023142167906275143,-0.8924674987792969
i2c,4,52,0.0024162310666963893,0.022473000819988972,-0.16563010215759277
i2c,5,52,0.0011368884391984233,0.012975537360633477,-0.1751948595046997
i2c,6,52,0.001369021147571571,0.003902669220290658,-0.08003067970275879
i2c,7,52,0.0045330573075931455,0.02415135411014717,-0.341668963432312
i2c,8,52,0.002434634250809295,0.01087970596764512,-0.08972609043121338
i2c,9,52,0.0011480628722541908,0.005790417317515825,-0.3936436176300049
i2c,0,53,0.0025674936974241364,0.009551587963963465,-0.3594704866409302
i2c,1,53,0.0014204983359958276,0.03199652488395302,-0.0609508752822876
i2c,2,53,0.00613478827253984,0.015833559070428452,-0.7152630090713501
i2c,3,53,0.005724957728533278,0.023960351464139884,-0.9149762392044067
i2c,4,53,0.0025411744150278456,0.02302692541663523,-0.18708837032318115
i2c,5,53,0.0011808769706666764,0.013204574025342988,-0.18148529529571533
i2c,6,53,0.0013709323913355942,0.004328406470538684,-0.08582139015197754
i2c,7,53,0.004554935532723618,0.02462678401859021,-0.3325166702270508
i2c,8,53,0.0024839708703562613,0.01137274411881492,-0.09133708477020264
i2c,9,53,0.0010743108711778818,0.00579723491306125,-0.3788262605667114
i2c,0,54,0.0026287768230658926,0.009820261655045001,-0.3521230220794678
i2c,1,54,0.0014239681864748055,0.03306251275402364,-0.0698843002319336
i2c,2,54,0.006365204651341119,0.01638301681962316,-0.7579256296157837
i2c,3,54,0.005837840387238877,0.024788952382066243,-0.9347032308578491
i2c,4,54,0.0026811334239929194,0.02344158643134979,-0.20960593223571777
i2c,5,54,0.001208574785694673,0.013471103482790278,-0.18457937240600586
i2c,6,54,0.001351100116679646,0.004743246044147081,-0.08991122245788574
i2c,7,54,0.004548148635754423,0.025020085482317683,-0.32374274730682373
i2c,8,54,0.0025140418115008195,0.011722966026384896,-0.0911257266998291
i2c,9,54,0.0009930995501504433,0.005873418586842288,-0.3606832027435303
i2c,0,55,0.002694590042644038,0.01008300241759047,-0.3515363931655884
i2c,1,55,0.0014375656165070277,0.03400763635933385,-0.07927346229553223
i2c,2,55,0.006601646109981263,0.016936270962455202,-0.824467658996582
i2c,3,55,0.006023400944195609,0.025733744486776136,-0.9840676784515381
i2c,4,55,0.002871691462990364,0.023765987945898764,-0.24256491661071777
i2c,5,55,0.001225680099002792,0.013707622988367987,-0.18420147895812988
i2c,6,55,0.001303362297396464,0.005164330055738714,-0.08709514141082764
i2c,7,55,0.004567862733695215,0.025287539074913906,-0.32234060764312744
i2c,8,55,0.0025634320215614376,0.012074581429930287,-0.09222984313964844
i2c,9,55,0.0009001207150239054,0.005914097476637278,-0.3363058567047119
i2c,0,56,0.0027620715928333983,0.010395979442768905,-0.35890042781829834
i2c,1,56,0.0014377202575984668,0.03497509709863511,-0.08610987663269043
i2c,2,56,0.006980010621411403,0.01748926175641946,-0.9161149263381958
i2c,3,56,0.006184230093017717,0.026749742462944162,-1.0260545015335083
i2c,4,56,0.003115201645683137,0.024048637075506807,-0.28734302520751953
i2c,5,56,0.0012851950829955994,0.014015104643315901,-0.19026947021484375
i2c,6,56,0.0012595382061000512,0.00563319587301897,-0.08373534679412842
i2c,7,56,0.004606756445692625,0.025474319321840744,-0.3244953155517578
i2c,8,56,0.0026001813394799095,0.012411797905964014,-0.09181022644042969
i2c,9,56,0.0008123231676762654,0.005999311278568065,-0.31088316440582275
i2c,0,57,0.0028407746992036853,0.010682671366650909,-0.37608015537261963
i2c,1,57,0.001453350045807246,0.03571569015907104,-0.09478151798248291
i2c,2,57,0.007342219616669053,0.01804819449562349,-0.9947218894958496
i2c,3,57,0.0063209644651584865,0.027823148042841264,-1.061792016029358
i2c,4,57,0.0033951804148011147,0.024434078241967333,-0.34309840202331543
i2c,5,57,0.0013471296530377652,0.014515622201198883,-0.19634974002838135
i2c,6,57,0.0012408570252869441,0.0061069385673646615,-0.083892822265625
i2c,7,57,0.004624374955534159,0.025768496409807218,-0.32350051403045654
i2c,8,57,0.0026476376963425335,0.012751045368753516,-0.0931394100189209
i2c,9,57,0.000795463168259368,0.0061441398915495354,-0.3021562099456787
i2c,0,58,0.002911590048084417,0.01104075320771225,-0.4018808603286743
i2c,1,58,0.0014786064535297697,0.03633431062858551,-0.10631513595581055
i2c,2,58,0.007674682058802118,0.01868605897474679,-1.0605744123458862
i2c,3,58,0.006448143201462073,0.028909119680176454,-1.0941923260688782
i2c,4,58,0.0036435184289936168,0.024905001149754594,-0.3915283679962158
i2c,5,58,0.0014087667964880202,0.015046287064164415,-0.20310699939727783
i2c,6,58,0.0012378413011625497,0.006621913162421986,-0.08607721328735352
i2c,7,58,0.00464314293878678,0.02598376081859724,-0.3243170976638794
i2c,8,58,0.0027331151545834514,0.012994329226227619,-0.09802031517028809
i2c,9,58,0.0007893553418659369,0.006306523780368334,-0.29394078254699707
i2c,0,59,0.003008702926240711,0.011387633964717953,-0.4477792978286743
i2c,1,59,0.001539695382783035,0.03668860449418568,-0.12267613410949707
i2c,2,59,0.007981559100354696,0.019384380297499365,-1.1154690980911255
i2c,3,59,0.006558402699567749,0.03001686019361896,-1.1222703456878662
i2c,4,59,0.0038803754244807823,0.025368946888108215,-0.4381380081176758
i2c,5,59,0.0014707625652456008,0.015595766839444178,-0.20960140228271484
i2c,6,59,0.001246449282901109,0.007092998819395152,-0.0889366865158081
i2c,7,59,0.004653724163978502,0.026413928863013733,-0.3264603614807129
i2c,8,59,0.0028040702583573274,0.013284444475502505,-0.10216760635375977
i2c,9,59,0.0007832987310060283,0.006533723745379125,-0.2867320775985718
i2c,0,60,0.0031101029996715157,0.011724689262732915,-0.49775230884552
i2c,1,60,0.0016345040184259294,0.037413973479611826,-0.1446380615234375
i2c,2,60,0.0082517775844127,0.02007740214944337,-1.1584343910217285
i2c,3,60,0.0066539034335571234,0.03114018913013858,-1.1454472541809082
i2c,4,60,0.0041075170273851755,0.02597348713641416,-0.4838590621948242
i2c,5,60,0.0015090935835141844,0.016207008195587957,-0.21117150783538818
i2c,6,60,0.001314115066309865,0.007518749403132449,-0.0960841178894043
i2c,7,60,0.004681501887985502,0.02676153153706104,-0.32834935188293457
i2c,8,60,0.002876148709618845,0.013572153826860903,-0.10756707191467285
i2c,9,60,0.0007902267359756604,0.0067931380338840525,-0.2823634147644043
i2c,0,61,0.0031626412666051484,0.012132220072363753,-0.5321085453033447
i2c,1,61,0.001717717874753659,0.038168218231756895,-0.16020774841308594
i2c,2,61,0.008497813788842096,0.020706584245322984,-1.1933254599571228
i2c,3,61,0.0067430074275424,0.03212923869772007,-1.1660827994346619
i2c,4,61,0.004205670739303967,0.026579080543634004,-0.5030685663223267
i2c,5,61,0.0015302809781978718,0.01678729224138603,-0.21004605293273926
i2c,6,61,0.0013964810900752647,0.007971043237637199,-0.10555052757263184
i2c,7,61,0.004656151280663871,0.027058533092508733,-0.3271902799606323
i2c,8,61,0.0029737234145986863,0.013641552649235056,-0.11430132389068604
i2c,9,61,0.000771627866405479,0.0071324406953810066,-0.27289140224456787
i2c,0,62,0.003179060717427573,0.012592403096089208,-0.5442233085632324
i2c,1,62,0.001807928459797735,0.038923015935449154,-0.17719340324401855
i2c,2,62,0.008725118102528656,0.021260963103794633,-1.2214800119400024
i2c,3,62,0.0068204509204463845,0.03311061432377878,-1.1844014525413513
i2c,4,62,0.0042913439566532804,0.02725169450054936,-0.5171738862991333
i2c,5,62,0.001556068548157423,0.017254738844786774,-0.210046648979187
i2c,6,62,0.0014755309757711124,0.00839583955644925,-0.11448514461517334
i2c,7,62,0.004663173123836649,0.027591639835727405,-0.3306328058242798
i2c,8,62,0.003033201022205001,0.01365812522072242,-0.12014102935791016
i2c,9,62,0.0007485341323981293,0.007382823128044225,-0.26296472549438477
i2c,0,63,0.0032440929742225677,0.013001830182405597,-0.5806970596313477
i2c,1,63,0.0018802948542358047,0.039696054817624504,-0.18648672103881836
i2c,2,63,0.008935421684566548,0.02181394986273419,-1.245017647743225
i2c,3,63,0.0068985511877007605,0.03400808262401055,-1.202563762664795
i2c,4,63,0.004366704492947342,0.027968601823926756,-0.5299478769302368
i2c,5,63,0.0015780182949626936,0.01774000971667855,-0.20849323272705078
i2c,6,63,0.0015302260584590874,0.00882480907263157,-0.11980032920837402
i2c,7,63,0.004679088616325676,0.028267269900875247,-0.3334702253341675
i2c,8,63,0.003142865988404825,0.013664398791497681,-0.12950098514556885
i2c,9,63,0.0007029537066813446,0.007550583043902354,-0.2507897615432739
i2c,0,64,0.00330906303977066,0.013339986996736788,-0.6156748533248901
i2c,1,64,0.0019253988411372658,0.04049703373671107,-0.19405686855316162
i2c,2,64,0.009133554494456617,0.02225717690703327,-1.2650259137153625
i2c,3,64,0.0069761417695210284,0.03488523009611136,-1.2200311422348022
i2c,4,64,0.004440943566466259,0.028681670485338387,-0.5496745109558105
i2c,5,64,0.001589172820650138,0.018212215596381046,-0.20479226112365723
i2c,6,64,0.0015886558881325202,0.009246332874232918,-0.12517118453979492
i2c,7,64,0.004722262653874376,0.028887180994894332,-0.3421534299850464
i2c,8,64,0.003249362298111569,0.013721126970914724,-0.142195463180542
i2c,9,64,0.0006512418294922009,0.0077826623883330975,-0.23784613609313965
i2c,0,65,0.0033835022131464,0.013638589951576241,-0.6491967439651489
i2c,1,65,0.002008483768825897,0.04139071109362891,-0.20713460445404053
i2c,2,65,0.00931049463631261,0.022534728054209613,-1.2810858488082886
i2c,3,65,0.0070592641565166425,0.035837120443636836,-1.237061321735382
i2c,4,65,0.0045075056464074365,0.02940910111939654,-0.5682958364486694
i2c,5,65,0.0016149748456807667,0.01869203694854088,-0.20306706428527832
i2c,6,65,0.0016442528287107655,0.0096651262222016,-0.13055336475372314
i2c,7,65,0.00476620775404691,0.02971895695629144,-0.35198497772216797
i2c,8,65,0.0033501483061275233,0.013789244424516539,-0.1540893316268921
i2c,9,65,0.0006028830135558494,0.008006433462666163,-0.22648561000823975
i2c,0,66,0.0034146783718442403,0.013940544005266134,-0.6646080017089844
i2c,1,66,0.0021238971921476515,0.04231279691063214,-0.22900784015655518
i2c,2,66,0.009466855345565184,0.02269127545726815,-1.2937755584716797
i2c,3,66,0.007132016321511149,0.03679569494953748,-1.2520874738693237
i2c,4,66,0.004566704372642311,0.03014165834852206,-0.5856173038482666
i2c,5,66,0.0016780429815481251,0.019156862797254967,-0.2094029188156128
i2c,6,66,0.0017302183321657172,0.010016339890983314,-0.14103305339813232
i2c,7,66,0.004797591149913523,0.03049690720804335,-0.3637620210647583
i2c,8,66,0.0034512097332850405,0.013961016741964302,-0.16974759101867676
i2c,9,66,0.0005599770938216064,0.00827361931032701,-0.21682000160217285
i2c,0,67,0.003437525011556128,0.014226379565367708,-0.6789945363998413
i2c,1,67,0.00225408599554857,0.04307677891246382,-0.25571489334106445
i2c,2,67,0.009630865330732041,0.022887391068209625,-1.3064303994178772
i2c,3,67,0.007196015008758272,0.03775596710289597,-1.2653897404670715
i2c,4,67,0.004563080761726172,0.030886252846862597,-0.5859853029251099
i2c,5,67,0.0017140013046679087,0.019559424556716276,-0.21176421642303467
i2c,6,67,0.001798589225372911,0.010361492769776381,-0.14637458324432373
i2c,7,67,0.0048379515683405275,0.031208934253245307,-0.37710320949554443
i2c,8,67,0.003493283398651764,0.014179928905061492,-0.17735278606414795
i2c,9,67,0.0005077540381797779,0.008604985662374623,-0.20521771907806396
i2c,0,68,0.0035550884402728855,0.014445441414166968,-0.7167917490005493
i2c,1,68,0.0023585759104021303,0.04395601695383565,-0.2718161344528198
i2c,2,68,0.009501508913327815,0.023020555479041666,-1.2929871678352356
i2c,3,68,0.007228371967416852,0.038877728504811776,-1.2707061767578125
i2c,4,68,0.004566432459716226,0.031468893998972056,-0.581789493560791
i2c,5,68,0.0017680054471808926,0.019772603006624978,-0.22159063816070557
i2c,6,68,0.00182325221320645,0.010693243317407702,-0.1465296745300293
i2c,7,68,0.004853063148248099,0.03187796412015355,-0.38687026500701904
i2c,8,68,0.003527987337858418,0.014552835269255604,-0.18416965007781982
i2c,9,68,0.0004523623058565601,0.00886480861752395,-0.1950775384902954
i2c,0,69,0.003656892278291579,0.01469431386258234,-0.7498461008071899
i2c,1,69,0.002470863987430405,0.044747273599504145,-0.2896488904953003
i2c,2,69,0.009387430183698128,0.023278762794077743,-1.2797152996063232
i2c,3,69,0.007257003498249585,0.03996526553021863,-1.275571048259735
i2c,4,69,0.0045503584510576955,0.032070263157526854,-0.566912055015564
i2c,5,69,0.0018747864771610778,0.01987071191970116,-0.2411184310913086
i2c,6,69,0.001833060602345539,0.0110814725393137,-0.14263975620269775
i2c,7,69,0.004867888451317005,0.0325678021588309,-0.39657270908355713
i2c,8,69,0.0035465112585940373,0.015060444668382203,-0.1886584758758545
i2c,9,69,0.00041770433114522026,0.00914860110654836,-0.18874812126159668
i2c,0,70,0.0037807853422248267,0.014871494097043983,-0.7813231945037842
i2c,1,70,0.0025742176886949797,0.04564808207919446,-0.3057593107223511
i2c,2,70,0.009286145761304772,0.023653737238210182,-1.2666170597076416
i2c,3,70,0.007280222170899221,0.0408338614000657,-1.279967188835144
i2c,4,70,0.004529641036459919,0.032650169972106124,-0.5470196008682251
i2c,5,70,0.0019149708155437595,0.020021539507144567,-0.2513742446899414
i2c,6,70,0.0019110810211169851,0.01147939647828597,-0.14659571647644043
i2c,7,70,0.004838606336599688,0.03305029390100127,-0.39437854290008545
i2c,8,70,0.0035354208656413755,0.015581185374721904,-0.18708109855651855
i2c,9,70,0.00037781395492046677,0.009322991252312951,-0.183282732963562
i2c,0,71,0.003884725991706861,0.015083006949627067,-0.8097087144851685
i2c,1,71,0.0026202326235741716,0.046724165247576624,-0.31050384044647217
i2c,2,71,0.009194156571610108,0.024144894574982367,-1.2535748481750488
i2c,3,71,0.007302630874006545,0.041669972810983766,-1.28397798538208
i2c,4,71,0.004522805721783256,0.033238203313167625,-0.5367989540100098
i2c,5,71,0.001976947243344719,0.02009654703788112,-0.26711416244506836
i2c,6,71,0.0020130785812428123,0.011934868255573161,-0.15503478050231934
i2c,7,71,0.0048369559609788,0.03373220400470038,-0.3929845094680786
i2c,8,71,0.003497410784004118,0.016231092698384034,-0.18081963062286377
i2c,9,71,0.00032574349732837626,0.009521653148535994,-0.17532849311828613
i2c,0,72,0.003981463012978831,0.015288865627843443,-0.8366494178771973
i2c,1,72,0.0025950966528903996,0.047909336247366555,-0.3024477958679199
i2c,2,72,0.009093559455440686,0.02464034202663451,-1.239585518836975
i2c,3,72,0.007331834062148504,0.04239207116162391,-1.289450764656067
i2c,4,72,0.004536967381539192,0.03387127427425282,-0.5276731252670288
i2c,5,72,0.002092931887127787,0.020237761808662977,-0.2899658679962158
i2c,6,72,0.002099387910100628,0.012470374314077548,-0.16162610054016113
i2c,7,72,0.004813679898473908,0.03423763680522211,-0.38804173469543457
i2c,8,72,0.0034713651629862535,0.01687449533178026,-0.1777482032775879
i2c,9,72,0.000283911387997382,0.009811843167873702,-0.16870534420013428
i2c,0,73,0.004085877902669871,0.015457693300201844,-0.8638536334037781
i2c,1,73,0.002615716087144733,0.04859371066543511,-0.3080230951309204
i2c,2,73,0.008982518437989868,0.025143241852384743,-1.223393440246582
i2c,3,73,0.007357477947731582,0.04312723384899228,-1.2941259741783142
i2c,4,73,0.004614527880587346,0.034583959767003056,-0.5299406051635742
i2c,5,73,0.0022293141983218967,0.020496044730707777,-0.31433403491973877
i2c,6,73,0.002175275866409608,0.01302728663683557,-0.1670684814453125
i2c,7,73,0.004843038306456049,0.0349172803591251,-0.38820552825927734
i2c,8,73,0.0034332203708037495,0.017607590574950052,-0.17320168018341064
i2c,9,73,0.00025619336446464774,0.010026198690143026,-0.16309869289398193
i2c,0,74,0.0041884019853025145,0.01559330980294317,-0.8896213173866272
i2c,1,74,0.0026359077202060197,0.049319044148222344,-0.3117101192474365
i2c,2,74,0.008875830576288476,0.02559841363579221,-1.2071332335472107
i2c,3,74,0.007391557980098128,0.043803063949276855,-1.3002395033836365
i2c,4,74,0.004720910289964388,0.03550741289267616,-0.5453314781188965
i2c,5,74,0.002352705318055981,0.02075313579767689,-0.334885835647583
i2c,6,74,0.0022148357974856314,0.013661403481719361,-0.16667211055755615
i2c,7,74,0.004882675721312887,0.03585560504782938,-0.39209139347076416
i2c,8,74,0.003372300609181325,0.018385308235012415,-0.1645660400390625
i2c,9,74,0.0002335005513745131,0.010131947061968447,-0.1566619873046875
i2c,0,75,0.004282297823491002,0.01568110136792078,-0.9146798849105835
i2c,1,75,0.002596919995475837,0.05000058122937934,-0.3006051778793335
i2c,2,75,0.008773874203967948,0.02613724932709499,-1.1909924149513245
i2c,3,75,0.007432829188186926,0.04463089287144319,-1.3073192834854126
i2c,4,75,0.004830171222941951,0.03633551357034967,-0.5609991550445557
i2c,5,75,0.0024383980353194154,0.02089230294470558,-0.34669339656829834
i2c,6,75,0.0022555540000302257,0.014226756169132132,-0.1681133508682251
i2c,7,75,0.004899872250392394,0.036675029803221806,-0.38780200481414795
i2c,8,75,0.003300016982548684,0.019126831516249818,-0.15335237979888916
i2c,9,75,0.00022054730377031595,0.010054535737737513,-0.15167033672332764
i2c,0,76,0.004379499919857782,0.01575413076240234,-0.9387691617012024
i2c,1,76,0.0026034884647266054,0.05097379867746875,-0.2998828887939453
i2c,2,76,0.008676911181786665,0.026660897748449583,-1.1741865873336792
i2c,3,76,0.00747205162311311,0.04535875063260386,-1.3139573335647583
i2c,4,76,0.0048950249679484,0.03696894140184134,-0.5644416809082031
i2c,5,76,0.00250508406264624,0.0210073731195565,-0.35453343391418457
i2c,6,76,0.002298875934787045,0.014832315225688952,-0.17108213901519775
i2c,7,76,0.004934697065772903,0.037311236795878513,-0.38795697689056396
i2c,8,76,0.00330705075828458,0.019914962610979553,-0.15038394927978516
i2c,9,76,0.00021409258012836108,0.009980557816156768,-0.15060067176818848
i2c,0,77,0.0044792879923972045,0.015819781406474484,-0.9613938927650452
i2c,1,77,0.002675610832014355,0.052315521459157854,-0.31305229663848877
i2c,2,77,0.008585970984405868,0.02709528458334795,-1.157827079296112
i2c,3,77,0.007502207937103274,0.04616119554275329,-1.3188541531562805
i2c,4,77,0.00492960207627656,0.03766422047405468,-0.5657202005386353
i2c,5,77,0.0026008241592687595,0.021199752597826957,-0.36541748046875
i2c,6,77,0.0023242934907784785,0.01528861120073717,-0.17210280895233154
i2c,7,77,0.0049568953123718396,0.03812382334069929,-0.38708722591400146
i2c,8,77,0.003290759156321904,0.020722002598412725,-0.14456486701965332
i2c,9,77,0.00020748656764527779,0.009832779027950947,-0.14669418334960938
i2c,0,78,0.0045911349037484755,0.01588462349757272,-0.9834082722663879
i2c,1,78,0.0027450412294282855,0.053550509834071586,-0.32513201236724854
i2c,2,78,0.008795004547689868,0.027522517210140096,-1.1666463613510132
i2c,3,78,0.007517242777796869,0.047039915828422804,-1.322354257106781
i2c,4,78,0.004968715401114675,0.038148826395476426,-0.5649204254150391
i2c,5,78,0.0026576023977899557,0.021487141759306494,-0.367617130279541
i2c,6,78,0.002371775990015909,0.015735450813555027,-0.1780550479888916
i2c,7,78,0.004930343661691698,0.03906846046471145,-0.37868595123291016
i2c,8,78,0.0033020114802387313,0.021546758587009954,-0.14221549034118652
i2c,9,78,0.0001803231986174103,0.009738265423228101,-0.14360451698303223
i2c,0,79,0.004693651196011256,0.015986745420521906,-1.0044618248939514
i2c,1,79,0.0028208772769444113,0.05469148568385243,-0.3358488082885742
i2c,2,79,0.008982875706527796,0.028007432856409567,-1.173449695110321
i2c,3,79,0.007523481472766103,0.04799661301727079,-1.3242462873458862
i2c,4,79,0.005010715917660884,0.03876354628589242,-0.5626543760299683
i2c,5,79,0.00262764105388065,0.021738057871587807,-0.35513627529144287
i2c,6,79,0.002418693036496146,0.016169722097561012,-0.18432307243347168
i2c,7,79,0.0048753254565026966,0.040036172087424174,-0.36687612533569336
i2c,8,79,0.0033503993294853734,0.022270611470335322,-0.1450493335723877
i2c,9,79,0.00015954249362169076,0.009667533988175867,-0.14036130905151367
i2c,0,80,0.004783860467923201,0.01606295817767868,-1.0232564210891724
i2c,1,80,0.00291100255320198,0.055649844508123186,-0.3482104539871216
i2c,2,80,0.009134532235687179,0.028441006155699375,-1.1753122806549072
i2c,3,80,0.007517900882663145,0.04920968887124938,-1.323487102985382
i2c,4,80,0.005047916086132594,0.03934690876599077,-0.5661427974700928
i2c,5,80,0.002621616186935849,0.022043094674626743,-0.34862351417541504
i2c,6,80,0.0024624249959908917,0.016630970463061806,-0.19169557094573975
i2c,7,80,0.004828980592840794,0.040963557722734106,-0.35737061500549316
i2c,8,80,0.003398415047259462,0.02307724521971871,-0.14762794971466064
i2c,9,80,0.0001429294307542378,0.009589493756465395,-0.13683068752288818
i2c,0,81,0.0048719286314114485,0.016126312129684406,-1.0405025482177734
i2c,1,81,0.0030050727802333962,0.056616790178233484,-0.365619421005249
i2c,2,81,0.009250045322259606,0.028853067374429275,-1.1736860871315002
i2c,3,81,0.007523525449543225,0.050414388539638255,-1.3245713710784912
i2c,4,81,0.0050939049524580116,0.039890544993663346,-0.5698658227920532
i2c,5,81,0.0026195525740316528,0.022478122564509068,-0.34226787090301514
i2c,6,81,0.0025075435803675744,0.01709546178449603,-0.19943511486053467
i2c,7,81,0.0047927650197084615,0.0418508315132743,-0.3497723340988159
i2c,8,81,0.003459370725479749,0.023616322980546722,-0.150978684425354
i2c,9,81,0.0001038226873141812,0.00959693552558541,-0.13170433044433594
i2c,0,82,0.00496309484896687,0.016204689712865636,-1.0560057759284973
i2c,1,82,0.0031545323897083435,0.05745953032739107,-0.4028151035308838
i2c,2,82,0.00935998018275852,0.029179210637663364,-1.1722408533096313
i2c,3,82,0.007537059780738618,0.05153806837594356,-1.3274232745170593
i2c,4,82,0.005116562111453289,0.04044139598841873,-0.5685092210769653
i2c,5,82,0.0026178662855834076,0.022947201609050033,-0.3379213809967041
i2c,6,82,0.0025180526837882827,0.01756377737182864,-0.2016826868057251
i2c,7,82,0.004782792584184618,0.04281439240207552,-0.3464016914367676
i2c,8,82,0.0035124587606838453,0.023939176044039806,-0.15211081504821777
i2c,9,82,8.494811467504165e-05,0.009581797951020973,-0.12847387790679932
i2c,0,83,0.005062270760411575,0.016302411225266614,-1.0701904296875
i2c,1,83,0.003326326842776374,0.05814740841608253,-0.45493829250335693
i2c,2,83,0.009452267249559207,0.02952184690739787,-1.1690950989723206
i2c,3,83,0.007545367406168589,0.05257661047986685,-1.3290202021598816
i2c,4,83,0.005280374211589729,0.04094860312813489,-0.5847629308700562
i2c,5,83,0.0025945218184879534,0.023538959290546002,-0.3290104866027832
i2c,6,83,0.0025586562379417283,0.01804056438376332,-0.21111464500427246
i2c,7,83,0.004753955433588759,0.04404208792522821,-0.33994245529174805
i2c,8,83,0.003558140937687637,0.0241666352752697,-0.15250670909881592
i2c,9,83,3.3570254858623916e-05,0.009599236200979994,-0.12245631217956543
i2c,0,84,0.005160932451462721,0.016423752366670943,-1.083370327949524
i2c,1,84,0.003500333400416812,0.059056188574608315,-0.5117626190185547
i2c,2,84,0.009535158156803065,0.029892557773140357,-1.165573239326477
i2c,3,84,0.007547758862467696,0.053532830340614845,-1.3294700384140015
i2c,4,84,0.005435638710232178,0.04147448718727667,-0.5970898866653442
i2c,5,84,0.0026180073617668095,0.024183837850540194,-0.3311055898666382
i2c,6,84,0.002568962983576041,0.018481459054365573,-0.21391797065734863
i2c,7,84,0.004711042776313061,0.04507973677976103,-0.33116960525512695
i2c,8,84,0.00360224691886403,0.024330917193308085,-0.15386736392974854
i2c,9,84,-3.221344097725787e-05,0.009567650091948293,-0.11842334270477295
i2c,0,85,0.0052578796355553375,0.01660233315703069,-1.0966477394104004
i2c,1,85,0.0036634031370206058,0.05988558294938759,-0.5645267963409424
i2c,2,85,0.009609746102799875,0.030285371696215313,-1.1619905233383179
i2c,3,85,0.007550251471877774,0.05440332187321298,-1.3301929831504822
i2c,4,85,0.005578555034087836,0.041942232603698754,-0.609130859375
i2c,5,85,0.0026192039431910466,0.024801682707236317,-0.33074235916137695
i2c,6,85,0.0025958138000191505,0.018966515005801154,-0.2212536334991455
i2c,7,85,0.00466363584706634,0.0459197041238171,-0.320837140083313
i2c,8,85,0.003626686254063996,0.024602880045943104,-0.15111136436462402
i2c,9,85,-8.110155964695387e-05,0.009629833086889417,-0.11635088920593262
i2c,0,86,0.005357724184370957,0.016835112318464338,-1.110065519809723
i2c,1,86,0.0038523413989855967,0.06064559580286234,-0.6321271657943726
i2c,2,86,0.009677687095573768,0.03055331862424926,-1.158701479434967
i2c,3,86,0.0075470059385223665,0.05518760256413069,-1.3297927975654602
i2c,4,86,0.005725504078263992,0.042271639756565116,-0.6287741661071777
i2c,5,86,0.0025962055261136846,0.0254194181477629,-0.32507407665252686
i2c,6,86,0.0026377386496055713,0.01954061050482095,-0.22925186157226562
i2c,7,86,0.004683104132782237,0.04699032692349499,-0.31706035137176514
i2c,8,86,0.0035939571584742425,0.02489461344394714,-0.14423704147338867
i2c,9,86,-0.00012572583778144852,0.009722337154988353,-0.11337268352508545
i2c,0,87,0.005471628622951641,0.017074432772451256,-1.1231619715690613
i2c,1,87,0.0040155004043725614,0.06159603973683671,-0.6893577575683594
i2c,2,87,0.00974408803738315,0.03083006759576551,-1.1554698944091797
i2c,3,87,0.007523506603552228,0.05598526628378071,-1.3259742259979248
i2c,4,87,0.005831868221816694,0.04253416953951464,-0.6365338563919067
i2c,5,87,0.002562582218625195,0.02591922984247931,-0.3185189962387085
i2c,6,87,0.0026835435985629735,0.02018481076447609,-0.23838520050048828
i2c,7,87,0.00471655173966979,0.04791358502808099,-0.31588852405548096
i2c,8,87,0.0035906089077705344,0.025253930742196035,-0.14028728008270264
i2c,9,87,-0.00018746903369151052,0.009811397766403412,-0.10945785045623779
i2c,0,88,0.00560167639522402,0.017429224779849567,-1.1315211057662964
i2c,1,88,0.004175647251671667,0.0624190270723291,-0.7434600591659546
i2c,2,88,0.009802024679104925,0.03110819700547253,-1.1508998274803162
i2c,3,88,0.007499240498625395,0.05669594000044503,-1.3214027881622314
i2c,4,88,0.005967719144378103,0.04315360965464185,-0.6565593481063843
i2c,5,88,0.0025782009993615476,0.026249265461566265,-0.319364070892334
i2c,6,88,0.0026971540092422877,0.02087825577476983,-0.2415832281112671
i2c,7,88,0.004779950441913539,0.04878363313273372,-0.3190425634384155
i2c,8,88,0.0035943587962679324,0.02566850628608755,-0.13872253894805908
i2c,9,88,-0.00024111826448255935,0.010009262029777574,-0.10614168643951416
i2c,0,89,0.005699849595011103,0.01773158066745656,-1.1377829909324646
i2c,1,89,0.004403273202010789,0.0634032000174455,-0.8169126510620117
i2c,2,89,0.009857723462329784,0.03138888491160506,-1.1465051770210266
i2c,3,89,0.007489417216440239,0.05755116945241591,-1.3190422058105469
i2c,4,89,0.006087921031283042,0.04368047803428399,-0.6695517301559448
i2c,5,89,0.002583627962618587,0.026651543110909864,-0.3192647695541382
i2c,6,89,0.002657680100247195,0.021516770128927998,-0.2333211898803711
i2c,7,89,0.0048343675437858,0.04984557232576947,-0.32024717330932617
i2c,8,89,0.0035772224677732417,0.02624689019677405,-0.1343313455581665
i2c,9,89,-0.00029999248908372383,0.010324056035690254,-0.10198414325714111
i2c,0,90,0.005790645670193759,0.01800840443424155,-1.1442549228668213
i2c,1,90,0.0045707586473090825,0.06415542669123243,-0.8634207248687744
i2c,2,90,0.009885551940505562,0.031633033343710606,-1.1389339566230774
i2c,3,90,0.0074253531455450925,0.058413986201110615,-1.3012583255767822
i2c,4,90,0.006191506750642284,0.04419456503085446,-0.6770864725112915
i2c,5,90,0.0026524956838793676,0.026877918144295257,-0.3302091360092163
i2c,6,90,0.002617437012718854,0.022172650717723064,-0.22485804557800293
i2c,7,90,0.00492021878537488,0.05062336546270066,-0.32728803157806396
i2c,8,90,0.003604134705494519,0.0268174778138206,-0.13384950160980225
i2c,9,90,-0.00035767248032592125,0.010557304295805009,-0.09801900386810303
i2c,0,91,0.005889125706169257,0.018255688682547205,-1.1503157019615173
i2c,1,91,0.004699840505119367,0.06512005234848713,-0.8949710726737976
i2c,2,91,0.009912589537454629,0.031874030194468786,-1.1317574977874756
i2c,3,91,0.007365998969402605,0.05914758572331595,-1.2860022187232971
i2c,4,91,0.006292026770273615,0.04502629265665206,-0.6877787113189697
i2c,5,91,0.0026460435513696937,0.0271796838106715,-0.332841157913208
i2c,6,91,0.0025888688380479724,0.022684331688825665,-0.21914029121398926
i2c,7,91,0.005000009844569393,0.051079501546542755,-0.3318291902542114
i2c,8,91,0.003607455199091336,0.027551064914031406,-0.13127601146697998
i2c,9,91,-0.0004038258312313789,0.010762797759894693,-0.09450030326843262
i2c,0,92,0.0059922497053825075,0.018474148610514274,-1.1561380624771118
i2c,1,92,0.004814595945595988,0.06607135797539854,-0.9214374423027039
i2c,2,92,0.00991280035674507,0.032079873744497917,-1.1209518313407898
i2c,3,92,0.007306163731824522,0.059871050589331606,-1.2711312174797058
i2c,4,92,0.006388685445973152,0.04574749022862577,-0.7107419967651367
i2c,5,92,0.002645036161852743,0.027498516171310536,-0.3356417417526245
i2c,6,92,0.0025934356294786687,0.02325913590967242,-0.22256028652191162
i2c,7,92,0.005050545302059659,0.05114026204359934,-0.3357970714569092
i2c,8,92,0.0036520335064771925,0.028480351775844168,-0.13218021392822266
i2c,9,92,-0.0004420129975752224,0.01097377929494936,-0.09190177917480469
i2c,0,93,0.006070989961094092,0.018756383701290597,-1.1601169109344482
i2c,1,93,0.004912854715620044,0.06720981929261527,-0.9421666860580444
i2c,2,93,0.009888410866223517,0.03225007476789378,-1.1068169474601746
i2c,3,93,0.007254865526007612,0.060466025161850664,-1.2581865191459656
i2c,4,93,0.006485230550755908,0.046231098194106035,-0.7397440671920776
i2c,5,93,0.0026448368399071692,0.027858499282141028,-0.3394862413406372
i2c,6,93,0.0025978214268609356,0.023707270695906196,-0.2247370481491089
i2c,7,93,0.0050635865363096375,0.051027904719900694,-0.3352692127227783
i2c,8,93,0.003684677343638254,0.02952087008011553,-0.13230621814727783
i2c,9,93,-0.0004773561592339229,0.011157474088712274,-0.08871722221374512
i2c,0,94,0.006167158622413446,0.018994552467535647,-1.1646526455879211
i2c,1,94,0.004999855193665824,0.06848568651565798,-0.9591863751411438
i2c,2,94,0.009865994300868548,0.03228255725157919,-1.0932758450508118
i2c,3,94,0.007211040698540318,0.06096001229043865,-1.2469956874847412
i2c,4,94,0.006530563351284005,0.04651779584040544,-0.7598171234130859
i2c,5,94,0.002588019798176716,0.028371036984485537,-0.3360499143600464
i2c,6,94,0.002637963974290794,0.0242090161540999,-0.23536479473114014
i2c,7,94,0.0050786757215497275,0.05096150743902193,-0.3353724479675293
i2c,8,94,0.003701914441825327,0.0306609098899039,-0.13092410564422607
i2c,9,94,-0.0005201330840347365,0.011298502092508947,-0.08555483818054199
i2c,0,95,0.006142608431023822,0.01924580900550933,-1.1560254096984863
i2c,1,95,0.005077030605436655,0.06952980570435466,-0.9730467796325684
i2c,2,95,0.009861502472350007,0.03232364509600173,-1.0833405256271362
i2c,3,95,0.007183761117775578,0.06164672432474991,-1.2396794557571411
i2c,4,95,0.006572982845454815,0.04670428568622349,-0.7820320129394531
i2c,5,95,0.0026585885675389567,0.029210336781550314,-0.34415555000305176
i2c,6,95,0.0026856719879267688,0.024508156030170994,-0.24783003330230713
i2c,7,95,0.005092073858002026,0.05122961667312828,-0.33637547492980957
i2c,8,95,0.003726945214407043,0.031707897446212094,-0.129927396774292
i2c,9,95,-0.0005652812541080895,0.01158618754814475,-0.08187270164489746
i2c,0,96,0.006112131100034293,0.019417941733091526,-1.1479730606079102
i2c,1,96,0.005127196312158508,0.07066774273060736,-0.9789264798164368
i2c,2,96,0.009859619996217844,0.03220237316075272,-1.0746924877166748
i2c,3,96,0.0071716642614099435,0.06250433262180936,-1.2360394597053528
i2c,4,96,0.006614387587687703,0.04685774374263199,-0.804084062576294
i2c,5,96,0.002681572703779375,0.029894202158572317,-0.34847867488861084
i2c,6,96,0.0027542362934499034,0.024810933815890307,-0.2647174596786499
i2c,7,96,0.005215028256738648,0.05150826952767401,-0.3433007001876831
i2c,8,96,0.0037360907467780813,0.03278502520064497,-0.1269627809524536
i2c,9,96,-0.0005882011639773491,0.01188094282229353,-0.08075094223022461
i2c,0,97,0.006098976132644485,0.019622302423983676,-1.1426580548286438
i2c,1,97,0.005137852177044287,0.07184283013275854,-0.9745592474937439
i2c,2,97,0.009849659416011,0.03212999602428976,-1.0645992755889893
i2c,3,97,0.007148881959693154,0.06323519089331715,-1.2291301488876343
i2c,4,97,0.0066261010797813436,0.04701747197251285,-0.8076139688491821
i2c,5,97,0.002742145855866164,0.030891186682509397,-0.36135315895080566
i2c,6,97,0.0028223182939028854,0.025182923130897525,-0.2843672037124634
i2c,7,97,0.005327737220777895,0.05189852314762114,-0.3496403694152832
i2c,8,97,0.003787216775522309,0.03389283380480401,-0.12671709060668945
i2c,9,97,-0.0005868877748464937,0.01213699406597371,-0.08251190185546875
i2c,0,98,0.00610252127978321,0.01985190985252623,-1.1398992538452148
i2c,1,98,0.005148350315518059,0.07263109942011303,-0.9700630307197571
i2c,2,98,0.009813315008871483,0.03203112522160316,-1.0504249930381775
i2c,3,98,0.00711899659848194,0.06400158463052054,-1.2207945585250854
i2c,4,98,0.006649610356943392,0.04708760177457916,-0.8147372007369995
i2c,5,98,0.002828306261330557,0.03170911761470463,-0.38143301010131836
i2c,6,98,0.002904967268261123,0.025650377612632544,-0.30661463737487793
i2c,7,98,0.00539988151100472,0.052381386676217126,-0.3526855707168579
i2c,8,98,0.003870931315194198,0.034824976668921065,-0.12993574142456055
i2c,9,98,-0.0005833686886938666,0.012572616385225818,-0.08430874347686768
i2c,0,99,0.006098117513654938,0.020137520469585696,-1.1366549134254456
i2c,1,99,0.005162439375879221,0.07304282803091938,-0.9659745097160339
i2c,2,99,0.00977031496455677,0.03201092653694443,-1.0365140438079834
i2c,3,99,0.007107162088413763,0.06471836875906187,-1.2166553735733032
i2c,4,99,0.006707179878053082,0.04721283742160448,-0.8407158851623535
i2c,5,99,0.0029348865033661797,0.03261871602338276,-0.40707409381866455
i2c,6,99,0.0030278488656123453,0.02620678091573636,-0.3394709825515747
i2c,7,99,0.005419786892156386,0.052824006593304246,-0.3521099090576172
i2c,8,99,0.00394028793492307,0.035592432292350595,-0.13380122184753418
i2c,9,99,-0.0005572622166836599,0.013049773449637717,-0.08902299404144287
i2c,0,100,0.006105703864748832,0.020358002006859194,-1.1345447301864624
i2c,1,100,0.0051314671441425805,0.07316961434300683,-0.9496132731437683
i2c,2,100,0.009726978926644356,0.032008706276725946,-1.0228808522224426
i2c,3,100,0.007106110856740455,0.065607953356595,-1.2155485153198242
i2c,4,100,0.006766534354704021,0.04740852969549711,-0.8649336099624634
i2c,5,100,0.0030167144363447626,0.03328227935385246,-0.429193377494812
i2c,6,100,0.0031250678824053663,0.026590081792584416,-0.36463725566864014
i2c,7,100,0.00543688718724606,0.05340601072304792,-0.3508342504501343
i2c,8,100,0.00400947075271782,0.0362988438217656,-0.1378556489944458
i2c,9,100,-0.0005154053415945825,0.013414603671465936,-0.0941762924194336
i2c,0,101,0.006139701735797545,0.020517404172992332,-1.133851945400238
i2c,1,101,0.005112383735320011,0.07304405030693416,-0.9344649910926819
i2c,2,101,0.009650087790387514,0.03204342696986018,-1.0020643472671509
i2c,3,101,0.0071155416876314825,0.06664399423817019,-1.2172150015830994
i2c,4,101,0.006828768301438283,0.047546234239411705,-0.8905766010284424
i2c,5,101,0.0031843928929872825,0.033879216886738284,-0.46558141708374023
i2c,6,101,0.0032434032149889214,0.026714227254944073,-0.3929450511932373
i2c,7,101,0.005486822927745411,0.05426499370471223,-0.351421594619751
i2c,8,101,0.004055274666169173,0.03702661899042892,-0.13909459114074707
i2c,9,101,-0.0004629733278707082,0.013843794196657558,-0.10105788707733154
i2c,0,102,0.006198232490471939,0.02062150855924122,-1.1343069672584534
i2c,1,102,0.005098120361435213,0.07307946766308547,-0.9191988706588745
i2c,2,102,0.009579871947405158,0.03204901537581921,-0.9825613498687744
i2c,3,102,0.007110143037238392,0.06751115322509767,-1.2143988609313965
i2c,4,102,0.006879573797939326,0.04776976487668605,-0.9119342565536499
i2c,5,102,0.003384710067890831,0.034114859573474196,-0.5114191770553589
i2c,6,102,0.0033647305560842097,0.02675526534255443,-0.41928768157958984
i2c,7,102,0.005545325191728935,0.05498267894970797,-0.3531690835952759
i2c,8,102,0.004084244948667978,0.03785964721016401,-0.13883566856384277
i2c,9,102,-0.00043631403874766495,0.014096776161572441,-0.10634148120880127
i2c,0,103,0.006280032745031167,0.0206824104942383,-1.135671615600586
i2c,1,103,0.005079161452826858,0.0730839841109357,-0.9036592841148376
i2c,2,103,0.009505567345373729,0.032191655026725496,-0.9623014330863953
i2c,3,103,0.007098213699243371,0.06838019994765582,-1.2099213004112244
i2c,4,103,0.006934983854795046,0.04802299582643475,-0.9327239394187927
i2c,5,103,0.0036037785928283023,0.03405391872589637,-0.5622082948684692
i2c,6,103,0.003441272160386054,0.02681836998371341,-0.4340949058532715
i2c,7,103,0.0055628469569072095,0.05558209606917745,-0.35052919387817383
i2c,8,103,0.004100636651557549,0.0386493945418807,-0.13844096660614014
i2c,9,103,-0.00039406471814040084,0.014279661173443606,-0.1122368574142456
i2c,0,104,0.006385451253348676,0.02070801144400279,-1.1380746960639954
i2c,1,104,0.005151858982172443,0.07302355672772673,-0.9192842245101929
i2c,2,104,0.009423218688325269,0.03241227254238349,-0.9393230080604553
i2c,3,104,0.007097496446669384,0.06896382473250054,-1.208348572254181
i2c,4,104,0.0069950693428735555,0.048315741849906904,-0.9528160095214844
i2c,5,104,0.0038392028504935435,0.03396915658134711,-0.6191943883895874
i2c,6,104,0.0034652025134766645,0.02688798597594405,-0.4368898868560791
i2c,7,104,0.005576051481124417,0.05647472643674037,-0.3480583429336548
i2c,8,104,0.004067434793074323,0.0394552764585786,-0.13602185249328613
i2c,9,104,-0.0003289686837152986,0.014342536988863508,-0.12139737606048584
i2c,0,105,0.00647352654099298,0.020825939345730182,-1.1385017037391663
i2c,1,105,0.005213535191740906,0.07294591726483558,-0.9323377013206482
i2c,2,105,0.009322732626315597,0.03262962461495633,-0.9126497507095337
i2c,3,105,0.007088406482008501,0.06960503667672732,-1.2047563791275024
i2c,4,105,0.007052100106633173,0.04873337018728051,-0.9709991812705994
i2c,5,105,0.004125069401906954,0.03381212227534522,-0.6929752826690674
i2c,6,105,0.0035159361739866904,0.026946692402399414,-0.4469928741455078
i2c,7,105,0.005589583191492983,0.0571375482058961,-0.34551334381103516
i2c,8,105,0.0039772062058928415,0.0402830059551922,-0.1297389268875122
i2c,9,105,-0.0002626718268621889,0.014466872065516126,-0.13195860385894775
i2c,0,106,0.006582941634024134,0.02091785833094975,-1.1399679780006409
i2c,1,106,0.005223371514588099,0.07316008318707752,-0.9290498495101929
i2c,2,106,0.009221439653863649,0.032962981534010255,-0.8856803178787231
i2c,3,106,0.007053297318458114,0.07036845925442907,-1.1897032260894775
i2c,4,106,0.00710687713856769,0.0491854524103912,-0.9885076880455017
i2c,5,106,0.004340884501101053,0.033630736322482147,-0.7481117248535156
i2c,6,106,0.0035770385202455734,0.026975934305776536,-0.4643362760543823
i2c,7,106,0.0056150974368083945,0.05738641008384675,-0.3448202610015869
i2c,8,106,0.0038626862349167013,0.04110699851141682,-0.1214144229888916
i2c,9,106,-0.00016666675454102275,0.014785724213887533,-0.14580965042114258
i2c,0,107,0.006695419817161319,0.02107585350399635,-1.1433100700378418
i2c,1,107,0.005222016462346622,0.07357494538083005,-0.9224494099617004
i2c,2,107,0.009127617918233175,0.03324602100758865,-0.8597742319107056
i2c,3,107,0.007007895762631812,0.0712170437709747,-1.1731508374214172
i2c,4,107,0.007298747089310449,0.04959911282258808,-1.0333260297775269
i2c,5,107,0.004556149939872037,0.03331612828746268,-0.8018605709075928
i2c,6,107,0.0036363684213993747,0.027127057186652967,-0.47985029220581055
i2c,7,107,0.005637287865153266,0.05749869501879276,-0.3440675735473633
i2c,8,107,0.003756888068904715,0.04202067513732949,-0.11426186561584473
i2c,9,107,-0.0001105716739950649,0.015088331026115731,-0.1584845781326294
i2c,0,108,0.006796707799801946,0.021186433916159417,-1.1457220315933228
i2c,1,108,0.0052108041601657135,0.07417732327483996,-0.9127073884010315
i2c,2,108,0.009025760646930385,0.033445910617188324,-0.8297523260116577
i2c,3,108,0.006954766547391071,0.07214767534319183,-1.1553173065185547
i2c,4,108,0.007470131740973905,0.05008556946673137,-1.0713467597961426
i2c,5,108,0.004760306021293362,0.03304706002372042,-0.8525804281234741
i2c,6,108,0.0036867249493842957,0.02723933940397298,-0.49136364459991455
i2c,7,108,0.0056451375486245015,0.057558615822189504,-0.3417395353317261
i2c,8,108,0.003680666542034111,0.04264401862520026,-0.10924041271209717
i2c,9,108,-5.075647871068817e-05,0.015295717095848135,-0.1700047254562378
i2c,0,109,0.006900093894531417,0.021368737955545683,-1.1498470306396484
i2c,1,109,0.005197224593927456,0.07495249160635677,-0.9006054997444153
i2c,2,109,0.008818876491209889,0.033655514449455776,-0.7727776765823364
i2c,3,109,0.006896751161093208,0.07310322580925939,-1.1363248229026794
i2c,4,109,0.007625101965744771,0.050637679218069914,-1.103368878364563
i2c,5,109,0.004953411210827742,0.032719328194742325,-0.8979952335357666
i2c,6,109,0.003721403821447339,0.027494958710449907,-0.4977926015853882
i2c,7,109,0.005645361629803433,0.05792142532732858,-0.3392343521118164
i2c,8,109,0.0036377713332057526,0.04305119011586736,-0.10762572288513184
i2c,9,109,3.381363770196821e-05,0.015689605481975413,-0.18449103832244873
i2c,0,110,0.0070103032101937884,0.021644867392821288,-1.1521131992340088
i2c,1,110,0.005118593542022376,0.07595915789300875,-0.8667490482330322
i2c,2,110,0.00863388390571665,0.03393908316036978,-0.71883225440979
i2c,3,110,0.006852485288138574,0.07427622341738827,-1.1214165687561035
i2c,4,110,0.007759524164135528,0.0512418062936013,-1.1301517486572266
i2c,5,110,0.005134869384453851,0.032402121685695284,-0.940144419670105
i2c,6,110,0.0037984234122162078,0.027871587422599015,-0.5170681476593018
i2c,7,110,0.0056513329634268125,0.05820230951240285,-0.3381079435348511
i2c,8,110,0.0036038732838150622,0.04332540793256354,-0.1058950424194336
i2c,9,110,0.00010890209860181521,0.016117949770232523,-0.19627630710601807
i2c,0,111,0.007141745229545776,0.02189184489173257,-1.1550073027610779
i2c,1,111,0.005050162310031012,0.07693981524013499,-0.834891676902771
i2c,2,111,0.008652900883752715,0.034337130889659465,-0.709083080291748
i2c,3,111,0.006800714124562637,0.07545212759478029,-1.1049832105636597
i2c,4,111,0.00788726751151729,0.05182949783375529,-1.1554553508758545
i2c,5,111,0.005354787375248769,0.03223755008966844,-0.986571729183197
i2c,6,111,0.003922118234536205,0.028253051409079924,-0.5466443300247192
i2c,7,111,0.005655841063282166,0.058799048495964096,-0.33852195739746094
i2c,8,111,0.003571666703697088,0.04374429352036559,-0.10402631759643555
i2c,9,111,0.00017141433088171953,0.016381550135643047,-0.20524191856384277
i2c,0,112,0.007266366820271666,0.022194896220553387,-1.1600787043571472
i2c,1,112,0.0049943014356708115,0.07786065754479424,-0.8059093952178955
i2c,2,112,0.008711880731594457,0.03474506557825388,-0.7090742588043213
i2c,3,112,0.006659558090936636,0.0766389096143769,-1.0642870664596558
i2c,4,112,0.00806577073857001,0.052458659704827576,-1.2005919218063354
i2c,5,112,0.00556146950512354,0.032200741532027746,-1.0267718434333801
i2c,6,112,0.004038229645337649,0.02874867357112336,-0.5761405229568481
i2c,7,112,0.00566320994417463,0.05970126471825041,-0.3406531810760498
i2c,8,112,0.0035816875958221,0.04407355877730876,-0.10531008243560791
i2c,9,112,0.00023517746189785638,0.016687473979275655,-0.2148113250732422
i2c,0,113,0.007266176020743323,0.022579115738459693,-1.1485353112220764
i2c,1,113,0.004855102548540678,0.07867358423243369,-0.753609299659729
i2c,2,113,0.008710052873612963,0.03512101959116254,-0.6968013048171997
i2c,3,113,0.006477246530482358,0.07771611912435149,-1.0103753209114075
i2c,4,113,0.008226220657983577,0.053116679917441234,-1.2384665608406067
i2c,5,113,0.005743788221877551,0.03237389317851398,-1.0615224838256836
i2c,6,113,0.0041776255076936,0.02922780222576203,-0.6123416423797607
i2c,7,113,0.005677952515802942,0.06048805795879117,-0.3449892997741699
i2c,8,113,0.0035730968460242485,0.04457218053995378,-0.10449600219726562
i2c,9,113,0.000279448244093726,0.017057116962157212,-0.22327053546905518
i2c,0,114,0.007275949093910425,0.023019871345928825,-1.1366710662841797
i2c,1,114,0.004719510397650069,0.07974912144318297,-0.700131893157959
i2c,2,114,0.00881096535377126,0.035446262859157834,-0.712303876876831
i2c,3,114,0.006324589119785007,0.0789450134841162,-0.9635666608810425
i2c,4,114,0.00837214759722446,0.053795281016171134,-1.2701630592346191
i2c,5,114,0.005912554238651863,0.03266926311046267,-1.0910500884056091
i2c,6,114,0.004337588617786679,0.029575535777344883,-0.6554820537567139
i2c,7,114,0.005704014340084856,0.060790844887483764,-0.35154664516448975
i2c,8,114,0.003563775025170135,0.04525669507128273,-0.10401356220245361
i2c,9,114,0.000348838648957496,0.01741199184274088,-0.23714888095855713
i2c,0,115,0.007298764711193534,0.023496796680411616,-1.1243243217468262
i2c,1,115,0.004594321134068768,0.08074485688371875,-0.6473383903503418
i2c,2,115,0.008920000566602374,0.03565723444643791,-0.7299020290374756
i2c,3,115,0.0062058789259136216,0.07990404998956037,-0.9261060953140259
i2c,4,115,0.008436901263549033,0.05435310493314094,-1.2805936336517334
i2c,5,115,0.006053362681361023,0.03323057985010332,-1.1153135895729065
i2c,6,115,0.0045111595220626854,0.030020498172051685,-0.7044762372970581
i2c,7,115,0.00571814591277231,0.06106862799251116,-0.35842859745025635
i2c,8,115,0.003557760831495671,0.04600053520996969,-0.10277438163757324
i2c,9,115,0.0004569788977854747,0.017669236493978627,-0.2560145854949951
i2c,0,116,0.007342213163819722,0.023971364923454128,-1.115520715713501
i2c,1,116,0.004474188866175274,0.08196097306775824,-0.5943880081176758
i2c,2,116,0.009039882994999776,0.03580778509749072,-0.7487951517105103
i2c,3,116,0.006114752816938809,0.08081140165226676,-0.8966931104660034
i2c,4,116,0.008491569250407567,0.05493672002729104,-1.2888725399971008
i2c,5,116,0.0061817529814195,0.033860184992057285,-1.13602876663208
i2c,6,116,0.004738026602473848,0.030517771012428002,-0.7612240314483643
i2c,7,116,0.005738463649563506,0.06104246728167795,-0.3666691780090332
i2c,8,116,0.0035986221011078817,0.04675966918571217,-0.10612940788269043
i2c,9,116,0.0005937497249457122,0.017994273061360505,-0.2803504467010498
i2c,0,117,0.007310680435297576,0.024307476569756806,-1.1062174439430237
i2c,1,117,0.004375553898866132,0.08303408195861209,-0.5491468906402588
i2c,2,117,0.009163887157990665,0.035899588486082115,-0.7688130140304565
i2c,3,117,0.006038978776264699,0.08189631642527731,-0.8721631765365601
i2c,4,117,0.008560255245378678,0.055719064742751664,-1.297645390033722
i2c,5,117,0.0062998251345133885,0.034570351589026035,-1.1534801125526428
i2c,6,117,0.004949573860520515,0.031026640823946613,-0.8123799562454224
i2c,7,117,0.0057515189074383785,0.060991018765818986,-0.3733174800872803
i2c,8,117,0.0036305779248903686,0.04781941122007222,-0.10926485061645508
i2c,9,117,0.0007082060821381395,0.018188636304074454,-0.29831457138061523
i2c,0,118,0.007290945984432834,0.024481517601496486,-1.0974082946777344
i2c,1,118,0.004196989507019001,0.08409566397226097,-0.4835543632507324
i2c,2,118,0.009290402437246263,0.03593591222110469,-0.7897635698318481
i2c,3,118,0.0059661396917206275,0.08296541070909502,-0.8482266664505005
i2c,4,118,0.008624157491348657,0.05649453369942117,-1.3048035502433777
i2c,5,118,0.00640949496201941,0.03534460262632989,-1.1682393550872803
i2c,6,118,0.005168913675979735,0.03149812510721904,-0.8653723001480103
i2c,7,118,0.005755911848021954,0.06108899173346041,-0.3781754970550537
i2c,8,118,0.003668566322312758,0.04898654556176721,-0.11360800266265869
i2c,9,118,0.0008046013823015466,0.01840153550981928,-0.3167988061904907
i2c,0,119,0.0073113819034906075,0.024544011685286166,-1.0908151865005493
i2c,1,119,0.003991884527648128,0.08515082063287227,-0.40669143199920654
i2c,2,119,0.009468751554946316,0.03591943731163137,-0.8312796354293823
i2c,3,119,0.005899630055679311,0.08395559493603102,-0.8263440132141113
i2c,4,119,0.008682632833587958,0.05725405560240593,-1.3106176257133484
i2c,5,119,0.006509393217309811,0.036175103900203745,-1.1805930137634277
i2c,6,119,0.0053474974722858976,0.032028563371871,-0.9050489664077759
i2c,7,119,0.005784005934132454,0.06175967126292636,-0.3880807161331177
i2c,8,119,0.00375059014557165,0.05020925892060003,-0.12109506130218506
i2c,9,119,0.0008972838102607114,0.018684201919468707,-0.33594775199890137
i2c,0,120,0.007368958410925802,0.024515835039418704,-1.0862406492233276
i2c,1,120,0.0038390827668871516,0.08604060784958521,-0.3582383394241333
i2c,2,120,0.009652176254536945,0.0356949314386802,-0.8736283779144287
i2c,3,120,0.005840697392519342,0.08483337731886083,-0.807297945022583
i2c,4,120,0.008733369735208163,0.05790433418145445,-1.3152067065238953
i2c,5,120,0.0065914887681643095,0.03718893623597269,-1.190631926059723
i2c,6,120,0.005495805580255038,0.03262299660975955,-0.9356645941734314
i2c,7,120,0.00583178349746568,0.06269843193445061,-0.404690146446228
i2c,8,120,0.0039021983915893954,0.0515361983406981,-0.1339104175567627
i2c,9,120,0.0009876942732809368,0.019040680280582256,-0.35579049587249756
i2c,0,121,0.0074351711695539585,0.024534629389036958,-1.0842272639274597
i2c,1,121,0.0036900642405199233,0.08680821566571546,-0.3142029047012329
i2c,2,121,0.009795085621452225,0.035472265575123604,-0.9039803743362427
i2c,3,121,0.0057830979965082935,0.08583788377287203,-0.7840458154678345
i2c,4,121,0.008780521379279357,0.05848309890212798,-1.3198537826538086
i2c,5,121,0.006484226426235119,0.03828741397385223,-1.179240107536316
i2c,6,121,0.005616855732610185,0.03326195251959024,-0.958534300327301
i2c,7,121,0.005880710456318064,0.0635099248656706,-0.42223942279815674
i2c,8,121,0.004034763016780962,0.05300073932852896,-0.14548611640930176
i2c,9,121,0.00107137369777352,0.01926998306646717,-0.3730384111404419
i2c,0,122,0.0075350898714391795,0.02449012209668988,-1.0841967463493347
i2c,1,122,0.0035324975520846166,0.08773087985154357,-0.267680287361145
i2c,2,122,0.009938477571660033,0.03529501182105918,-0.9318475127220154
i2c,3,122,0.005791799800607303,0.08705599663077657,-0.7724072933197021
i2c,4,122,0.008830120352840164,0.05905266051325364,-1.323672890663147
i2c,5,122,0.006391231080877989,0.03927774703986242,-1.1686744689941406
i2c,6,122,0.0057844404030937616,0.03392865651100792,-0.9916931986808777
i2c,7,122,0.005900693965363163,0.0646980546853048,-0.4323502779006958
i2c,8,122,0.0041353192483772755,0.05460425915131427,-0.15436315536499023
i2c,9,122,0.0011401743644412904,0.01961539413000804,-0.3856480121612549
i2c,0,123,0.007639495688722492,0.024514670752176726,-1.08589106798172
i2c,1,123,0.003399433746548025,0.08842386018618935,-0.22639667987823486
i2c,2,123,0.009969478524379384,0.035054122866180246,-0.9166085124015808
i2c,3,123,0.005813269593890058,0.08844962499685159,-0.7688506841659546
i2c,4,123,0.008878915676826603,0.059751550746862045,-1.3275752663612366
i2c,5,123,0.0062685270182989,0.040328947020793995,-1.1515722274780273
i2c,6,123,0.005898913414335384,0.0346088585479942,-1.0083242654800415
i2c,7,123,0.005909154944945122,0.06602165418734116,-0.4420902729034424
i2c,8,123,0.004245514425049501,0.056227936644733315,-0.1644376516342163
i2c,9,123,0.0012015638926232697,0.0199300750464282,-0.3922027349472046
i2c,0,124,0.007703013058610528,0.02450415629558096,-1.0875033736228943
i2c,1,124,0.0033568232964536204,0.08958231355779336,-0.20608627796173096
i2c,2,124,0.009983097898077456,0.03483693564882678,-0.8935626745223999
i2c,3,124,0.005849472709581041,0.08967854069096143,-0.7709619998931885
i2c,4,124,0.009009649057954212,0.06042554619867052,-1.3479793667793274
i2c,5,124,0.006164566520899091,0.04122560692160203,-1.1361281871795654
i2c,6,124,0.005985846576557284,0.035298122221049166,-1.0181263089179993
i2c,7,124,0.005947657295820474,0.06769187315715122,-0.4567834138870239
i2c,8,124,0.004347523977072901,0.057891556267708394,-0.17397737503051758
i2c,9,124,0.00130812800323956,0.02030967758661048,-0.4109153747558594
i2c,0,125,0.007711668795739354,0.02445499301061456,-1.0871768593788147
i2c,1,125,0.003319615614124763,0.09062974632023163,-0.18820762634277344
i2c,2,125,0.010325077767632904,0.034677897655190124,-0.9106757044792175
i2c,3,125,0.005940709805393102,0.09100512732167383,-0.797340989112854
i2c,4,125,0.009129844612051179,0.061023282269283635,-1.366221010684967
i2c,5,125,0.006089201116077574,0.04225790405644643,-1.124355435371399
i2c,6,125,0.006088175234555064,0.035988607572775264,-1.0382863879203796
i2c,7,125,0.006005053529861769,0.06855623700197368,-0.47346389293670654
i2c,8,125,0.004431349586199146,0.05949313063671682,-0.18181371688842773
i2c,9,125,0.0014140780020797314,0.02056880829611847,-0.430727481842041
i2c,0,126,0.0077115105087131874,0.02440809122668755,-1.0868098735809326
i2c,1,126,0.0032727605077777777,0.09161154074431346,-0.16720843315124512
i2c,2,126,0.01063732233052346,0.034513822707918404,-0.9064594507217407
i2c,3,126,0.006028475238843221,0.09239407888355683,-0.8230345249176025
i2c,4,126,0.009240708560312706,0.06160922459825982,-1.3817819952964783
i2c,5,126,0.006019431210165314,0.04321792712035548,-1.1143396496772766
i2c,6,126,0.006167927710039642,0.03666652165509672,-1.053034245967865
i2c,7,126,0.006055661773807557,0.0688048505762756,-0.4864058494567871
i2c,8,126,0.0044922765731684605,0.060839675344003585,-0.1876370906829834
i2c,9,126,0.0015125047675412576,0.02081948551886023,-0.4443230628967285
i2c,0,127,0.007712546752448396,0.024379538351257557,-1.086321473121643
i2c,1,127,0.0032593338609516395,0.09242513586337703,-0.15291821956634521
i2c,2,127,0.011081966578607085,0.03443179869384899,-0.9270018935203552
i2c,3,127,0.006114563394059483,0.09353904299705695,-0.8468263149261475
i2c,4,127,0.009338419543853567,0.06219025370476099,-1.394931674003601
i2c,5,127,0.005898879951027433,0.0440837525229016,-1.0923384428024292
i2c,6,127,0.006237942068556039,0.037259978754455816,-1.0651513934135437
i2c,7,127,0.006095887980927202,0.06869951144649744,-0.4947911500930786
i2c,8,127,0.004551098403748122,0.06181485520775534,-0.1927098035812378
i2c,9,127,0.0015448732182201386,0.021172488371937956,-0.44461214542388916
i2c,0,128,0.007716960698460687,0.02447014287824291,-1.087164044380188
i2c,1,128,0.0032087308637134895,0.09303140000656937,-0.12781500816345215
i2c,2,128,0.011474768105368308,0.03441803241002636,-0.9299079179763794
i2c,3,128,0.006187105188956057,0.09452479280645142,-0.8699501752853394
i2c,4,128,0.009426991977125827,0.06276977230857277,-1.4060560464859009
i2c,5,128,0.005800846898492057,0.0447203787122097,-1.0730680227279663
i2c,6,128,0.0063202796541372355,0.03757849506195618,-1.0825569033622742
i2c,7,128,0.006275371449802267,0.06861575054031376,-0.518377423286438
i2c,8,128,0.004610860540079101,0.06276474674383661,-0.1985255479812622
i2c,9,128,0.0015686730198412324,0.02145754807886406,-0.44496655464172363
i2c,0,129,0.007748244817364788,0.024586736963529643,-1.08894944190979
i2c,1,129,0.0031303115120504335,0.09351296934709116,-0.10125219821929932
i2c,2,129,0.011778072603434782,0.03442842141143444,-0.9181657433509827
i2c,3,129,0.0062168206128779685,0.09533817680214679,-0.8725489377975464
i2c,4,129,0.00951049699712677,0.063504517838066,-1.4163509607315063
i2c,5,129,0.005725159490093071,0.04511141998792047,-1.0568640232086182
i2c,6,129,0.0064163803422535096,0.03764507518531725,-1.1044707298278809
i2c,7,129,0.006449919703658269,0.06866743560462728,-0.5435258150100708
i2c,8,129,0.004668344883261399,0.06387711106287106,-0.2049860954284668
i2c,9,129,0.0015892676991310917,0.021879807214766317,-0.4470096826553345
i2c,0,130,0.007775663126323995,0.0248162209421679,-1.0911278128623962
i2c,1,130,0.003057091215386512,0.09400469336248282,-0.07775557041168213
i2c,2,130,0.012061196241254707,0.034623828979455124,-0.9002730846405029
i2c,3,130,0.0062485322658272086,0.0960388824360334,-0.8755340576171875
i2c,4,130,0.0095844894879012,0.06422264674005974,-1.425058126449585
i2c,5,130,0.005814540937735077,0.04542976484646144,-1.0733827352523804
i2c,6,130,0.006506989252828672,0.03771560901753222,-1.1251644492149353
i2c,7,130,0.0066170579634658375,0.06846619741448373,-0.5698078870773315
i2c,8,130,0.004732700317105182,0.06470216947075244,-0.2122335433959961
i2c,9,130,0.0016050676527776045,0.022406197589614707,-0.4497019052505493
i2c,0,131,0.007802503724138529,0.02516421609172946,-1.090923011302948
i2c,1,131,0.002998374128246162,0.09483236103170711,-0.05899310111999512
i2c,2,131,0.012335227357357204,0.034976066345449475,-0.8791376352310181
i2c,3,131,0.006278123944231981,0.09665941998165462,-0.87828528881073
i2c,4,131,0.00965162264935724,0.06492060990565342,-1.4323869347572327
i2c,5,131,0.0059015969290283354,0.0454868881770278,-1.0884120464324951
i2c,6,131,0.006588645135972661,0.0377573371805192,-1.1424897909164429
i2c,7,131,0.0068233022925293305,0.06810191774776933,-0.6036534309387207
i2c,8,131,0.00479981851897307,0.06503461757283151,-0.2192544937133789
i2c,9,131,0.001632729645998303,0.023057034210761163,-0.45367419719696045
i2c,0,132,0.007833089123965978,0.02547524884582493,-1.0900137424468994
i2c,1,132,0.0029294565059200806,0.09556555146846413,-0.03848111629486084
i2c,2,132,0.012595158014416963,0.035325492702904235,-0.8458987474441528
i2c,3,132,0.006307210616898658,0.0974425680385907,-0.8811036348342896
i2c,4,132,0.009714324639729204,0.06560084064461373,-1.4386339783668518
i2c,5,132,0.005989902447318403,0.04543967911043435,-1.1028783321380615
i2c,6,132,0.006658946927839089,0.037787980960383785,-1.1565263867378235
i2c,7,132,0.007040572902870794,0.06759361360672904,-0.6448355913162231
i2c,8,132,0.004952223585697954,0.06534731423316313,-0.23110246658325195
i2c,9,132,0.0016595775775455276,0.023540028351311304,-0.45878326892852783
i2c,0,133,0.00786201217604307,0.025867459731236636,-1.0899185538291931
i2c,1,133,0.0028613566590385622,0.0965955964512466,-0.01997685432434082
i2c,2,133,0.012871523630453359,0.035620135285866994,-0.8466454744338989
i2c,3,133,0.006296065691757564,0.09821098369425668,-0.8662635087966919
i2c,4,133,0.009771751920479264,0.06626795597713238,-1.4438636302947998
i2c,5,133,0.006177463457021651,0.04532499781953021,-1.1322848200798035
i2c,6,133,0.006664192572695113,0.03770639644897146,-1.1513553857803345
i2c,7,133,0.007232905308553465,0.06734787743954722,-0.6768039464950562
i2c,8,133,0.005151330473779331,0.06568560319991758,-0.24717211723327637
i2c,9,133,0.0016825364777375423,0.024150231651070456,-0.46319472789764404
i2c,0,134,0.007885206477416931,0.026198383376051765,-1.0888357162475586
i2c,1,134,0.002825132992993154,0.09775002990680093,-0.008588194847106934
i2c,2,134,0.013123357494354372,0.035986756298135913,-0.8849383592605591
i2c,3,134,0.006284838872492281,0.09895969626041423,-0.8520658016204834
i2c,4,134,0.00982121736489748,0.06692516021933968,-1.4481465816497803
i2c,5,134,0.00635785027188783,0.04517478302888926,-1.158454716205597
i2c,6,134,0.006703747707003459,0.03769755938557977,-1.159720003604889
i2c,7,134,0.007384352958352151,0.0669446423329941,-0.6892086267471313
i2c,8,134,0.005340718118028442,0.0661331539659058,-0.262087345123291
i2c,9,134,0.001724614035183869,0.02471156786802242,-0.4675445556640625
i2c,0,135,0.007906798025522771,0.026496723338194222,-1.0872383117675781
i2c,1,135,0.002802157477401715,0.09890628510903537,-0.001833796501159668
i2c,2,135,0.013409463831689207,0.036438668492158086,-0.9598426818847656
i2c,3,135,0.006277007931975873,0.09993568894027201,-0.8393746614456177
i2c,4,135,0.009871595751014345,0.06752373449121943,-1.4526950120925903
i2c,5,135,0.006526939464351414,0.04498831950570416,-1.181561529636383
i2c,6,135,0.006724403244634872,0.0377316842016016,-1.1639330387115479
i2c,7,135,0.007521863754425907,0.06689904732163383,-0.6964834928512573
i2c,8,135,0.005514128021399556,0.0665456697764681,-0.2754262685775757
i2c,9,135,0.0017289373901978045,0.025462038718155944,-0.4665943384170532
i2c,0,136,0.007941653310425886,0.026912776694564336,-1.0856415033340454
i2c,1,136,0.002822950477077653,0.10009263985193796,0.0014690160751342773
i2c,2,136,0.013596912552478649,0.03701427998558217,-1.0085998177528381
i2c,3,136,0.006210793740454856,0.10103756601709465,-0.8157613277435303
i2c,4,136,0.009913609358941963,0.06812890704651,-1.4563548266887665
i2c,5,136,0.006679118452419974,0.044981232392309056,-1.2015202641487122
i2c,6,136,0.0067348312222423184,0.037826025556729384,-1.1650967001914978
i2c,7,136,0.007653423818357354,0.06687033547299559,-0.7143118381500244
i2c,8,136,0.005687303832215579,0.06709846213611367,-0.28984546661376953
i2c,9,136,0.0017901118026954696,0.026257494236061052,-0.47424018383026123
i2c,0,137,0.007976960401337066,0.027376852709469462,-1.085055649280548
i2c,1,137,0.002812013796122774,0.10129878987244753,0.009185194969177246
i2c,2,137,0.01370466365005802,0.037720619860748233,-1.0285102725028992
i2c,3,137,0.006149203134412529,0.10217234384726982,-0.7942968606948853
i2c,4,137,0.009955837229265588,0.06871078644602249,-1.4603863060474396
i2c,5,137,0.006817000062411441,0.04494136666733109,-1.2182836532592773
i2c,6,137,0.006699205743608737,0.03773908716175163,-1.1537022590637207
i2c,7,137,0.007787700160162711,0.06675954546809511,-0.7401622533798218
i2c,8,137,0.00582983720972953,0.06755697935979443,-0.3003805875778198
i2c,9,137,0.001874747794876501,0.027029123925415233,-0.4849991798400879
i2c,0,138,0.008005792545252716,0.027888275293016823,-1.0833553075790405
i2c,1,138,0.0028238486288991657,0.10305988464952383,0.012757420539855957
i2c,2,138,0.013737705440935222,0.03856317083447515,-1.0211507081985474
i2c,3,138,0.006089526956222696,0.10345988515713539,-0.7745234966278076
i2c,4,138,0.009991543587586603,0.06937719909858633,-1.4636028409004211
i2c,5,138,0.006817001466417942,0.04487555748572199,-1.217000424861908
i2c,6,138,0.0067099289520265865,0.0374689049596264,-1.1518988609313965
i2c,7,138,0.007915562569464657,0.06703868371053628,-0.7682921886444092
i2c,8,138,0.006035014756072765,0.06825056413727502,-0.31397712230682373
i2c,9,138,0.001999034427155079,0.027890494187799666,-0.5034475326538086
i2c,0,139,0.0080593138253921,0.02828635432138281,-1.0832005739212036
i2c,1,139,0.002827454205612992,0.10462464959647402,0.016585111618041992
i2c,2,139,0.01373305442710828,0.03954118288077278,-0.9984403252601624
i2c,3,139,0.005998591178153878,0.10508471246380703,-0.7531296014785767
i2c,4,139,0.010020335342778443,0.07007351712911658,-1.4660457372665405
i2c,5,139,0.0068130912715699266,0.04503756337565891,-1.2153543829917908
i2c,6,139,0.006825180800241595,0.03734345700744224,-1.1634606719017029
i2c,7,139,0.008033639460641971,0.06733392674317704,-0.8014410734176636
i2c,8,139,0.0062253371813699165,0.06872209751643021,-0.3268517255783081
i2c,9,139,0.002002748002072313,0.028466722892531146,-0.5087984800338745
i2c,0,140,0.008134300090297697,0.02856211276258437,-1.0846540331840515
i2c,1,140,0.0028458055788797634,0.10597887239199762,0.01692342758178711
i2c,2,140,0.01378089138352865,0.040227639346045674,-0.9891254305839539
i2c,3,140,0.005932635675099968,0.10642856279893077,-0.7382403612136841
i2c,4,140,0.010045267103744975,0.07080345723149237,-1.4678885638713837
i2c,5,140,0.006807703941517786,0.04524438488364815,-1.213096559047699
i2c,6,140,0.006972794443219861,0.037376691936054404,-1.186789870262146
i2c,7,140,0.008165333237606903,0.06752018757523497,-0.8424150943756104
i2c,8,140,0.006395119407047997,0.06922788456064088,-0.3380855321884155
i2c,9,140,0.0020761299144137074,0.02905164333178159,-0.5277326107025146
i2c,0,141,0.008196411882196691,0.028875432366879575,-1.0845775604248047
i2c,1,141,0.002862211713137823,0.10708844084294855,0.018092870712280273
i2c,2,141,0.013824063337308436,0.0406787242692893,-0.9685403108596802
i2c,3,141,0.005908114052541255,0.10730443911817601,-0.7413402795791626
i2c,4,141,0.010074974980127292,0.07179730274240341,-1.4705081582069397
i2c,5,141,0.006802266618754604,0.04557512582036442,-1.2107234597206116
i2c,6,141,0.007057949529309555,0.03750919817084966,-1.1932958960533142
i2c,7,141,0.008284031933416633,0.0677092992818176,-0.8766088485717773
i2c,8,141,0.006567462443090713,0.06980400709755852,-0.35136711597442627
i2c,9,141,0.0021235874524646176,0.029456667121001923,-0.5426130294799805
i2c,0,142,0.008250890632503713,0.029218282167744872,-1.0837393403053284
i2c,1,142,0.0028779946263335007,0.10839766258064262,0.019019722938537598
i2c,2,142,0.013897953444303522,0.04095448096891263,-0.957586944103241
i2c,3,142,0.005924868865750263,0.108175920986237,-0.759490966796875
i2c,4,142,0.010106485648795037,0.07280604016507057,-1.4734727144241333
i2c,5,142,0.006766528917109098,0.046228313474037705,-1.2036864757537842
i2c,6,142,0.007114630034932207,0.03771566050431158,-1.1937817931175232
i2c,7,142,0.008388845270967407,0.06822975006374885,-0.9019315242767334
i2c,8,142,0.006737519410465673,0.07048536396491535,-0.36416471004486084
i2c,9,142,0.0022004261077707005,0.02971141329092432,-0.5603454113006592
i2c,0,143,0.008299060852663881,0.029581850853184877,-1.0820972919464111
i2c,1,143,0.0028815054156339295,0.10967609359366427,0.020956754684448242
i2c,2,143,0.014040377356778079,0.0410126851250104,-0.9536983370780945
i2c,3,143,0.005948688139329139,0.10899310121302726,-0.7755632400512695
i2c,4,143,0.010136134595154563,0.07399793531294008,-1.476495772600174
i2c,5,143,0.006728776163838809,0.047066896565585284,-1.1966189742088318
i2c,6,143,0.0071524323376750895,0.0380663932323774,-1.190164864063263
i2c,7,143,0.008481498274397578,0.0687102520211828,-0.9216393232345581
i2c,8,143,0.0068714932053002,0.0714139872912079,-0.3725450038909912
i2c,9,143,0.0023566716313506778,0.029826441196073278,-0.5927785634994507
i2c,0,144,0.008349279856396968,0.029948642471349082,-1.082537591457367
i2c,1,144,0.002888856126222014,0.11071097717970979,0.023488163948059082
i2c,2,144,0.014193379651456221,0.04101990289293879,-0.9562519192695618
i2c,3,144,0.005993864994204366,0.10959698378155501,-0.7971943616867065
i2c,4,144,0.010159506345900564,0.07511771669752275,-1.4789486527442932
i2c,5,144,0.0066961543138913115,0.04794940804221384,-1.1900535821914673
i2c,6,144,0.007168530433265319,0.03846847736559465,-1.1820153594017029
i2c,7,144,0.008558916014798794,0.06914548629019063,-0.9361821413040161
i2c,8,144,0.007001343558107914,0.07235519834891273,-0.380379319190979
i2c,9,144,0.002501130010955477,0.030061046130547733,-0.6245557069778442
i2c,0,145,0.008401174095370875,0.030310666238286543,-1.0846152901649475
i2c,1,145,0.002908799394038278,0.11165983647246734,0.024907708168029785
i2c,2,145,0.014341182866366098,0.04084345493602473,-0.9484114050865173
i2c,3,145,0.006086529718720056,0.10986648355319313,-0.838289737701416
i2c,4,145,0.010183210041475634,0.076369162753753,-1.4815087616443634
i2c,5,145,0.006668033202593154,0.04886329167228788,-1.1840391159057617
i2c,6,145,0.007162949127802465,0.038918270686693596,-1.1695016622543335
i2c,7,145,0.00863910808812663,0.06953102911873338,-0.9596870541572571
i2c,8,145,0.00711689555423714,0.07326991679657491,-0.3872232437133789
i2c,9,145,0.002639329648135305,0.030372525701687927,-0.6578418016433716
i2c,0,146,0.008452064852117191,0.030476022552540047,-1.0861511826515198
i2c,1,146,0.0029319913689900834,0.11263131635072193,0.02598714828491211
i2c,2,146,0.01437893449284633,0.0406300899952589,-0.919845700263977
i2c,3,146,0.006182410902870292,0.1103429486210112,-0.8807576894760132
i2c,4,146,0.010203822410121098,0.07776886214095191,-1.483523815870285
i2c,5,146,0.006642325042782719,0.049701702250476876,-1.1781731843948364
i2c,6,146,0.007169063823311866,0.039407504700694776,-1.1601770520210266
i2c,7,146,0.008708926704332064,0.06987638224525569,-0.9696136116981506
i2c,8,146,0.0072024096119741865,0.07439917493203042,-0.39054620265960693
i2c,9,146,0.0027184024717775424,0.03035720593128874,-0.6781342029571533
i2c,0,147,0.00846318140468881,0.03050866293329521,-1.0871175527572632
i2c,1,147,0.00293862641155742,0.11414885329789538,0.028418779373168945
i2c,2,147,0.01441551973120736,0.04058875221818563,-0.8904712200164795
i2c,3,147,0.006238248142986194,0.11055722656239964,-0.9031152725219727
i2c,4,147,0.010221571021223258,0.07889767613744592,-1.4852615892887115
i2c,5,147,0.006614018991540974,0.050542912215454996,-1.1723985075950623
i2c,6,147,0.0071740519984988815,0.03987389836137413,-1.1504305601119995
i2c,7,147,0.008764530656774891,0.07016454050067958,-0.97554612159729
i2c,8,147,0.007270356866378724,0.07533733791645576,-0.3917783498764038
i2c,9,147,0.0027127640461914876,0.030448729618372028,-0.6845248937606812
i2c,0,148,0.008479361085925646,0.03040996364986996,-1.0888667702674866
i2c,1,148,0.0029478846980645554,0.11592567922605584,0.03018033504486084
i2c,2,148,0.014507586098065808,0.04070148102392519,-0.8796205520629883
i2c,3,148,0.006292094958804492,0.11078064489415464,-0.9237358570098877
i2c,4,148,0.010240121820010897,0.07978043354547922,-1.4868338704109192
i2c,5,148,0.0065919461548507585,0.051343256080302366,-1.1674456000328064
i2c,6,148,0.007056964534770074,0.04010075376798991,-1.1247971653938293
i2c,7,148,0.008805401580349773,0.07078782070588702,-0.9688194990158081
i2c,8,148,0.007335996829244851,0.07627516385339168,-0.39450979232788086
i2c,9,148,0.0027432031994878772,0.030483040181558757,-0.7002713680267334
i2c,0,149,0.008494965798320625,0.030219330125330762,-1.0901466012001038
i2c,1,149,0.0029591616992896697,0.11798846015825587,0.03147685527801514
i2c,2,149,0.014610076165905199,0.040749776099779894,-0.8739269971847534
i2c,3,149,0.006326511565605819,0.11118295772138395,-0.9379556179046631
i2c,4,149,0.01025901067931291,0.08068516478607532,-1.4884414672851562
i2c,5,149,0.006529566121767992,0.05219731522107916,-1.1566693186759949
i2c,6,149,0.006982475764975883,0.04036837432924398,-1.1142510175704956
i2c,7,149,0.00885313580428379,0.071669422535443,-0.9680538773536682
i2c,8,149,0.007417466442546983,0.07702280040877443,-0.3991365432739258
i2c,9,149,0.0027924380481305217,0.03042512265006067,-0.7094466686248779
i2c,0,150,0.008481980938251796,0.030007420098519574,-1.0900157690048218
i2c,1,150,0.00300510802529963,0.11983572790777297,0.03182268142700195
i2c,2,150,0.01479716606923906,0.0407545370173069,-0.8794283866882324
i2c,3,150,0.006366315310683761,0.1116481034507161,-0.9531733989715576
i2c,4,150,0.01027639383248554,0.0812887460716084,-1.4902350008487701
i2c,5,150,0.006478998759400799,0.052867684230862105,-1.1478713750839233
i2c,6,150,0.006901696292484355,0.04066851245335587,-1.1006423830986023
i2c,7,150,0.008896233064984493,0.07240726688684068,-0.971533477306366
i2c,8,150,0.007493320800350034,0.07760902998980888,-0.4040796756744385
i2c,9,150,0.0028932910472506818,0.03043587747438964,-0.7361481189727783
i2c,0,151,0.008450963958197721,0.029807097787900583,-1.0895594954490662
i2c,1,151,0.003046073199054186,0.12165404323628619,0.034096717834472656
i2c,2,151,0.01504701102038479,0.0407395575565129,-0.8881423473358154
i2c,3,151,0.006349639410620882,0.1124439904322834,-0.9502350687980652
i2c,4,151,0.01029421021008941,0.08193817607937551,-1.4920918643474579
i2c,5,151,0.006431622817872115,0.0535487439068697,-1.1399182081222534
i2c,6,151,0.006855724916437322,0.04099283110167143,-1.0999139547348022
i2c,7,151,0.008935393853947947,0.07299630427200787,-0.9641782641410828
i2c,8,151,0.007563137787750404,0.07837524566152654,-0.409246563911438
i2c,9,151,0.0029415664647523543,0.030409935131959193,-0.7481132745742798
i2c,0,152,0.00842181723278683,0.02975706617298396,-1.0890636444091797
i2c,1,152,0.0030749011425958497,0.12370388170418053,0.03748929500579834
i2c,2,152,0.015294858974717378,0.04079498733708936,-0.8961608409881592
i2c,3,152,0.006320147324132386,0.11374140182909437,-0.9439399838447571
i2c,4,152,0.01031366055527818,0.08241915410330133,-1.4939604997634888
i2c,5,152,0.006391892806335155,0.054107349048856404,-1.1331764459609985
i2c,6,152,0.006904521503225333,0.04134500461404912,-1.1094505786895752
i2c,7,152,0.008932027402914329,0.07323493384060695,-0.9485953450202942
i2c,8,152,0.007634154266567564,0.0791640078478634,-0.4143880605697632
i2c,9,152,0.002909505086864314,0.030357828549590238,-0.7438957691192627
i2c,0,153,0.008393765869411485,0.02985165584725087,-1.088269054889679
i2c,1,153,0.003124482820980448,0.1257367877113496,0.03911125659942627
i2c,2,153,0.015586835810684346,0.04102736574005593,-0.9094052910804749
i2c,3,153,0.006267282254775977,0.11522552293976575,-0.930954098701477
i2c,4,153,0.010337763752602015,0.0827283128134541,-1.496139019727707
i2c,5,153,0.006498057722304572,0.054592903543304885,-1.1478732228279114
i2c,6,153,0.006949085538973707,0.04156321213028956,-1.1176766157150269
i2c,7,153,0.008934288025612025,0.07373499385247995,-0.939262330532074
i2c,8,153,0.007697145466404556,0.07969711975429677,-0.4196511507034302
i2c,9,153,0.002863324086223952,0.030469315447613804,-0.7355594635009766
i2c,0,154,0.00836354770659957,0.030093210794061312,-1.085792899131775
i2c,1,154,0.003227286414137241,0.12803092683231573,0.03770756721496582
i2c,2,154,0.015868557703732473,0.041300461914538206,-0.9215279817581177
i2c,3,154,0.006235318184453477,0.11689752266245725,-0.9211231470108032
i2c,4,154,0.010360037106831095,0.08292978377771713,-1.4979838728904724
i2c,5,154,0.006593673807013062,0.05506039649216227,-1.1606194972991943
i2c,6,154,0.007007242733669539,0.04165899578829958,-1.1314350366592407
i2c,7,154,0.008932917898886401,0.07439088723161047,-0.9401381611824036
i2c,8,154,0.007743498171008473,0.08021331218687401,-0.42477238178253174
i2c,9,154,0.0028222891577951853,0.03060711201163205,-0.7230855226516724
i2c,0,155,0.008338467341069244,0.03045421847796724,-1.0840819478034973
i2c,1,155,0.0033730775051134324,0.12948368964272072,0.03498029708862305
i2c,2,155,0.016122671540381654,0.04155721580483157,-0.9332787990570068
i2c,3,155,0.006224409787224876,0.11871059837930478,-0.909155011177063
i2c,4,155,0.010384784630775863,0.08304344475700523,-1.5001464784145355
i2c,5,155,0.006678960903044255,0.05550574507393967,-1.1716473698616028
i2c,6,155,0.007079230847726069,0.04163693281058119,-1.1501538157463074
i2c,7,155,0.008919720507101124,0.07526271916427493,-0.9471442103385925
i2c,8,155,0.007791633279341584,0.08064077734474469,-0.4301934242248535
i2c,9,155,0.002885556549539564,0.03068324801046518,-0.7272751331329346
i2c,0,156,0.00831369258126921,0.03091576843540357,-1.0825700759887695
i2c,1,156,0.0035349412010341405,0.13062475404363333,0.031046032905578613
i2c,2,156,0.016332318242735004,0.04189571358234241,-0.9451544880867004
i2c,3,156,0.006207959877413488,0.12077415844357878,-0.8964358568191528
i2c,4,156,0.010407766878924522,0.0831253467881874,-1.5018906891345978
i2c,5,156,0.006754230268917381,0.05594745629380271,-1.1811286211013794
i2c,6,156,0.007140700883840383,0.04175629165891383,-1.1657214164733887
i2c,7,156,0.008909417909461287,0.076237501532791,-0.9638307690620422
i2c,8,156,0.007809787725326978,0.08098300802044536,-0.4331817626953125
i2c,9,156,0.002924386296546261,0.030865237556138375,-0.7177752256393433
i2c,0,157,0.008288116404034221,0.03136943677139631,-1.080558717250824
i2c,1,157,0.0037186706962078903,0.1313928967333447,0.025717616081237793
i2c,2,157,0.016551054903900547,0.042320966486610476,-0.959662139415741
i2c,3,157,0.006151074999962432,0.12279764282136298,-0.8689872026443481
i2c,4,157,0.01043033721243345,0.08322379514092697,-1.503163069486618
i2c,5,157,0.006819955770626884,0.056383308500004004,-1.1891967058181763
i2c,6,157,0.007230349853683982,0.04193506756948534,-1.1917938590049744
i2c,7,157,0.008955154101171661,0.07729484108383168,-0.9911288619041443
i2c,8,157,0.00781884906944183,0.08145304539867144,-0.43440890312194824
i2c,9,157,0.002953763297905844,0.030941256396115377,-0.7226780652999878
i2c,0,158,0.008266200314986441,0.03189971667567673,-1.0797489285469055
i2c,1,158,0.003902687993514002,0.1321269775798602,0.02068912982940674
i2c,2,158,0.016771530868755394,0.04277212919389395,-0.9712908267974854
i2c,3,158,0.006101439295175468,0.12463017190331897,-0.8439493179321289
i2c,4,158,0.010452294918012042,0.08364408328207278,-1.5046805143356323
i2c,5,158,0.006882006628580191,0.056789951477492384,-1.1967429518699646
i2c,6,158,0.007306408455009197,0.042172243047793254,-1.2131542563438416
i2c,7,158,0.008986919201191199,0.07848845122593578,-1.0031648874282837
i2c,8,158,0.007824240327089366,0.08208170120055537,-0.4357621669769287
i2c,9,158,0.0029903127131428175,0.031005767086737496,-0.7236759662628174
i2c,0,159,0.0082415512199909,0.03249651958329847,-1.077327013015747
i2c,1,159,0.004111485510093625,0.13239178856869163,0.01449441909790039
i2c,2,159,0.017009574912170547,0.04331131438325424,-0.986242949962616
i2c,3,159,0.00605939728994017,0.12621276926527591,-0.8213788270950317
i2c,4,159,0.01047515193287065,0.08404529672202302,-1.5066011548042297
i2c,5,159,0.006908229809700184,0.05732066209780258,-1.1983492374420166
i2c,6,159,0.007413101379824913,0.042456835265541254,-1.2442923188209534
i2c,7,159,0.008960463743938676,0.07889088140585598,-1.005126714706421
i2c,8,159,0.007835867152667722,0.08267476306977731,-0.4380161762237549
i2c,9,159,0.0030209182377071153,0.031062070852628854,-0.7221294641494751
i2c,0,160,0.008221762356464712,0.03297724687948947,-1.0751526951789856
i2c,1,160,0.0043487379403528564,0.1324325107591801,0.0027745962142944336
i2c,2,160,0.017252079515874444,0.04392924011506255,-0.9903257489204407
i2c,3,160,0.005973126606673325,0.127490453462188,-0.7827962636947632
i2c,4,160,0.010497599280324448,0.0847588997157624,-1.508835345506668
i2c,5,160,0.006927190557142422,0.05783814571303873,-1.1993488073349
i2c,6,160,0.007380841814389021,0.042646134886913406,-1.252787470817566
i2c,7,160,0.008945597547204455,0.07939330268625505,-1.0188897848129272
i2c,8,160,0.007851193718775212,0.08366895881881282,-0.44231438636779785
i2c,9,160,0.003015374246987279,0.031129184735269502,-0.7151086330413818
i2c,0,161,0.008202982153684799,0.03350366187421916,-1.0723807215690613
i2c,1,161,0.0045198935289426576,0.13224967624913042,-0.007177591323852539
i2c,2,161,0.01738463088444476,0.04446581986448771,-0.9919536709785461
i2c,3,161,0.0059083482686157,0.1285013578812263,-0.7518957853317261
i2c,4,161,0.01051360139479917,0.08552879639803945,-1.5103130042552948
i2c,5,161,0.006945866696160853,0.05831379490379536,-1.2005897760391235
i2c,6,161,0.007346558233390851,0.042855331520580825,-1.258248209953308
i2c,7,161,0.008927358611495094,0.07997903036299556,-1.0281749367713928
i2c,8,161,0.007869362124471216,0.08448562223967931,-0.44462668895721436
i2c,9,161,0.0030122899874248793,0.03122485218697872,-0.7011829614639282
i2c,0,162,0.008191180245809684,0.034050886240321473,-1.0718894004821777
i2c,1,162,0.004715001329708611,0.13252557414795987,-0.0212099552154541
i2c,2,162,0.017537676909009675,0.04503866907034501,-0.996808648109436
i2c,3,162,0.005856362284440919,0.1295355824552294,-0.7288839817047119
i2c,4,162,0.010531552150304019,0.08638316938060686,-1.5123611688613892
i2c,5,162,0.006959491478693083,0.05876956888454268,-1.2013258337974548
i2c,6,162,0.007306743253000625,0.04295453883579499,-1.2619524002075195
i2c,7,162,0.008925264667710708,0.08023640326491747,-1.047502040863037
i2c,8,162,0.007892032888692543,0.08547561800692982,-0.44977784156799316
i2c,9,162,0.003023598325077502,0.031483960194197,-0.6937427520751953
i2c,0,163,0.008183691736645252,0.03461299297608479,-1.0716809034347534
i2c,1,163,0.004907815247645456,0.1333992948597413,-0.03844308853149414
i2c,2,163,0.01776294210118117,0.0456234150747301,-1.0001925230026245
i2c,3,163,0.0057960715806156665,0.13075617280708918,-0.7064878940582275
i2c,4,163,0.01054862272260488,0.08728796950360554,-1.5138091146945953
i2c,5,163,0.0069676777882232074,0.05922178714149373,-1.2015488147735596
i2c,6,163,0.007321733932367867,0.04308472922849635,-1.277302086353302
i2c,7,163,0.008906307628228374,0.08060445283882937,-1.0604810118675232
i2c,8,163,0.00795526535274324,0.08665750017084417,-0.46282267570495605
i2c,9,163,0.0030361933024122545,0.03167406722322859,-0.6865681409835815
i2c,0,164,0.008177659876773838,0.035028296550511484,-1.0713412165641785
i2c,1,164,0.00499341437834,0.13463641269090937,-0.04663741588592529
i2c,2,164,0.017990731360668068,0.04628797890169803,-1.0093872547149658
i2c,3,164,0.005741431196927264,0.13213010927063393,-0.6874752044677734
i2c,4,164,0.010563303698910793,0.08823139796889048,-1.514700025320053
i2c,5,164,0.006977161093776191,0.059633101644846837,-1.2021174430847168
i2c,6,164,0.007326895968986752,0.04324601747718221,-1.288329839706421
i2c,7,164,0.008940873290334717,0.08079225084881307,-1.0828240513801575
i2c,8,164,0.008018749870740707,0.08780809970592819,-0.4754444360733032
i2c,9,164,0.0030422688445976495,0.03170141098375899,-0.6790177822113037
i2c,0,165,0.008177049389202065,0.035300633463831624,-1.071655809879303
i2c,1,165,0.005076193923870466,0.13633927187973077,-0.06112825870513916
i2c,2,165,0.018157091662595097,0.046963014650446666,-1.020775556564331
i2c,3,165,0.005721036165799685,0.13300564240923476,-0.6807342767715454
i2c,4,165,0.010572502366754638,0.08919604349714652,-1.5150700211524963
i2c,5,165,0.00698251548754969,0.0600474943304153,-1.2021605372428894
i2c,6,165,0.007327195721508729,0.04342766226037599,-1.2962725758552551
i2c,7,165,0.008967880324262621,0.08108646725595846,-1.1001988649368286
i2c,8,165,0.00808342684327494,0.08906206805783332,-0.4906120300292969
i2c,9,165,0.003049735280740956,0.031757953734906766,-0.6708519458770752
i2c,0,166,0.008193679783692231,0.03544046958117987,-1.073252558708191
i2c,1,166,0.00517695742503272,0.13823535968734652,-0.08014965057373047
i2c,2,166,0.0183101187807043,0.047597469727515204,-1.0282463431358337
i2c,3,166,0.005741627935911688,0.1342346843017791,-0.6867246627807617
i2c,4,166,0.010581430892512754,0.09038904239119075,-1.515787959098816
i2c,5,166,0.00698651468407116,0.06049610995254155,-1.202236294746399
i2c,6,166,0.0073192418012347354,0.04363201605432668,-1.300689458847046
i2c,7,166,0.008993124026390777,0.08149557236319499,-1.113571584224701
i2c,8,166,0.008129863297080653,0.090116444491217,-0.5017129182815552
i2c,9,166,0.0030370101729602986,0.03177311995023974,-0.6636310815811157
i2c,0,167,0.00820762955899225,0.035617614020727426,-1.0741465091705322
i2c,1,167,0.005265353339796448,0.14051076367472015,-0.09906601905822754
i2c,2,167,0.01845322579750764,0.048190958954153776,-1.0310612320899963
i2c,3,167,0.005780069604301406,0.13513741053434009,-0.698643684387207
i2c,4,167,0.010586970348350107,0.09155180178869013,-1.5160367786884308
i2c,5,167,0.006990473748407854,0.060921588645908006,-1.202661156654358
i2c,6,167,0.007306454998251548,0.043776324601581026,-1.3026648163795471
i2c,7,167,0.009037235139643815,0.08163225232874295,-1.1360881924629211
i2c,8,167,0.008168808064803607,0.09095690726355103,-0.5086898803710938
i2c,9,167,0.003038469136003176,0.031723818129165304,-0.6599915027618408
i2c,0,168,0.008235695008355678,0.0358164290444631,-1.0782767534255981
i2c,1,168,0.005362423553944104,0.14299617890340705,-0.12192022800445557
i2c,2,168,0.018533766683105635,0.048853842761038116,-1.0380524396896362
i2c,3,168,0.005749691060678887,0.1363694796818224,-0.6978083848953247
i2c,4,168,0.010590439415182049,0.09267350748791028,-1.5158970654010773
i2c,5,168,0.0069976702678727215,0.06131848318359219,-1.2034899592399597
i2c,6,168,0.007288258085830557,0.04389483928938187,-1.3028656840324402
i2c,7,168,0.009054425980399981,0.08155183939670234,-1.1411028504371643
i2c,8,168,0.008184306053267351,0.09149783056051534,-0.5109245777130127
i2c,9,168,0.0030484570018954743,0.03176779798837612,-0.6579245328903198
i2c,0,169,0.008277568411720601,0.035906034579766044,-1.0834233164787292
i2c,1,169,0.005405910403403998,0.14522289749639483,-0.12743031978607178
i2c,2,169,0.018679381024034228,0.049627775149569606,-1.037527084350586
i2c,3,169,0.005748309638994191,0.13764549979756202,-0.7022494077682495
i2c,4,169,0.01059277208378074,0.09373462033503402,-1.5154365301132202
i2c,5,169,0.0070021340494151665,0.06172292644809704,-1.203727126121521
i2c,6,169,0.007264697486151189,0.04414598967101273,-1.3010915517807007
i2c,7,169,0.009015009146554558,0.08100703939154034,-1.1327027082443237
i2c,8,169,0.008169525077281331,0.09143573309671883,-0.5055904388427734
i2c,9,169,0.0030846365236123496,0.03175282772262117,-0.6615610122680664
i2c,0,170,0.008316794731787217,0.036048445419469166,-1.0875118970870972
i2c,1,170,0.005417069364437269,0.14752461502365477,-0.13015782833099365
i2c,2,170,0.018765465015119484,0.050403170572925635,-1.030929148197174
i2c,3,170,0.005754542721737331,0.13848305168042824,-0.7036272287368774
i2c,4,170,0.010587642140004155,0.09472717250911308,-1.5146751403808594
i2c,5,170,0.007006912493363389,0.06213522425329661,-1.2042913436889648
i2c,6,170,0.007140450039953117,0.04432513679151777,-1.2792562246322632
i2c,7,170,0.008993755472365958,0.08083844347488209,-1.1305158734321594
i2c,8,170,0.00813165422200754,0.09123290273298935,-0.4969390630722046
i2c,9,170,0.0031281407544437034,0.031741683016922956,-0.6697545051574707
i2c,0,171,0.008334478963920006,0.036084466409744054,-1.0904330611228943
i2c,1,171,0.0054231794115687515,0.14945956954398523,-0.13222503662109375
i2c,2,171,0.01888561161628985,0.05110933610660649,-1.0320912599563599
i2c,3,171,0.005625941878304695,0.1392804879775959,-0.6810848712921143
i2c,4,171,0.010580691789125359,0.09564372999781301,-1.5137371718883514
i2c,5,171,0.007015233316771195,0.06255235171565368,-1.2051843404769897
i2c,6,171,0.0070937028533878815,0.04453567914698933,-1.2716785669326782
i2c,7,171,0.008965037162304672,0.0808991450829829,-1.1239149570465088
i2c,8,171,0.008115324766090587,0.09110820138770641,-0.49136626720428467
i2c,9,171,0.003155364232984653,0.031919308314491135,-0.6722633838653564
i2c,0,172,0.008365230990772146,0.036061043234079895,-1.0942401885986328
i2c,1,172,0.00542739263040154,0.1511888380417741,-0.13326239585876465
i2c,2,172,0.01908651816191201,0.05169975463425257,-1.0376927852630615
i2c,3,172,0.005487088492926201,0.14034552095143807,-0.6601278781890869
i2c,4,172,0.010574631652587492,0.09648513953281909,-1.5126535892486572
i2c,5,172,0.007023654552800011,0.0628659537774329,-1.2063223123550415
i2c,6,172,0.007140175419249092,0.044591174945670164,-1.2791670560836792
i2c,7,172,0.008929958471697592,0.0813442520970156,-1.112962782382965
i2c,8,172,0.008101422693178872,0.09088008990089258,-0.48607337474823
i2c,9,172,0.0031755767335326576,0.032096084727604016,-0.6697595119476318
i2c,0,173,0.008391699140555528,0.03613635161649442,-1.0967451930046082
i2c,1,173,0.005471754058373184,0.15239665284472986,-0.1360163688659668
i2c,2,173,0.01927917026167096,0.05218338511727576,-1.0419710874557495
i2c,3,173,0.0054024613649742564,0.14067871866512935,-0.6532400846481323
i2c,4,173,0.010566945534383677,0.09726304954028,-1.5114342272281647
i2c,5,173,0.007033554374748459,0.06319546047650654,-1.2076881527900696
i2c,6,173,0.007172933636032421,0.04472376030670362,-1.283075749874115
i2c,7,173,0.008912300494193455,0.08215765298569162,-1.1094080209732056
i2c,8,173,0.008048611988346763,0.09094655344493556,-0.47476375102996826
i2c,9,173,0.003221356354605409,0.03222127068203756,-0.6724354028701782
i2c,0,174,0.008420632315078391,0.0361420884838953,-1.0994744896888733
i2c,1,174,0.005491271839858113,0.1535028340255679,-0.1309056282043457
i2c,2,174,0.019493037444085107,0.05256419186388292,-1.0494495630264282
i2c,3,174,0.005355675762645673,0.1407511987969603,-0.6552934646606445
i2c,4,174,0.010567783723072821,0.09822066440750629,-1.5107735395431519
i2c,5,174,0.007037403735914584,0.06354225323021628,-1.2081897854804993
i2c,6,174,0.007200144231483199,0.04484618502832362,-1.2858219146728516
i2c,7,174,0.008877329575139953,0.08330853463385751,-1.0955529808998108
i2c,8,174,0.007972713965456332,0.09088861270150002,-0.46134448051452637
i2c,9,174,0.0032799122061014027,0.032378500599300905,-0.6825888156890869
i2c,0,175,0.008440643979788234,0.03625967505809406,-1.1018818020820618
i2c,1,175,0.005502714395167169,0.15455969422505134,-0.12436175346374512
i2c,2,175,0.019691700042659424,0.05286016208335355,-1.0546545386314392
i2c,3,175,0.005341180018693825,0.14064998599724438,-0.6650075912475586
i2c,4,175,0.010571145149156802,0.0991224524683583,-1.5106776058673859
i2c,5,175,0.007037804024227268,0.06391607478840805,-1.207926869392395
i2c,6,175,0.007212097174598427,0.04501212524348168,-1.2856722474098206
i2c,7,175,0.008947565818224104,0.0845666288678554,-1.099398672580719
i2c,8,175,0.007899509030578233,0.09111183634072575,-0.44975829124450684
i2c,9,175,0.00332964985932388,0.032492176977697115,-0.6913467645645142
i2c,0,176,0.008457689192145179,0.03648958446880718,-1.1029639840126038
i2c,1,176,0.005524877052039329,0.15563625080896393,-0.12081670761108398
i2c,2,176,0.019877031403110257,0.05309386650668918,-1.0573469996452332
i2c,3,176,0.005355829668091207,0.14024865428256178,-0.6838353872299194
i2c,4,176,0.010575865254474535,0.10018840366324136,-1.5110010206699371
i2c,5,176,0.0069956896620881615,0.06431557605330199,-1.200704574584961
i2c,6,176,0.007208657224218901,0.04521874876345364,-1.282824158668518
i2c,7,176,0.00906613738092333,0.08603838380689376,-1.114279866218567
i2c,8,176,0.007829746251337186,0.09153445758234696,-0.43975138664245605
i2c,9,176,0.0033695747256581934,0.03276810112692127,-0.7004719972610474
i2c,0,177,0.0084727526490396,0.03682042677018796,-1.1045828461647034
i2c,1,177,0.005584765514574888,0.15646777533696643,-0.1174471378326416
i2c,2,177,0.020082880586129788,0.053323558396252024,-1.0649765133857727
i2c,3,177,0.0052932852810371744,0.13999212513408035,-0.687024712562561
i2c,4,177,0.010577623373699933,0.10113410922249333,-1.511003166437149
i2c,5,177,0.006739133829091935,0.06477275748165925,-1.1696305871009827
i2c,6,177,0.007199514119826812,0.0453931681928149,-1.2791808247566223
i2c,7,177,0.009191410962565497,0.08756041241837138,-1.1413906812667847
i2c,8,177,0.007768651127747633,0.09189246465450156,-0.4323357343673706
i2c,9,177,0.0033838260636917944,0.03330308054143567,-0.6979061365127563
i2c,0,178,0.008485441321354398,0.03724547945976975,-1.105440378189087
i2c,1,178,0.005631776820197526,0.15709387701840494,-0.11273646354675293
i2c,2,178,0.02030260207841414,0.05356850358592362,-1.078918695449829
i2c,3,178,0.005353863286311329,0.14009695717183937,-0.7136034965515137
i2c,4,178,0.010580665182759214,0.10187984396878666,-1.511437177658081
i2c,5,178,0.006509045383128256,0.06522818926211083,-1.1391794681549072
i2c,6,178,0.0071901179136380985,0.045625535176480436,-1.2743026614189148
i2c,7,178,0.009202610637535656,0.08889123188121163,-1.151662826538086
i2c,8,178,0.007729123405497043,0.09228196156712767,-0.4289489984512329
i2c,9,178,0.003389411006842327,0.03381407682037749,-0.6924591064453125
i2c,0,179,0.008499528805222159,0.03763484517859686,-1.1066648364067078
i2c,1,179,0.005684100947750702,0.15758194434459488,-0.10891580581665039
i2c,2,179,0.020618607388314662,0.05380624169432564,-1.1072997450828552
i2c,3,179,0.005410877520890915,0.14033943338184196,-0.7382310628890991
i2c,4,179,0.010580624044620027,0.1025212500752998,-1.5116194188594818
i2c,5,179,0.006302624357003489,0.06567914636521147,-1.1095839142799377
i2c,6,179,0.0072055493864036715,0.045789443272519534,-1.2754614353179932
i2c,7,179,0.009236263703320098,0.09022683518361986,-1.1753563284873962
i2c,8,179,0.007712811941268993,0.0929498025187135,-0.43131399154663086
i2c,9,179,0.003396927651413535,0.03421518043969106,-0.6880470514297485
i2c,0,180,0.008776772363387947,0.03809884784495471,-1.1461455821990967
i2c,1,180,0.005743317390615871,0.15846000729052082,-0.1037592887878418
i2c,2,180,0.020914248824437244,0.05404789556757972,-1.1321240067481995
i2c,3,180,0.0055157203152957565,0.1404706251012853,-0.778862476348877
i2c,4,180,0.010577592320386603,0.10307375720829282,-1.5115236341953278
i2c,5,180,0.006123227357276287,0.06611385022958557,-1.0825442671775818
i2c,6,180,0.007208468382082028,0.045918403836671715,-1.2752127647399902
i2c,7,180,0.009267166313937654,0.0915860213594378,-1.1942750215530396
i2c,8,180,0.007662509161542416,0.09351864732498447,-0.4276176691055298
i2c,9,180,0.0034333935413012606,0.03452742600640629,-0.6890280246734619
i2c,0,181,0.0090381839452566,0.03862060771326192,-1.177546739578247
i2c,1,181,0.005809684545598867,0.1594258976159743,-0.10235881805419922
i2c,2,181,0.021176645847291786,0.05437237071431063,-1.157528579235077
i2c,3,181,0.005668521313317736,0.14059583378894236,-0.8363597393035889
i2c,4,181,0.01072948464213657,0.10358041462158293,-1.526937335729599
i2c,5,181,0.0059662096207566614,0.06647746830402239,-1.0578904151916504
i2c,6,181,0.007200495761622426,0.04610238021601128,-1.273053526878357
i2c,7,181,0.009315749508100588,0.0924916355692419,-1.2200491428375244
i2c,8,181,0.007571992699430458,0.0943539883284572,-0.416989803314209
i2c,9,181,0.0035096777537761484,0.03472449987626257,-0.6959941387176514
i2c,0,182,0.009287358789287381,0.039186553475083194,-1.2037389278411865
i2c,1,182,0.005896252041079145,0.16089780587126778,-0.10294473171234131
i2c,2,182,0.021409594391580924,0.0547138124774805,-1.1796282529830933
i2c,3,182,0.005829133480230279,0.1406588735280528,-0.8948585987091064
i2c,4,182,0.010867302216425956,0.10405357268571883,-1.5399234592914581
i2c,5,182,0.005828606469340532,0.06682809539922839,-1.0357569456100464
i2c,6,182,0.007179773157012938,0.04635824154076032,-1.2682796716690063
i2c,7,182,0.009357231565397924,0.09337649492714525,-1.2417038679122925
i2c,8,182,0.007509246950219178,0.0957537475741446,-0.4102745056152344
i2c,9,182,0.003580631110809411,0.03487755226480199,-0.7083539962768555
i2c,0,183,0.009523207867919492,0.039779624509531264,-1.2252469062805176
i2c,1,183,0.006012475719293135,0.16235100820977438,-0.10658645629882812
i2c,2,183,0.02161845829500513,0.05516809534131366,-1.1964983344078064
i2c,3,183,0.005944345453841447,0.14078160367371326,-0.9395250678062439
i2c,4,183,0.010993172183712714,0.1045186060838581,-1.5508931875228882
i2c,5,183,0.005869208823182495,0.0672835908161476,-1.0447246432304382
i2c,6,183,0.007148798704245667,0.046678667629748385,-1.261340081691742
i2c,7,183,0.00941632788382301,0.09382471143111946,-1.2689710855484009
i2c,8,183,0.00745296051445847,0.09721023932340227,-0.4050891399383545
i2c,9,183,0.0036666388858098697,0.03509691525505708,-0.7289143800735474
i2c,0,184,0.009748430104689065,0.040386059571901986,-1.2430269718170166
i2c,1,184,0.006134762115034435,0.16419757183252429,-0.11113476753234863
i2c,2,184,0.02181908637703079,0.05564135519326047,-1.2068594098091125
i2c,3,184,0.006007860553106335,0.1411673072352491,-0.9649814367294312
i2c,4,184,0.011112960885558174,0.10527718916493087,-1.5608232617378235
i2c,5,184,0.005883460775224787,0.0678570595679969,-1.0474180579185486
i2c,6,184,0.007114199310843894,0.04716981750130697,-1.2533716559410095
i2c,7,184,0.009468233809723205,0.09432343160663595,-1.2906246781349182
i2c,8,184,0.0073778322274861835,0.09874609188706643,-0.39594030380249023
i2c,9,184,0.0037226048840627995,0.03555313664434291,-0.7365524768829346
i2c,0,185,0.009955689103294682,0.04098795461199162,-1.256934016942978
i2c,1,185,0.006203844408315409,0.1660588170242543,-0.11089348793029785
i2c,2,185,0.021999602442369634,0.05619713880041516,-1.2183216214179993
i2c,3,185,0.00606927341698528,0.1418051399808499,-0.988829493522644
i2c,4,185,0.011226769223091675,0.10629469383633491,-1.5698840022087097
i2c,5,185,0.00607114521521275,0.06849667487519048,-1.081999957561493
i2c,6,185,0.007072712042098854,0.0476579068406008,-1.2441647052764893
i2c,7,185,0.00955179593831254,0.09485743505650178,-1.3242954015731812
i2c,8,185,0.007307969084811072,0.10017676790618465,-0.38691747188568115
i2c,9,185,0.003752642157197811,0.03621833062945243,-0.7324174642562866
i2c,0,186,0.010154297531484696,0.04156997235117929,-1.269571453332901
i2c,1,186,0.006283820861451642,0.16780154321094465,-0.11162936687469482
i2c,2,186,0.022172452343840382,0.05676597878335227,-1.223811388015747
i2c,3,186,0.006210941122726417,0.14272000838935184,-1.038640022277832
i2c,4,186,0.01133060359460878,0.10726003095197637,-1.5776588916778564
i2c,5,186,0.006114550338523622,0.06899711894660084,-1.088314950466156
i2c,6,186,0.006937914970649876,0.048046576890959355,-1.21913081407547
i2c,7,186,0.009625998724666296,0.09542743545796961,-1.3524457812309265
i2c,8,186,0.007205452171457807,0.10135056707640637,-0.37353289127349854
i2c,9,186,0.0037566669178424675,0.03694352396021261,-0.7199733257293701
i2c,0,187,0.010328139640162173,0.041954706078045745,-1.2794970870018005
i2c,1,187,0.006325554061979925,0.16992697779071525,-0.11013984680175781
i2c,2,187,0.022338283466925263,0.05733980944160702,-1.223802924156189
i2c,3,187,0.006349244172092837,0.14386286582943023,-1.0842601656913757
i2c,4,187,0.011444622846542414,0.10844729853598573,-1.5856070816516876
i2c,5,187,0.0061547531446762005,0.06945693186874949,-1.09328693151474
i2c,6,187,0.006813818057774007,0.04836247541205996,-1.195633053779602
i2c,7,187,0.00969233456416737,0.0960311470790151,-1.3761898279190063
i2c,8,187,0.007088408184946576,0.10172611962417749,-0.3577849864959717
i2c,9,187,0.0037386701339671563,0.037764645533015936,-0.713505744934082
i2c,0,188,0.01048713175368711,0.042156029143924315,-1.2885115444660187
i2c,1,188,0.006317475591452293,0.1720218806386823,-0.10446727275848389
i2c,2,188,0.022494448266744287,0.0579178217229535,-1.2193501591682434
i2c,3,188,0.006482894994000225,0.1451664046218308,-1.1252030730247498
i2c,4,188,0.011512662840152649,0.10959357876665102,-1.592113584280014
i2c,5,188,0.006197262449790186,0.0698804482710293,-1.0983756184577942
i2c,6,188,0.006686707263920975,0.04872235058854396,-1.1707370281219482
i2c,7,188,0.009752137463322375,0.09665768307643967,-1.3963251411914825
i2c,8,188,0.006957494022015523,0.10171412472359323,-0.34005701541900635
i2c,9,188,0.003726761652375468,0.03837757038377626,-0.697834849357605
i2c,0,189,0.010639715681488943,0.042357701932223324,-1.2968249022960663
i2c,1,189,0.006342027824703146,0.17446170850747553,-0.10120344161987305
i2c,2,189,0.022654665322124394,0.05848139423125662,-1.2127306461334229
i2c,3,189,0.0066090980741814395,0.14689667891303831,-1.162568211555481
i2c,4,189,0.011556700021207844,0.11066889685438558,-1.5975066423416138
i2c,5,189,0.006241086207376491,0.07021482598758814,-1.103518009185791
i2c,6,189,0.006564898110148251,0.04912351173349669,-1.1452319025993347
i2c,7,189,0.009802064767190498,0.09684153422246476,-1.412347823381424
i2c,8,189,0.00681116098903016,0.10146729543261002,-0.3212639093399048
i2c,9,189,0.0037339310595933886,0.03875493737518812,-0.6777278184890747
i2c,0,190,0.010787373575234085,0.04256476816518025,-1.3055306673049927
i2c,1,190,0.0063585827660042685,0.17693246635134485,-0.10393631458282471
i2c,2,190,0.022811445340480796,0.05899511140789318,-1.2042292356491089
i2c,3,190,0.006716204504621258,0.14877004900292892,-1.191729187965393
i2c,4,190,0.011584964848897816,0.11156138383258471,-1.601949691772461
i2c,5,190,0.006237772309996878,0.07063936442138785,-1.1010485887527466
i2c,6,190,0.006448764172990042,0.04968500843440271,-1.1200100183486938
i2c,7,190,0.009845872554638854,0.09708432826509275,-1.4258789718151093
i2c,8,190,0.006685789834522879,0.101036445720291,-0.3047459125518799
i2c,9,190,0.0037360757905880657,0.03895729670172428,-0.671467661857605
i2c,0,191,0.010930126846996985,0.042777321080723865,-1.3146260976791382
i2c,1,191,0.006370965666197201,0.17954444813465853,-0.10667145252227783
i2c,2,191,0.02296598971441695,0.05945550076240416,-1.1948578357696533
i2c,3,191,0.006819772008963054,0.15092601800755112,-1.2187460064888
i2c,4,191,0.011602178607015824,0.11227829657524474,-1.605614960193634
i2c,5,191,0.006194642378109308,0.07118259291499103,-1.0914130210876465
i2c,6,191,0.006331745067189351,0.0502623064191,-1.0934370756149292
i2c,7,191,0.009878947070919589,0.09746490362674758,-1.4350051581859589
i2c,8,191,0.0065814902845112155,0.10020404540373101,-0.2913999557495117
i2c,9,191,0.003773606729529276,0.038830119996204684,-0.6818734407424927
i2c,0,192,0.011056878338433093,0.042789130670535025,-1.322412759065628
i2c,1,192,0.006428328360904595,0.18206772941424104,-0.11412811279296875
i2c,2,192,0.023101177386815393,0.06000074889250091,-1.1882081031799316
i2c,3,192,0.006904688125351152,0.15307517630426498,-1.240212857723236
i2c,4,192,0.011614629932705747,0.11291534897670708,-1.6086578071117401
i2c,5,192,0.006049455406522908,0.07172812746034951,-1.0617769360542297
i2c,6,192,0.006213438531836986,0.05084739117589611,-1.0658327341079712
i2c,7,192,0.009906480822344334,0.09788711536253152,-1.4425897896289825
i2c,8,192,0.006478604009548583,0.09928394221236686,-0.2787811756134033
i2c,9,192,0.003795155016685231,0.03893747865800398,-0.6811952590942383
i2c,0,193,0.011174070221692742,0.042845494442877274,-1.3292036652565002
i2c,1,193,0.006525751520511568,0.18504100646662072,-0.12759459018707275
i2c,2,193,0.023249056572645387,0.060568848300321776,-1.1865386366844177
i2c,3,193,0.0069747352772689605,0.1551609698016125,-1.2575293183326721
i2c,4,193,0.01162493808680571,0.11349323068020548,-1.6111316084861755
i2c,5,193,0.00592373958710813,0.072281501862405,-1.034608244895935
i2c,6,193,0.006100229868250921,0.051556180885484984,-1.0385493040084839
i2c,7,193,0.00993019223197654,0.09834904008226317,-1.4489829540252686
i2c,8,193,0.006425634423695967,0.09896304351513827,-0.27290427684783936
i2c,9,193,0.0038131597601378867,0.039130526062157875,-0.6799014806747437
i2c,0,194,0.011287727860240723,0.042951683061621296,-1.3363108932971954
i2c,1,194,0.006487716727613058,0.18784663012079839,-0.12685656547546387
i2c,2,194,0.02339198880311804,0.061042350571412066,-1.1833452582359314
i2c,3,194,0.007049669805365845,0.15730236587400098,-1.274867594242096
i2c,4,194,0.011637690991501026,0.11403929628287082,-1.613181620836258
i2c,5,194,0.005818811483440003,0.07281170423301284,-1.0105215311050415
i2c,6,194,0.005999196059821257,0.052185160249958534,-1.012948751449585
i2c,7,194,0.010015953379001671,0.09884050546356501,-1.4684585332870483
i2c,8,194,0.0063609734931985434,0.09862189465974158,-0.26608312129974365
i2c,9,194,0.0038180224649910777,0.039542266323617695,-0.6676712036132812
i2c,0,195,0.01139232216425097,0.0431141587120826,-1.3423745930194855
i2c,1,195,0.006484548183574058,0.19032946076614587,-0.12900781631469727
i2c,2,195,0.023529057060758328,0.061422901670625946,-1.1788329482078552
i2c,3,195,0.007125895070555277,0.15918867642525728,-1.2926769852638245
i2c,4,195,0.011653658225783833,0.1145718655740521,-1.6148630678653717
i2c,5,195,0.005879031370683206,0.07334095713675655,-1.0150038003921509
i2c,6,195,0.005934397179101637,0.05276564211260354,-1.001925528049469
i2c,7,195,0.010158762342907433,0.09935560028723323,-1.498073160648346
i2c,8,195,0.006281093340087224,0.09844185937276631,-0.2567964792251587
i2c,9,195,0.003807576435174577,0.040078318748701686,-0.644639253616333
i2c,0,196,0.011493606232420475,0.04333207798412293,-1.3487794995307922
i2c,1,196,0.006412366730694619,0.19185805649096815,-0.11822021007537842
i2c,2,196,0.023657092142115754,0.061737289556721586,-1.1756618022918701
i2c,3,196,0.007195085423716822,0.16084021693427886,-1.3081212043762207
i2c,4,196,0.011692755320389006,0.11541863618140544,-1.616866111755371
i2c,5,196,0.00593800538783338,0.07378071801243175,-1.0198262333869934
i2c,6,196,0.005872762957107397,0.05329445052875062,-0.9900094270706177
i2c,7,196,0.01028190816971996,0.09942075485366321,-1.521495759487152
i2c,8,196,0.006184156219784229,0.09845154085396493,-0.24541056156158447
i2c,9,196,0.0038732138866283614,0.04072266088393878,-0.637292742729187
i2c,0,197,0.011593593023470877,0.043603814577073643,-1.3558763563632965
i2c,1,197,0.006418593448631493,0.19302886749206782,-0.11791872978210449
i2c,2,197,0.023775184412743018,0.062016182821323554,-1.1696816086769104
i2c,3,197,0.007269297995298511,0.16218800782472229,-1.324120581150055
i2c,4,197,0.011719382033566351,0.11653936999937592,-1.619012176990509
i2c,5,197,0.0059878587992629045,0.07421160328633725,-1.0232304334640503
i2c,6,197,0.005812771928864764,0.053768673450489385,-0.9772284626960754
i2c,7,197,0.010391078025561364,0.09952155626680273,-1.5415012538433075
i2c,8,197,0.006088334428306627,0.09874314991881764,-0.23317134380340576
i2c,9,197,0.003930470937760534,0.04122663798924704,-0.6287548542022705
i2c,0,198,0.011674863314450945,0.043796072900958036,-1.3609553277492523
i2c,1,198,0.006482329801588874,0.1930723658897956,-0.12166106700897217
i2c,2,198,0.02392116890054563,0.062273846229440474,-1.1759817004203796
i2c,3,198,0.007346182804240223,0.16320262655076198,-1.340571105480194
i2c,4,198,0.011746769061726663,0.11759910996734824,-1.6207160949707031
i2c,5,198,0.0060155247687829275,0.07473381455376475,-1.021303951740265
i2c,6,198,0.005764864895398666,0.054109437037336575,-0.9681797027587891
i2c,7,198,0.01048094913251127,0.09923248349463776,-1.5569279193878174
i2c,8,198,0.006078634461894744,0.09911672129687304,-0.22816705703735352
i2c,9,198,0.003993998018710691,0.04155722247403951,-0.6235495805740356
i2c,0,199,0.011756176174127025,0.04405009030720057,-1.3669021129608154
i2c,1,199,0.006537611020284481,0.19293022915110902,-0.12596571445465088
i2c,2,199,0.02405326880766441,0.06245975779731015,-1.1797794699668884
i2c,3,199,0.007414899015396187,0.1640406463272845,-1.3546159863471985
i2c,4,199,0.011773931440880736,0.11859169595426286,-1.6220506131649017
i2c,5,199,0.006038565310915428,0.07524692849045894,-1.0186100602149963
i2c,6,199,0.005751059149847845,0.05441715836306352,-0.9721861481666565
i2c,7,199,0.010461418729300002,0.09870380303846288,-1.5537810623645782
i2c,8,199,0.0060632005836916,0.09974917327068081,-0.22256851196289062
i2c,9,199,0.004035505709433965,0.04173483919263593,-0.6295136213302612
i2c,0,200,0.011828311516955126,0.044364142211449256,-1.3723042607307434
i2c,1,200,0.006604824842798208,0.19260423111039393,-0.13137316703796387
i2c,2,200,0.02416329521915373,0.0626515665064025,-1.1752369403839111
i2c,3,200,0.007476373520259247,0.16474407155779044,-1.3664126992225647
i2c,4,200,0.011799720541432662,0.11951408604316235,-1.6230512857437134
i2c,5,200,0.006062608775677873,0.07568717421955402,-1.0169420838356018
i2c,6,200,0.005563587741428157,0.05467182364827167,-0.9397125244140625
i2c,7,200,0.010445284874182434,0.0982997306194227,-1.5508374869823456
i2c,8,200,0.006060994834419839,0.10049087736954876,-0.2205570936203003
i2c,9,200,0.004057646578325344,0.04178586076526063,-0.641830563545227
i2c,0,201,0.011881226046663473,0.04460415951632442,-1.3761025667190552
i2c,1,201,0.006671196746837721,0.1919368578908236,-0.13256621360778809
i2c,2,201,0.024078213163909033,0.06292772983636875,-1.1638131737709045
i2c,3,201,0.0075305782744783875,0.16537553621649823,-1.3760337829589844
i2c,4,201,0.011822761053600875,0.12036796309532935,-1.6237567067146301
i2c,5,201,0.006090401396054525,0.07615162709081524,-1.0161383152008057
i2c,6,201,0.005391402306272344,0.05489977094301057,-0.9074084758758545
i2c,7,201,0.010427707883259328,0.09801301242942338,-1.5478978753089905
i2c,8,201,0.006053870634926947,0.10146353755918713,-0.21828484535217285
i2c,9,201,0.004080556151686968,0.04173444518473275,-0.6646744012832642
i2c,0,202,0.011933156681647114,0.04490701654323234,-1.3798186779022217
i2c,1,202,0.006694014351451741,0.1914695259364972,-0.12625467777252197
i2c,2,202,0.023999543952305344,0.06316730669718278,-1.1518369317054749
i2c,3,202,0.007573955870180359,0.16598969468548758,-1.383494794368744
i2c,4,202,0.011847471951464107,0.12116571279406269,-1.624275118112564
i2c,5,202,0.006218856095481437,0.07705518000678528,-1.0322228074073792
i2c,6,202,0.00523363648039598,0.05510220854376399,-0.8756794929504395
i2c,7,202,0.010399441493756184,0.09759041855254418,-1.5429822504520416
i2c,8,202,0.0060546626435701995,0.10255427364705286,-0.21693265438079834
i2c,9,202,0.004115187173570289,0.04156381989904205,-0.6876879930496216
i2c,0,203,0.011787101698249605,0.045107703808564464,-1.3721900880336761
i2c,1,203,0.006740058375526881,0.19124028332882997,-0.12128555774688721
i2c,2,203,0.02392174605108891,0.063346305036004,-1.1495206356048584
i2c,3,203,0.007608963701576141,0.1666216737461589,-1.3889449834823608
i2c,4,203,0.011869301952452213,0.12191813079297534,-1.624538242816925
i2c,5,203,0.006333961398022413,0.07790576424477004,-1.0456193685531616
i2c,6,203,0.004960268147435179,0.05526990074627418,-0.814044713973999
i2c,7,203,0.010374340622081327,0.09730848645646575,-1.5384173095226288
i2c,8,203,0.006018452474609234,0.10400128708269066,-0.21219027042388916
i2c,9,203,0.00414182233748582,0.04163561873103319,-0.6984895467758179
i2c,0,204,0.011657896704847404,0.0453768105739505,-1.3653769195079803
i2c,1,204,0.00671516819894704,0.19146456465700606,-0.11128878593444824
i2c,2,204,0.023859066182700644,0.06357995067000417,-1.1563470363616943
i2c,3,204,0.00763590011711196,0.16731339780579396,-1.3924424052238464
i2c,4,204,0.011889727766441913,0.122627260946812,-1.6246340572834015
i2c,5,204,0.00644336862173172,0.07870137032896908,-1.0583857297897339
i2c,6,204,0.004753535751389898,0.05542155960653061,-0.7665419578552246
i2c,7,204,0.010340834396190088,0.09740966521154223,-1.5308789312839508
i2c,8,204,0.00599241383656289,0.10574573004124438,-0.20933949947357178
i2c,9,204,0.004193325292780346,0.041713210884013516,-0.7058495283126831
i2c,0,205,0.011548761934199389,0.04571571607660009,-1.3599436581134796
i2c,1,205,0.006675906398359098,0.19207692988301578,-0.10010671615600586
i2c,2,205,0.023797045028267294,0.06380616981763118,-1.1605785489082336
i2c,3,205,0.007665077141963024,0.16810194028232717,-1.396986961364746
i2c,4,205,0.01191240778208992,0.12339584900914533,-1.6252018809318542
i2c,5,205,0.0065466828144895295,0.07941134130181443,-1.0706976652145386
i2c,6,205,0.004546219351561673,0.05534875054387127,-0.7141820192337036
i2c,7,205,0.010309797903320983,0.09759739111018062,-1.5236314237117767
i2c,8,205,0.005964239142041736,0.1076928439940979,-0.2055903673171997
i2c,9,205,0.00432114026782137,0.04177130263166248,-0.7362502813339233
i2c,0,206,0.011461599300359906,0.04611397947438188,-1.355876386165619
i2c,1,206,0.006680519687308317,0.19323922904328206,-0.09512078762054443
i2c,2,206,0.023735590138667106,0.06409277180574346,-1.1571568250656128
i2c,3,206,0.007694766163682726,0.16927552497656911,-1.4019088745117188
i2c,4,206,0.011934664308193052,0.12447195363391358,-1.625965654850006
i2c,5,206,0.006718734411950901,0.08001659226187459,-1.1001262068748474
i2c,6,206,0.004366386767207242,0.05545333132827433,-0.6662209033966064
i2c,7,206,0.01028158327207554,0.09784147256053721,-1.5167782306671143
i2c,8,206,0.005949960804483817,0.10930538949851978,-0.20283067226409912
i2c,9,206,0.004444400130545097,0.04177532653999158,-0.7516893148422241
i2c,0,207,0.011385874951527916,0.04644557862330029,-1.3510970771312714
i2c,1,207,0.006706189640909126,0.19474630973770155,-0.0887993574142456
i2c,2,207,0.023776753232438386,0.06426624651356683,-1.1610022187232971
i2c,3,207,0.0077171498751797685,0.17051632400040304,-1.4048477411270142
i2c,4,207,0.0119544836168292,0.12547824155794862,-1.6264851093292236
i2c,5,207,0.006872915392541076,0.08055776467351144,-1.1265438199043274
i2c,6,207,0.004170881325456045,0.0555444684100804,-0.6140440702438354
i2c,7,207,0.01031077748894154,0.09812995160887748,-1.5241177678108215
i2c,8,207,0.005926962003274847,0.11081417236595839,-0.1985490322113037
i2c,9,207,0.004639830231057289,0.04169885110477414,-0.7744230031967163
i2c,0,208,0.011326463982868962,0.046836135483511745,-1.3473845720291138
i2c,1,208,0.006727600622098824,0.196511294824112,-0.07993614673614502
i2c,2,208,0.023819012098138095,0.06458999736127212,-1.1631956100463867
i2c,3,208,0.00773662132384087,0.17209494945242096,-1.4081299901008606
i2c,4,208,0.01197517061660406,0.12675382184419168,-1.6272505521774292
i2c,5,208,0.007016839478381887,0.08103654122575955,-1.1504433751106262
i2c,6,208,0.0040017620025968245,0.05562675808639206,-0.567994236946106
i2c,7,208,0.010325590665981668,0.0987183917773315,-1.5272386074066162
i2c,8,208,0.005909170797885624,0.11221034726856383,-0.19554996490478516
i2c,9,208,0.004773372410065584,0.0414690302964688,-0.7798810005187988
i2c,0,209,0.011276033860349421,0.04727540419880469,-1.343601256608963
i2c,1,209,0.00670253529726042,0.19842328006222473,-0.06985533237457275
i2c,2,209,0.023858284139331977,0.064917768760644,-1.164579153060913
i2c,3,209,0.007756340181779474,0.17394897664006229,-1.4125098586082458
i2c,4,209,0.011994930075370176,0.1279214976789963,-1.627843976020813
i2c,5,209,0.007163024841542083,0.08124624191225531,-1.1732743382453918
i2c,6,209,0.003827788339919397,0.05530491510477885,-0.5164452791213989
i2c,7,209,0.010340262669345707,0.09930243112547459,-1.5301701128482819
i2c,8,209,0.005918639644362164,0.11335029649450468,-0.1952812671661377
i2c,9,209,0.004867120654198996,0.04152468770904176,-0.7899231910705566
i2c,0,210,0.011225988902114195,0.04762980104083811,-1.3397352993488312
i2c,1,210,0.0066791245097023375,0.2004036624011557,-0.06167805194854736
i2c,2,210,0.023887050595886722,0.06526259454818165,-1.1641697883605957
i2c,3,210,0.007772327474903182,0.17583036131930338,-1.4153241515159607
i2c,4,210,0.012012243287765102,0.12891272881621946,-1.628240942955017
i2c,5,210,0.007422979109112188,0.08131465073214719,-1.2076238989830017
i2c,6,210,0.003749677735358392,0.055300706855599444,-0.48126018047332764
i2c,7,210,0.010287139975522296,0.09965984120051496,-1.527217149734497
i2c,8,210,0.005881990201712484,0.11419152070716798,-0.18748903274536133
i2c,9,210,0.004915099420080539,0.04152202986686224,-0.7775489091873169
i2c,0,211,0.011185847360725143,0.04803106315773857,-1.3369988203048706
i2c,1,211,0.006659603221024081,0.20249243729566724,-0.05411708354949951
i2c,2,211,0.023905510429025743,0.0656209284424035,-1.1622671484947205
i2c,3,211,0.00778167474765025,0.17768745008211387,-1.4167137742042542
i2c,4,211,0.012028705692983796,0.1297353120363581,-1.6284857392311096
i2c,5,211,0.007661180556863802,0.0814060131875931,-1.2364377975463867
i2c,6,211,0.003691197010215322,0.05518292362552271,-0.4526611566543579
i2c,7,211,0.01024059961883348,0.10001079398544593,-1.5247031152248383
i2c,8,211,0.005846580130344128,0.11460623968799649,-0.18031048774719238
i2c,9,211,0.004941698575554168,0.0414963007381603,-0.7794393301010132
i2c,0,212,0.011151576142387418,0.04846741311114698,-1.334698349237442
i2c,1,212,0.006639618909872989,0.20471466759452966,-0.047886013984680176
i2c,2,212,0.02392551255479053,0.06597873759213554,-1.160037636756897
i2c,3,212,0.0077903436737583875,0.1793442390134003,-1.4171835780143738
i2c,4,212,0.012045658201407197,0.13081793066577263,-1.62898188829422
i2c,5,212,0.00788915894026903,0.08156871513395439,-1.2614521980285645
i2c,6,212,0.0036422863506280143,0.05512588004882121,-0.4290109872817993
i2c,7,212,0.01025116782437449,0.10035353469559805,-1.5350461602210999
i2c,8,212,0.005838955717594865,0.11433589230471947,-0.1767507791519165
i2c,9,212,0.004940859432662523,0.041439060243185666,-0.7772929668426514
i2c,0,213,0.011126748289867969,0.048930882746069645,-1.33384507894516
i2c,1,213,0.006687930943600172,0.2064957642906069,-0.04690051078796387
i2c,2,213,0.023936883327357827,0.06635325021755804,-1.1565104722976685
i2c,3,213,0.007797994909669856,0.18079383797222986,-1.4169261455535889
i2c,4,213,0.012060780688866998,0.13171661099116327,-1.6292502582073212
i2c,5,213,0.008236762161799561,0.08182024398112994,-1.3006904125213623
i2c,6,213,0.0036081765689167516,0.05531218740712514,-0.41047394275665283
i2c,7,213,0.010261214947084582,0.10069172817440768,-1.5442183315753937
i2c,8,213,0.0058094568968837385,0.114203099704561,-0.17023122310638428
i2c,9,213,0.0049595689343214094,0.04158339623146819,-0.781436562538147
i2c,0,214,0.011108594520734025,0.04927591702632576,-1.3332392871379852
i2c,1,214,0.006712644061809915,0.20834976564305346,-0.04515409469604492
i2c,2,214,0.02395446340006821,0.06685910776364586,-1.1523502469062805
i2c,3,214,0.007800134458743592,0.18204806510276603,-1.4158447980880737
i2c,4,214,0.012072951506775786,0.13251696444191746,-1.6293757557868958
i2c,5,214,0.008552749895683873,0.08218109756278259,-1.3327730298042297
i2c,6,214,0.003559250437377877,0.05547439777214325,-0.3871546983718872
i2c,7,214,0.010271698458192008,0.10102166322165614,-1.5523684918880463
i2c,8,214,0.005792805305814719,0.1141455183012412,-0.16692733764648438
i2c,9,214,0.004922619860984925,0.04167462095735079,-0.7676339149475098
i2c,0,215,0.011087233020355955,0.049432480081825034,-1.3312373459339142
i2c,1,215,0.0067123062306332915,0.2090247550232257,-0.04322934150695801
i2c,2,215,0.023965251968241626,0.06734344252332855,-1.1471744179725647
i2c,3,215,0.008066953474974402,0.18312920593274698,-1.4467508792877197
i2c,4,215,0.012083441662124675,0.1332342200865632,-1.6292974650859833
i2c,5,215,0.008847697737157378,0.08266300325955342,-1.3591061234474182
i2c,6,215,0.0035240439417246056,0.05584085692727647,-0.3683527708053589
i2c,7,215,0.010411933322479867,0.10134050743949564,-1.5717566907405853
i2c,8,215,0.0057833194555719225,0.11413591066766823,-0.16394579410552979
i2c,9,215,0.004887321190476704,0.0420598910092739,-0.7401902675628662
i2c,0,216,0.011069410681385311,0.04963891140236551,-1.329039216041565
i2c,1,216,0.0067481837873644285,0.21006847175682286,-0.04371500015258789
i2c,2,216,0.023966634953785537,0.06785205496724848,-1.1343004703521729
i2c,3,216,0.008314588473261886,0.18410952680533044,-1.472065031528473
i2c,4,216,0.01209178591288887,0.13388196327365304,-1.6290068626403809
i2c,5,216,0.00910823339551222,0.08321063318294931,-1.3801396489143372
i2c,6,216,0.003522114519918615,0.05619702678734935,-0.3607591390609741
i2c,7,216,0.010541820506371799,0.10164330242731326,-1.5885881185531616
i2c,8,216,0.005766324801662129,0.11436144242121182,-0.16026663780212402
i2c,9,216,0.004872791410186893,0.042620603629229106,-0.7213398218154907
i2c,0,217,0.011055861540558126,0.049900396006395606,-1.3268257081508636
i2c,1,217,0.006811195784525187,0.21066053823159298,-0.04736638069152832
i2c,2,217,0.023982846035736916,0.06846361639742675,-1.1253329515457153
i2c,3,217,0.008542013311294207,0.1850146786627588,-1.4929034113883972
i2c,4,217,0.012096982372851735,0.13448891597909352,-1.6284496784210205
i2c,5,217,0.00935180966225179,0.08376114469192418,-1.3977116346359253
i2c,6,217,0.003533627908785253,0.05636731997724043,-0.3592878580093384
i2c,7,217,0.010648607816636207,0.10222214673329572,-1.6002252697944641
i2c,8,217,0.005757777392445207,0.11471334083781315,-0.15747451782226562
i2c,9,217,0.0050190146334550476,0.04336139763828868,-0.7373539209365845
i2c,0,218,0.011046517254936786,0.05021580587832038,-1.324758231639862
i2c,1,218,0.006915863254817793,0.21118405050238778,-0.05572652816772461
i2c,2,218,0.02399175552000446,0.06904175845410453,-1.116129457950592
i2c,3,218,0.008756113004131615,0.1856886642161504,-1.5114960670471191
i2c,4,218,0.012097913643394284,0.13508569917457963,-1.627617508172989
i2c,5,218,0.009619097181309232,0.08461591526317488,-1.4159310460090637
i2c,6,218,0.0035507021217569545,0.0565694792233702,-0.3618232011795044
i2c,7,218,0.010746462677546288,0.10273845249969016,-1.6105768382549286
i2c,8,218,0.005763382652324442,0.11499095788581665,-0.15635812282562256
i2c,9,218,0.005146592623971165,0.04410738663132352,-0.74587082862854
i2c,0,219,0.011043897806800582,0.05057702453343256,-1.323844313621521
i2c,1,219,0.007049004300220901,0.21124447819052003,-0.06658816337585449
i2c,2,219,0.023870004403526955,0.0696633701960868,-1.1011740565299988
i2c,3,219,0.008946942590874196,0.18639710817544425,-1.526766836643219
i2c,4,219,0.01209772783468304,0.1356880668284644,-1.6265732944011688
i2c,5,219,0.00986411132568691,0.08552751913823849,-1.430996686220169
i2c,6,219,0.0035430976760509464,0.056683240505417426,-0.352294921875
i2c,7,219,0.010836818629075914,0.10318799181624792,-1.61986044049263
i2c,8,219,0.0057782258845803375,0.11535777224211399,-0.1559351682662964
i2c,9,219,0.005275053201529961,0.04479615987039534,-0.7439911365509033
i2c,0,220,0.011043371098186497,0.05097670750293655,-1.3230921030044556
i2c,1,220,0.007155095815695879,0.21179062222278072,-0.07940053939819336
i2c,2,220,0.023757712540109686,0.07019691206174541,-1.0940067172050476
i2c,3,220,0.009122335125708252,0.1874691821796069,-1.540319561958313
i2c,4,220,0.012095995236514487,0.136378789995724,-1.6253584921360016
i2c,5,220,0.010086162261349722,0.08642916251647788,-1.4433687031269073
i2c,6,220,0.0036356317855402304,0.056997587901373034,-0.3535968065261841
i2c,7,220,0.010920251186939407,0.10357205787996422,-1.6281831860542297
i2c,8,220,0.005785052107861899,0.1158305063366607,-0.1553589105606079
i2c,9,220,0.005410315345634735,0.04536999628248553,-0.7365803718566895
i2c,0,221,0.011041426092931225,0.05128447376323628,-1.322225272655487
i2c,1,221,0.007259036195054323,0.2121090609599119,-0.09371078014373779
i2c,2,221,0.02376108537657106,0.07067725573153091,-1.0967237949371338
i2c,3,221,0.009284620433533078,0.18862464251679953,-1.5527400076389313
i2c,4,221,0.012093010474637504,0.1371051336874101,-1.6239787638187408
i2c,5,221,0.010287270072424783,0.08729359375999403,-1.4535751640796661
i2c,6,221,0.003681695714718672,0.05731709297571137,-0.3411240577697754
i2c,7,221,0.01099840071612218,0.10388143918458792,-1.6358502358198166
i2c,8,221,0.005770992802555247,0.11665322974263173,-0.15272974967956543
i2c,9,221,0.005503202514055519,0.04584832373287287,-0.7408254146575928
i2c,0,222,0.0110438905894754,0.05163948607127222,-1.3223776817321777
i2c,1,222,0.007395557466307094,0.2117927605005393,-0.11320769786834717
i2c,2,222,0.02375505418548271,0.07110452924695662,-1.0979209542274475
i2c,3,222,0.009433275852999051,0.19013157751570753,-1.5640575289726257
i2c,4,222,0.01208917422782306,0.13787736741983178,-1.6224824786186218
i2c,5,222,0.010468588960758772,0.08814654151355066,-1.4624309837818146
i2c,6,222,0.0037303740604929803,0.057876806237574144,-0.33228039741516113
i2c,7,222,0.011139030561335736,0.10412477707984429,-1.6518866121768951
i2c,8,222,0.005759055688027981,0.11743212468372868,-0.15014755725860596
i2c,9,222,0.005607230217558136,0.0462165000102836,-0.7393879890441895
i2c,0,223,0.011046525918657707,0.052037224524909415,-1.322111040353775
i2c,1,223,0.00750691386968963,0.21096469869045767,-0.13022303581237793
i2c,2,223,0.023759135696517754,0.07147232530818234,-1.098124384880066
i2c,3,223,0.009574492761508312,0.1914918793210761,-1.5748061537742615
i2c,4,223,0.012083292518430065,0.13870751391577713,-1.6207968294620514
i2c,5,223,0.010627980812881854,0.08894423161979575,-1.46943998336792
i2c,6,223,0.003767610421462911,0.05844000240629149,-0.3215688467025757
i2c,7,223,0.01126888364652149,0.10430917019115048,-1.6658172756433487
i2c,8,223,0.005711385092021515,0.11885604383799134,-0.14416444301605225
i2c,9,223,0.005694640997626781,0.04668378827571308,-0.7244399785995483
i2c,0,224,0.011049622126758613,0.052336426792496143,-1.3221510648727417
i2c,1,224,0.00760150514913905,0.20994105317514128,-0.1454859972000122
i2c,2,224,0.023748543349301675,0.07169552218239321,-1.1015121936798096
i2c,3,224,0.009702944534563294,0.1928569164765133,-1.5838229954242706
i2c,4,224,0.012080039355435696,0.13996502648027545,-1.6197072565555573
i2c,5,224,0.010772381424884077,0.08966748553154141,-1.4753033518791199
i2c,6,224,0.0038054469913912023,0.05900386904990433,-0.3158940076828003
i2c,7,224,0.011389198297867553,0.10443354290092713,-1.6780996173620224
i2c,8,224,0.005664702000795066,0.12049794632457639,-0.13896262645721436
i2c,9,224,0.0057757945692615345,0.0471197224090998,-0.7096569538116455
i2c,0,225,0.011052798222554089,0.0526736738818446,-1.3219842314720154
i2c,1,225,0.007745217462561835,0.20931375076800732,-0.1703169345855713
i2c,2,225,0.023769463781024923,0.07192737492783452,-1.1116160154342651
i2c,3,225,0.009819684585387692,0.19422429905682506,-1.5914746224880219
i2c,4,225,0.012075049292929227,0.1412206852489922,-1.6184389889240265
i2c,5,225,0.010900923754394297,0.09032373590479795,-1.4800936579704285
i2c,6,225,0.0038398528149608396,0.05939101804312015,-0.3059391975402832
i2c,7,225,0.011479505357228588,0.10481496216640655,-1.6859718412160873
i2c,8,225,0.005634288956225572,0.12188434914796198,-0.13570868968963623
i2c,9,225,0.005860566341300805,0.047677592030653485,-0.7000478506088257
i2c,0,226,0.01105681875011201,0.053045593167437274,-1.3214384019374847
i2c,1,226,0.007913630095407444,0.2090530885456869,-0.20040202140808105
i2c,2,226,0.02381618313718656,0.0722475958284264,-1.129442572593689
i2c,3,226,0.009929432524537839,0.19562178919914835,-1.5989359617233276
i2c,4,226,0.012072405122621054,0.1425637667804099,-1.6178404092788696
i2c,5,226,0.011015534466896112,0.09093765187354907,-1.4842276871204376
i2c,6,226,0.003878391530684082,0.059765841021434174,-0.2988392114639282
i2c,7,226,0.01156703781561455,0.1051107180753183,-1.6934157609939575
i2c,8,226,0.005618097272867384,0.12310474521890988,-0.13258075714111328
i2c,9,226,0.0059667135689493445,0.048217131809222616,-0.6931270360946655
i2c,0,227,0.011067198303190529,0.05344605046493686,-1.3215183317661285
i2c,1,227,0.008068236898398244,0.20944346174252237,-0.22784733772277832
i2c,2,227,0.02386430252499227,0.0725896489637982,-1.1447010040283203
i2c,3,227,0.010031821447290618,0.19730880281050814,-1.6059871315956116
i2c,4,227,0.01206657346488349,0.1438643818186103,-1.6170011162757874
i2c,5,227,0.011120468716948148,0.09148797069251062,-1.4876978397369385
i2c,6,227,0.003916145722909763,0.06006645039392665,-0.29268765449523926
i2c,7,227,0.011647890188413557,0.1053374656556339,-1.700482189655304
i2c,8,227,0.005619830103787041,0.12416316292969287,-0.13317430019378662
i2c,9,227,0.006020933407461959,0.048440213197478585,-0.6741422414779663
i2c,0,228,0.011071985409668209,0.053873770428359155,-1.3204312026500702
i2c,1,228,0.008252191730336658,0.20997093421585483,-0.2641749382019043
i2c,2,228,0.02392576111011379,0.07308384894078872,-1.1593457460403442
i2c,3,228,0.01012008655978535,0.19893702226527066,-1.611926794052124
i2c,4,228,0.012059201847646778,0.14509967593568193,-1.6160627603530884
i2c,5,228,0.011216222780534059,0.0919758126568424,-1.490594059228897
i2c,6,228,0.003968714824254267,0.060305088193392975,-0.29570698738098145
i2c,7,228,0.011723435207151682,0.10550206207584054,-1.7069965153932571
i2c,8,228,0.005630720049807969,0.12475477877476224,-0.13403451442718506
i2c,9,228,0.006190240780616772,0.048567106419783415,-0.677895188331604
i2c,0,229,0.01107685447197436,0.05419336867239814,-1.3190195560455322
i2c,1,229,0.008417056610898851,0.21094554629346116,-0.29997575283050537
i2c,2,229,0.023987351162392798,0.07363086041041907,-1.1692683696746826
i2c,3,229,0.010021012133159868,0.2004750305793533,-1.6045631170272827
i2c,4,229,0.012051751047791437,0.14626054666042027,-1.6150275468826294
i2c,5,229,0.011302608823704777,0.09243107751557818,-1.4932125508785248
i2c,6,229,0.003962056240909104,0.06019844200633662,-0.28718996047973633
i2c,7,229,0.01179477412871325,0.10560915140411742,-1.7130790650844574
i2c,8,229,0.005629328234535574,0.12547361288722753,-0.13131022453308105
i2c,9,229,0.006323526213183953,0.04880368107255893,-0.6888822317123413
i2c,0,230,0.011082384661100064,0.054554082245401786,-1.3172819018363953
i2c,1,230,0.008675600211315887,0.21196854058165202,-0.35180211067199707
i2c,2,230,0.02404709629855644,0.074214855627646,-1.1757026314735413
i2c,3,230,0.009936525564115672,0.20191535203767164,-1.5976439118385315
i2c,4,230,0.012043215358859015,0.14734303761765993,-1.6139132976531982
i2c,5,230,0.011379219370965775,0.09284808371627935,-1.4952251613140106
i2c,6,230,0.003950189043037698,0.0600003291348563,-0.2796299457550049
i2c,7,230,0.01186439268965804,0.10567149314367005,-1.7188404202461243
i2c,8,230,0.005692546334267495,0.12605842266497275,-0.13522613048553467
i2c,9,230,0.006482137746828633,0.04896212094835099,-0.7033421993255615
i2c,0,231,0.01108992182690284,0.05495289002317366,-1.315664917230606
i2c,1,231,0.009008305757019289,0.21341457306414813,-0.4256218671798706
i2c,2,231,0.024124395954809634,0.0749635899557099,-1.1825578808784485
i2c,3,231,0.009860726060707183,0.20326132381760012,-1.590946227312088
i2c,4,231,0.012034670270575157,0.14834703540786823,-1.6127352714538574
i2c,5,231,0.011449694584478566,0.09324997142870857,-1.4971423149108887
i2c,6,231,0.003946560355954365,0.059820408479755866,-0.2795768976211548
i2c,7,231,0.011929170107193396,0.1057010337307162,-1.7240282446146011
i2c,8,231,0.005749567017289056,0.12605860537538174,-0.13837659358978271
i2c,9,231,0.006633156916310334,0.049201678173180746,-0.7108738422393799
i2c,0,232,0.011099849685163032,0.05538145695094478,-1.3148119449615479
i2c,1,232,0.009323115130608434,0.21490381572521944,-0.4977452754974365
i2c,2,232,0.024202230266971117,0.0757683615226961,-1.1872378587722778
i2c,3,232,0.009794310140008207,0.2045130997928641,-1.584594190120697
i2c,4,232,0.012026004076040243,0.14969418406100587,-1.6118419468402863
i2c,5,232,0.01151008127820434,0.09363223333887413,-1.4985427558422089
i2c,6,232,0.003939595812129312,0.05949829667165535,-0.2742966413497925
i2c,7,232,0.01198666875404951,0.10570623663368964,-1.7286333590745926
i2c,8,232,0.0058008973910859685,0.1259408054791072,-0.14010417461395264
i2c,9,232,0.006768905864467364,0.049274649540566845,-0.708756685256958
i2c,0,233,0.011107226275866147,0.05569704872445032,-1.3133515119552612
i2c,1,233,0.009594129773739128,0.2163605170942462,-0.5557529926300049
i2c,2,233,0.02427946084510143,0.0766313057526832,-1.1906055212020874
i2c,3,233,0.009727749134949844,0.20567791256276446,-1.578320324420929
i2c,4,233,0.012016501845024813,0.15091473735856487,-1.6108810007572174
i2c,5,233,0.011567167170668129,0.09401364488078924,-1.499656856060028
i2c,6,233,0.003925270719580064,0.0592838755255022,-0.26676487922668457
i2c,7,233,0.012038859827561317,0.10569323974299588,-1.732863426208496
i2c,8,233,0.005814965373967709,0.12655771525739326,-0.1382671594619751
i2c,9,233,0.006878873912645314,0.049296452660951826,-0.7179189920425415
i2c,0,234,0.01111347939102933,0.05591270698998212,-1.3117710947990417
i2c,1,234,0.00981909449562638,0.21814079876628217,-0.6020693778991699
i2c,2,234,0.02433991543021903,0.0776491853247929,-1.1922801733016968
i2c,3,234,0.009665598826376742,0.20677959430814621,-1.5721761286258698
i2c,4,234,0.012009361017286502,0.15242248615398696,-1.6102792024612427
i2c,5,234,0.01161532757747228,0.09435664601848023,-1.5006968677043915
i2c,6,234,0.003913463415996139,0.0592461091181051,-0.2622334957122803
i2c,7,234,0.01208806221850995,0.10567301399326533,-1.7366999834775925
i2c,8,234,0.0058383402850106375,0.12728243564647168,-0.13792932033538818
i2c,9,234,0.007005525909308939,0.04933197416371951,-0.7260199785232544
i2c,0,235,0.01111819263109834,0.0559502306555124,-1.309624820947647
i2c,1,235,0.010113194849924782,0.21977861754979341,-0.668122410774231
i2c,2,235,0.024384168727629406,0.07881310577323426,-1.19274240732193
i2c,3,235,0.009606400087314913,0.20781695947093495,-1.5661216974258423
i2c,4,235,0.012001664357762822,0.15373084564188805,-1.6096327006816864
i2c,5,235,0.011656561576730375,0.09472832038971347,-1.501191645860672
i2c,6,235,0.003915967158570233,0.0591053277443153,-0.2623504400253296
i2c,7,235,0.012133579091210968,0.10564359857234566,-1.7401848286390305
i2c,8,235,0.00586707827487018,0.127977687438736,-0.13874411582946777
i2c,9,235,0.007171623026972183,0.04938619019450559,-0.7465870380401611
i2c,0,236,0.01112372496301331,0.05606570411613698,-1.307337760925293
i2c,1,236,0.010481554340794647,0.22194349987482437,-0.7599747180938721
i2c,2,236,0.024412833795746255,0.0801093244955257,-1.1927245259284973
i2c,3,236,0.009549490437773152,0.20881264963665105,-1.5600790083408356
i2c,4,236,0.011996583729866228,0.15469970127154634,-1.6092973947525024
i2c,5,236,0.011695457725970401,0.09509344561641506,-1.5020295679569244
i2c,6,236,0.003917778326818132,0.05907505426521309,-0.2613189220428467
i2c,7,236,0.012179393443745926,0.10560986056593037,-1.7435600757598877
i2c,8,236,0.0059331006478537535,0.1287774603515175,-0.14301466941833496
i2c,9,236,0.007271242973055085,0.04954582660567475,-0.7521204948425293
i2c,0,237,0.011131614165603154,0.05626942150731534,-1.305677056312561
i2c,1,237,0.010839323972611802,0.22383249180888473,-0.8454419374465942
i2c,2,237,0.02443297263770597,0.08151955066938471,-1.1924394965171814
i2c,3,237,0.009499245390987308,0.20984644884346704,-1.5551551282405853
i2c,4,237,0.011992571722176569,0.1559431461822928,-1.6091399788856506
i2c,5,237,0.01173026219884455,0.09550304548685665,-1.502445012331009
i2c,6,237,0.0039016770573273574,0.05923402009707748,-0.2620885372161865
i2c,7,237,0.012195681511877166,0.10549262042936326,-1.7448765635490417
i2c,8,237,0.005984724587542067,0.12961090683278448,-0.1469491720199585
i2c,9,237,0.00736739841456046,0.049649685969909735,-0.7535005807876587
i2c,0,238,0.011140898857438408,0.056561332260913755,-1.3045212924480438
i2c,1,238,0.011183366564235853,0.2254892435554659,-0.9223208427429199
i2c,2,238,0.02444297882192592,0.08292659615295798,-1.1931968927383423
i2c,3,238,0.009453893383397964,0.21088262176948408,-1.5502971410751343
i2c,4,238,0.011990176241990884,0.1569188804980972,-1.6089501082897186
i2c,5,238,0.011761317253540113,0.09606241778891582,-1.503031313419342
i2c,6,238,0.0038829555033141477,0.0596814781370497,-0.26212620735168457
i2c,7,238,0.012187985998553322,0.10579429788762734,-1.7439643293619156
i2c,8,238,0.0060563250431005106,0.1307599881820326,-0.15491533279418945
i2c,9,238,0.007412717393076779,0.049847610639070714,-0.7402139902114868
i2c,0,239,0.011146554600569167,0.05693899522489301,-1.3033961355686188
i2c,1,239,0.011496379036379178,0.2273007708957495,-0.9878857731819153
i2c,2,239,0.024445701377251522,0.08438815095887758,-1.1940205693244934
i2c,3,239,0.009409640610478595,0.2119348199550391,-1.5453246533870697
i2c,4,239,0.0119864713524835,0.15765729055383682,-1.6086841225624084
i2c,5,239,0.011791197197513821,0.09666317103043529,-1.503389447927475
i2c,6,239,0.0038777716329211273,0.06021319339462025,-0.2634694576263428
i2c,7,239,0.012157871472005033,0.10645765129850948,-1.7407885938882828
i2c,8,239,0.006119580185963341,0.13211783259734441,-0.1620044708251953
i2c,9,239,0.007506133208878753,0.049957804384294896,-0.7535041570663452
i2c,0,240,0.011157993166043545,0.05739138180332917,-1.3030114769935608
i2c,1,240,0.011658703653283885,0.22861609617382894,-1.015895962715149
i2c,2,240,0.02445903558017297,0.08578301944718601,-1.1940388083457947
i2c,3,240,0.00937229670536379,0.2130842945517998,-1.5414439737796783
i2c,4,240,0.01198088918524895,0.1581997744530521,-1.608252763748169
i2c,5,240,0.011818941123251658,0.09731709874522247,-1.5034584999084473
i2c,6,240,0.003877563056073813,0.060621255141785096,-0.2711232900619507
i2c,7,240,0.012132507211673478,0.10704405413420204,-1.73807492852211
i2c,8,240,0.006184183734830193,0.1332092244147276,-0.17003095149993896
i2c,9,240,0.007592955106116614,0.05010386347668802,-0.7569916248321533
i2c,0,241,0.011171266689994144,0.0577864180195157,-1.3022205829620361
i2c,1,241,0.011814933341256391,0.2297171945200765,-1.041381597518921
i2c,2,241,0.024461459222145404,0.08720881930400132,-1.1931533217430115
i2c,3,241,0.00933631531898576,0.2142765065629696,-1.5373649597167969
i2c,4,241,0.011976866481576698,0.1585556922203478,-1.6081900596618652
i2c,5,241,0.011839991279055606,0.09810964134979605,-1.5034131705760956
i2c,6,241,0.003860409590302878,0.06115063330807963,-0.2716503143310547
i2c,7,241,0.012110082284994925,0.10753649393499959,-1.7356094419956207
i2c,8,241,0.006280265356382986,0.1340785220671325,-0.18230187892913818
i2c,9,241,0.007668315170655797,0.05032878940714182,-0.7811075448989868
i2c,0,242,0.011172500385538131,0.05806309641676517,-1.3017060458660126
i2c,1,242,0.011961631249752303,0.23060092489318526,-1.064328908920288
i2c,2,242,0.024474665860443882,0.08853012850393806,-1.1912690997123718
i2c,3,242,0.009301347267343933,0.21551550426189772,-1.533131718635559
i2c,4,242,0.011973106546183089,0.15887201207371696,-1.6080003082752228
i2c,5,242,0.0118585367051261,0.09892328095938893,-1.5031277537345886
i2c,6,242,0.0038394436133462814,0.06176704498571134,-0.2733640670776367
i2c,7,242,0.01209219140243565,0.1079495364303648,-1.733518049120903
i2c,8,242,0.006360722453767856,0.13457832224972696,-0.19164133071899414
i2c,9,242,0.007755297217046729,0.050538280995296544,-0.8074686527252197
i2c,0,243,0.011177916367038854,0.05830125950847387,-1.3014431297779083
i2c,1,243,0.012213997427057206,0.2317646380242696,-1.1090936660766602
i2c,2,243,0.024503204012010275,0.08974030959682443,-1.1890742182731628
i2c,3,243,0.009265904699169561,0.21688569813491934,-1.5287525951862335
i2c,4,243,0.011967312169524465,0.15919153802334376,-1.6075507998466492
i2c,5,243,0.011872306320166455,0.099738326208177,-1.5025425255298615
i2c,6,243,0.003819388822311816,0.06254084815674667,-0.2686343193054199
i2c,7,243,0.012075878825565066,0.10827305081665722,-1.731605902314186
i2c,8,243,0.006429240759181429,0.13537723756636436,-0.19915997982025146
i2c,9,243,0.007861796257729606,0.05052506456647843,-0.82047438621521
i2c,0,244,0.011184445768042714,0.05851057224383538,-1.3008836507797241
i2c,1,244,0.01247099567228191,0.23318165718696196,-1.149492621421814
i2c,2,244,0.02453987777436318,0.09085260281683938,-1.186926543712616
i2c,3,244,0.009232984660423153,0.21828202752097783,-1.5242689549922943
i2c,4,244,0.011966054544608265,0.15941673798996958,-1.6078270971775055
i2c,5,244,0.011882037851030425,0.10052683309590792,-1.5021918714046478
i2c,6,244,0.0038030774030857195,0.06337933082783535,-0.26704347133636475
i2c,7,244,0.01206417620943942,0.10853365048663302,-1.730068951845169
i2c,8,244,0.006459066384464501,0.13629642915650286,-0.20108568668365479
i2c,9,244,0.007961030693023396,0.05048641424654307,-0.8346539735794067
i2c,0,245,0.011194571540613998,0.05870119244170495,-1.3009072244167328
i2c,1,245,0.012701850318878952,0.23487007306517488,-1.182891845703125
i2c,2,245,0.024555871689387686,0.09183621245688509,-1.1835532784461975
i2c,3,245,0.009205469658915763,0.21978337375476723,-1.5208852589130402
i2c,4,245,0.01196214016631287,0.15975773942626212,-1.6076963245868683
i2c,5,245,0.011888794295091723,0.10142221971825133,-1.501905769109726
i2c,6,245,0.0037996396869518986,0.06426077566448915,-0.2691938877105713
i2c,7,245,0.012055505150514442,0.10873142065418394,-1.7287239134311676
i2c,8,245,0.006464782839540009,0.13768086515856612,-0.20192039012908936
i2c,9,245,0.008154472560911057,0.05055504463844954,-0.8771239519119263
i2c,0,246,0.011206081253907957,0.058997090389888374,-1.3017591536045074
i2c,1,246,0.013055813858698029,0.23679791165067438,-1.2306352853775024
i2c,2,246,0.02458023128046998,0.09272387364564526,-1.1801512241363525
i2c,3,246,0.009179329988389724,0.22129568958828016,-1.517361044883728
i2c,4,246,0.011961009550196314,0.16066469629898433,-1.6081246733665466
i2c,5,246,0.011894894836642238,0.10225670772351764,-1.5019652843475342
i2c,6,246,0.0038046496416348705,0.06528392906382455,-0.2768096923828125
i2c,7,246,0.012049302993330596,0.1088684119982788,-1.7277163565158844
i2c,8,246,0.006461053891530746,0.13911337151005315,-0.20046663284301758
i2c,9,246,0.00831086022981941,0.0505954969681936,-0.8948009014129639
i2c,0,247,0.011207222845552853,0.059212144832042304,-1.3024281859397888
i2c,1,247,0.01337808507946936,0.2389112855467283,-1.2681280970573425
i2c,2,247,0.02459786681703737,0.0936065442022554,-1.176923394203186
i2c,3,247,0.009149315376743641,0.2228107902882691,-1.5136065185070038
i2c,4,247,0.011955308334051742,0.1616442614138095,-1.6080713868141174
i2c,5,247,0.011900340196882651,0.10316569444835116,-1.5022761225700378
i2c,6,247,0.003818772074516169,0.06615218761869354,-0.2853846549987793
i2c,7,247,0.012045567902744574,0.1089681045350225,-1.726991429924965
i2c,8,247,0.006450270962067059,0.1408603348641873,-0.19822967052459717
i2c,9,247,0.008457033628734942,0.05061076059821551,-0.9051766395568848
i2c,0,248,0.011208314395710295,0.05953049765429645,-1.3031415045261383
i2c,1,248,0.01367954483539073,0.24075152860541915,-1.2988009452819824
i2c,2,248,0.024629523965441318,0.09441287881529042,-1.1744405627250671
i2c,3,248,0.00912018350949962,0.22432510707268427,-1.5096785724163055
i2c,4,248,0.011958712817964429,0.16260501881589273,-1.6090582311153412
i2c,5,248,0.011903650978402229,0.10415978956625667,-1.502162754535675
i2c,6,248,0.00383324266622017,0.06690831661036223,-0.2930639982223511
i2c,7,248,0.012042640360887445,0.10905320918990268,-1.7265257984399796
i2c,8,248,0.006523815840439845,0.1426662177435292,-0.20628631114959717
i2c,9,248,0.008512204396513214,0.05042530452717972,-0.8988384008407593
i2c,0,249,0.011204979247002367,0.059774995758201055,-1.3042947053909302
i2c,1,249,0.013958082552503095,0.24275655177723282,-1.3238502144813538
i2c,2,249,0.024676739635703875,0.09516071559251957,-1.1726713180541992
i2c,3,249,0.009093561888280678,0.22581548940293772,-1.5057305097579956
i2c,4,249,0.011958789948516728,0.1636561992623181,-1.6095816493034363
i2c,5,249,0.011902772540464665,0.10520942581278121,-1.5015414655208588
i2c,6,249,0.0038673675808964594,0.0675135990314223,-0.3061114549636841
i2c,7,249,0.012043363113425062,0.10911813134355082,-1.7264153361320496
i2c,8,249,0.006631187273981723,0.14423430854359,-0.21880710124969482
i2c,9,249,0.00856327117086049,0.05026799378076516,-0.8871538639068604
i2c,0,250,0.011193566412778522,0.059961101744558085,-1.305296778678894
i2c,1,250,0.01444788167115986,0.24488455818478644,-1.3591397404670715
i2c,2,250,0.024724709551212413,0.09587529915372318,-1.169261634349823
i2c,3,250,0.009064333779574371,0.22728708452245142,-1.5014804005622864
i2c,4,250,0.011963431290070083,0.16491096263507038,-1.6109468340873718
i2c,5,250,0.011901207742107532,0.10627024082986421,-1.5010307431221008
i2c,6,250,0.0038792566140848153,0.06807537572281969,-0.3124868869781494
i2c,7,250,0.012043619509643236,0.10917187775791601,-1.7264017909765244
i2c,8,250,0.006733131562400685,0.14637369060268013,-0.23065602779388428
i2c,9,250,0.008612829047568861,0.05009444215068552,-0.8742337226867676
max,0,0,0.0,0.0,0.0
max,1,0,0.0,0.0,0.0
max,2,0,0.0,0.0,0.0
max,3,0,0.0,0.0,0.0
max,4,0,0.0,0.0,0.0
max,5,0,0.0,0.0,0.0
max,6,0,0.0,0.0,0.0
max,7,0,0.0,0.0,0.0
max,8,0,0.0,0.0,0.0
max,9,0,0.0,0.0,0.0
max,0,1,-4.631208149211141e-05,-0.0005661949390249332,-0.00030481815338134766
max,1,1,0.0,0.0,0.0
max,2,1,3.3682475302429515e-06,0.0003832919205013219,0.0011979341506958008
max,3,1,0.00010293805830405983,-0.000490183061416169,-0.0005136728286743164
max,4,1,0.00010120962006100742,9.962544780880989e-05,-0.0005742311477661133
max,5,1,0.00026095558037048106,0.00011967358289267926,-0.0017567873001098633
max,6,1,-0.00010225053291622321,0.00023969261721590307,0.0016149282455444336
max,7,1,0.00032854784690200534,0.0002227021958248615,-0.010131120681762695
max,8,1,0.0,0.0,0.0
max,9,1,-0.00016520044043395743,-0.00045461467612326056,0.0016200542449951172
max,0,2,9.920873470503633e-05,-0.0009650462849762759,-0.0033559799194335938
max,1,2,-9.755586669718541e-05,0.0001303812702503626,0.0015304088592529297
max,2,2,6.141960945448e-05,0.0007594900450154929,0.0015895366668701172
max,3,2,0.0002090314354135439,-0.000777767253714784,-0.0003389120101928711
max,4,2,0.00020729825906968397,0.0002102355516721277,-0.001858830451965332
max,5,2,0.0004804184702352221,0.0002537986009603921,-0.004495739936828613
max,6,2,8.506122573384567e-05,-0.00028172430304673757,-0.002357006072998047
max,7,2,0.0004320155745226942,0.00018144200229490426,-0.014921188354492188
max,8,2,5.876667963441995e-05,-0.00021309577366468435,-0.0011159181594848633
max,9,2,-0.00016740589438245246,-0.0008534128470722158,0.0010986328125
max,0,3,0.00023202652558899917,-0.001257579042299492,-0.006392955780029297
max,1,3,-8.669611307862701e-05,0.0002528292480796085,-0.00046646595001220703
max,2,3,0.00018338371560850525,0.0011914319247441213,0.0016818046569824219
max,3,3,0.00031482024141408355,-0.0009996949802713873,-0.0006781816482543945
max,4,3,0.000302391369944241,0.00031925728334059045,-0.0028716325759887695
max,5,3,0.000658907454007901,0.0003870020221288101,-0.0064432621002197266
max,6,3,0.000278328936567325,-0.0006497575652451432,-0.007506370544433594
max,7,3,0.0005846439075372703,0.0002823460735146138,-0.020879387855529785
max,8,3,9.754755237001422e-05,-0.00035541792891218005,-0.002214193344116211
max,9,3,-0.00014726233274998946,-0.0011794277545860432,0.00022542476654052734
max,0,4,0.00035535513893643345,-0.0014869521434320299,-0.009325027465820312
max,1,4,-7.559517793571946e-05,0.00036924128766173403,-0.0017112493515014648
max,2,4,0.0002356498310284172,0.0017317642971877434,0.001986861228942871
max,3,4,0.0003874289369332762,-0.0011074498234994873,-0.0017098188400268555
max,4,4,0.00040101720613815867,0.0005273750180634224,-0.003375530242919922
max,5,4,0.000824237677069295,0.0005470060255152454,-0.008000016212463379
max,6,4,0.00042614718153623915,-0.0008269181450659413,-0.01346731185913086
max,7,4,0.0006587170028140646,0.0004104314867147407,-0.022966861724853516
max,8,4,0.00017430046072217098,-0.0005764763980458665,-0.0024709701538085938
max,9,4,-0.00010302613404973571,-0.0014853613499112156,-4.982948303222656e-05
max,0,5,0.0004997827065426758,-0.001880086614970064,-0.013039469718933105
max,1,5,3.958554351130017e-05,0.0002065196646370282,-0.003971457481384277
max,2,5,0.000313311843199611,0.002218031040037788,0.0015856027603149414
max,3,5,0.0005089624881722543,-0.0011087001625593312,-0.00327301025390625
max,4,5,0.0004973521280082424,0.0007750411461869416,-0.0041970014572143555
max,5,5,0.00093225336548141,0.0007670933302220267,-0.009522795677185059
max,6,5,0.000676905296001229,-0.0008905082935043579,-0.024115443229675293
max,7,5,0.0006999940821547229,0.000637720624934654,-0.022060275077819824
max,8,5,0.00031178016364048766,-0.00048067609733377925,-0.003133535385131836
max,9,5,-3.2421288038701757e-05,-0.0016906402086784844,-0.0002944469451904297
max,0,6,0.0005652149165745746,-0.0023269987201438858,-0.013494729995727539
max,1,6,6.978741982653636e-05,0.00011022595097756605,-0.003416776657104492
max,2,6,0.00041672675202653053,0.002658566362696957,0.0006378889083862305
max,3,6,0.0006084635591542195,-0.001049825811668112,-0.006200551986694336
max,4,6,0.0005605387643583398,0.0010825663391761664,-0.004916667938232422
max,5,6,0.0010686430265354069,0.0011035158083160385,-0.01086437702178955
max,6,6,0.0008982876118227706,-0.0009326248917031904,-0.03474915027618408
max,7,6,0.0007651648976240294,0.0010463715766910464,-0.019701838493347168
max,8,6,0.0004944305053653508,-0.00031418356743534437,-0.004897117614746094
max,9,6,3.0039831467168487e-05,-0.0018437312409541051,-0.0005615949630737305
max,0,7,0.0006391270215373168,-0.0027037445927000497,-0.01444852352142334
max,1,7,0.00020361808396059805,-0.00015030491626116804,-0.005396723747253418
max,2,7,0.0004558338989897187,0.002996339453915281,-0.00025284290313720703
max,3,7,0.0007276475103248012,-0.0009572730102469923,-0.009730100631713867
max,4,7,0.0006347782838679317,0.001370153710820804,-0.00541377067565918
max,5,7,0.0012047357345161824,0.001414651266600786,-0.012284636497497559
max,6,7,0.00103217750472432,-0.000896782695953599,-0.03904831409454346
max,7,7,0.0008806931701116141,0.0014894457565273883,-0.018866419792175293
max,8,7,0.0006212543560120687,-0.00027921848870271493,-0.006271719932556152
max,9,7,5.03019572687044e-05,-0.001995393620588967,-0.0010302066802978516
max,0,8,0.0007154399438085157,-0.0030253964556487406,-0.01589179039001465
max,1,8,0.0002921046039815606,-0.00033544973216012575,-0.00714266300201416
max,2,8,0.000540328477100803,0.0033372557619905097,-0.0015739202499389648
max,3,8,0.000842231054443851,-0.0007228461761728394,-0.014713525772094727
max,4,8,0.0006525154646631545,0.001774545607302086,-0.00554049015045166
max,5,8,0.0012827426157515712,0.0017623379492065216,-0.01228642463684082
max,6,8,0.0011432685618907173,-0.0008316851649845386,-0.04431629180908203
max,7,8,0.0010440143248157327,0.0019192254630248234,-0.019080042839050293
max,8,8,0.0007423539790227252,-0.00017737168781227497,-0.007459759712219238
max,9,8,4.929314968024623e-05,-0.0020797160704591755,-0.0016596317291259766
max,0,9,0.0007652303224875562,-0.003381503196448518,-0.017439961433410645
max,1,9,0.00032604968349483204,-0.00042572146631747465,-0.007619261741638184
max,2,9,0.0006402946629577577,0.003654360017127156,-0.0034232139587402344
max,3,9,0.0009747351179306904,-0.00046836360542842903,-0.021048426628112793
max,4,9,0.0006850610157791634,0.0021566285849059785,-0.0060138702392578125
max,5,9,0.0013442932944246408,0.0021390556813696976,-0.012738704681396484
max,6,9,0.0012990325902347347,-0.0007342381132265374,-0.0540388822555542
max,7,9,0.0011730288441043762,0.0023817797352445186,-0.02002418041229248
max,8,9,0.0008589031603185998,-0.00012136377386194608,-0.009251236915588379
max,9,9,4.824596703587036e-05,-0.002093428410188905,-0.0021077394485473633
max,0,10,0.000857065125046963,-0.0036664522383671877,-0.02024078369140625
max,1,10,0.00030587065273302017,-0.0005692575617533696,-0.006732583045959473
max,2,10,0.0006696178057688101,0.00388380800025781,-0.004984855651855469
max,3,10,0.0010979050935657764,-0.00021315121651586943,-0.027747035026550293
max,4,10,0.0007284823692869369,0.0025719808841006275,-0.006957292556762695
max,5,10,0.001473291219006266,0.002599070952447574,-0.013998746871948242
max,6,10,0.0014090722138630565,-0.0007396075498154048,-0.0631101131439209
max,7,10,0.0013036544010903844,0.0028388099573610215,-0.02276003360748291
max,8,10,0.0010005130342476132,-0.00017577729602119563,-0.0102691650390625
max,9,10,3.144146165291739e-05,-0.002096781101156908,-0.0025061368942260742
max,0,11,0.0009355130144450136,-0.003915668229406491,-0.022243857383728027
max,1,11,0.0002589364721187967,-0.0006906407834787326,-0.0052225589752197266
max,2,11,0.0007851007053412754,0.004151425283777613,-0.007587909698486328
max,3,11,0.0012271248220064035,2.7775126308637876e-05,-0.03475654125213623
max,4,11,0.0007850520287459584,0.0030653944358138147,-0.008008837699890137
max,5,11,0.0016140661911620766,0.0031160457892361465,-0.015422821044921875
max,6,11,0.0014360003074862238,-0.0007146672605993082,-0.06601572036743164
max,7,11,0.0014290437307995577,0.003265381251222235,-0.02649712562561035
max,8,11,0.001136016592237915,-0.00021002905016677398,-0.011224150657653809
max,9,11,3.311752113294153e-06,-0.002098444014832071,-0.002703428268432617
max,0,12,0.0009903932513429387,-0.004221301775961722,-0.022872447967529297
max,1,12,0.00025494598846442784,-0.0007302490590387484,-0.004511713981628418
max,2,12,0.0009165118225333141,0.004253219632493241,-0.010619163513183594
max,3,12,0.0013435312973788874,0.0003456579619092598,-0.041864991188049316
max,4,12,0.000845139699501854,0.0035361961095503464,-0.009493231773376465
max,5,12,0.0018000504894302854,0.003691222229078528,-0.018726825714111328
max,6,12,0.0014696206513411247,-0.0006514834295383992,-0.06927001476287842
max,7,12,0.0015798980331883164,0.0036917954657930546,-0.03204214572906494
max,8,12,0.0012968057881518613,-0.00027572032356990017,-0.013013839721679688
max,9,12,1.3969778314068537e-06,-0.0020874753555098213,-0.0031713247299194336
max,0,13,0.0010578160947665033,-0.004491852223629453,-0.02486574649810791
max,1,13,0.00026584500747178774,-0.0007450729671542033,-0.00429224967956543
max,2,13,0.0010086771915228596,0.004329286664079862,-0.01249241828918457
max,3,13,0.0014741756694080649,0.0006854495553136886,-0.04925835132598877
max,4,13,0.0009287725226621787,0.0039766486882776425,-0.010756254196166992
max,5,13,0.0020151421337838704,0.00432086992033201,-0.02335035800933838
max,6,13,0.0014435611935306528,-0.0005627168331607119,-0.07069146633148193
max,7,13,0.0016994343333965323,0.004128436900016588,-0.039154767990112305
max,8,13,0.0014538792520188831,-0.0003211270446137615,-0.014813542366027832
max,9,13,-2.7450814685803238e-06,-0.0020050050177836815,-0.00398564338684082
max,0,14,0.0011117445004811405,-0.0047324180160952245,-0.02622067928314209
max,1,14,0.000284103542065553,-0.0007413046513358168,-0.004358053207397461
max,2,14,0.0011398458690773938,0.004461594398101981,-0.014998912811279297
max,3,14,0.001670623837041696,0.0009929994168199896,-0.05972182750701904
max,4,14,0.0010094523009607573,0.004388890487983188,-0.011903643608093262
max,5,14,0.002216557467037923,0.004979349487281973,-0.02783524990081787
max,6,14,0.001381894766005004,-0.00040702919664105386,-0.06868529319763184
max,7,14,0.0018478667656157202,0.00458843050799955,-0.048673033714294434
max,8,14,0.001587395773215372,-0.000380725804672577,-0.016817569732666016
max,9,14,1.2861706225032743e-05,-0.0018513363077301837,-0.005141496658325195
max,0,15,0.0011775777620104816,-0.004899197423618051,-0.02704453468322754
max,1,15,0.0002039283306875181,-0.0006157032930774325,-0.004256486892700195
max,2,15,0.001307802829238279,0.004720288045380966,-0.01838994026184082
max,3,15,0.001883707257054057,0.0013186535386074533,-0.07171237468719482
max,4,15,0.001075963788362791,0.004822613854716468,-0.01356649398803711
max,5,15,0.002331619861499254,0.005690272360630064,-0.03070354461669922
max,6,15,0.0013156064454008382,-0.00022603085610520268,-0.06636953353881836
max,7,15,0.001985879620581714,0.005071949143125268,-0.057579636573791504
max,8,15,0.0017115919330629586,-0.0003777062531533648,-0.01863706111907959
max,9,15,3.11454658925292e-05,-0.0016948143204009863,-0.006476879119873047
max,0,16,0.0011712328620375606,-0.004968979846827218,-0.0262908935546875
max,1,16,0.00011761769746706369,-0.0005367497470967625,-0.0045462846755981445
max,2,16,0.0014882204624417014,0.0050195394424321915,-0.021840929985046387
max,3,16,0.0020805404828581897,0.0016419344316433993,-0.08637857437133789
max,4,16,0.0011530377506606126,0.005215086833642399,-0.015614748001098633
max,5,16,0.0024494018897231323,0.0063598971135588045,-0.03389847278594971
max,6,16,0.001248109364157049,-2.5626567580760984e-06,-0.06616127490997314
max,7,16,0.002134803076602007,0.005529053492450781,-0.06728851795196533
max,8,16,0.0018005060576055248,-0.00033763588368750097,-0.02089667320251465
max,9,16,4.216609611899097e-05,-0.0015580412460224347,-0.007812380790710449
max,0,17,0.0011738295653557218,-0.005026896113260043,-0.025743722915649414
max,1,17,9.380939769094987e-05,-0.0004101027137542179,-0.006468653678894043
max,2,17,0.0016722090739275663,0.005301397528148288,-0.02574002742767334
max,3,17,0.0022518121339329678,0.001978253126932006,-0.10208988189697266
max,4,17,0.0012276110601244852,0.005611035162136735,-0.017977356910705566
max,5,17,0.0025891127622252458,0.007042447375592273,-0.03677690029144287
max,6,17,0.0010856969630560695,0.00017013033218202245,-0.060270071029663086
max,7,17,0.0022735512356947263,0.00605091674741999,-0.07788753509521484
max,8,17,0.001939034937137235,-0.00019095561823380403,-0.02431464195251465
max,9,17,7.692063011239397e-05,-0.001329119156189898,-0.009421110153198242
max,0,18,0.0012062247325045211,-0.005079672503039992,-0.02557659149169922
max,1,18,6.574695064954367e-05,-0.00022032891998113868,-0.008557319641113281
max,2,18,0.0018392739057671997,0.0056851738126001,-0.030950427055358887
max,3,18,0.002441062953392137,0.002285973756656151,-0.12040841579437256
max,4,18,0.0013080417156014004,0.00601196490688978,-0.020438551902770996
max,5,18,0.0027395180532031813,0.007684233743242383,-0.040191054344177246
max,6,18,0.0009484440863024926,0.0003787216704197738,-0.05492198467254639
max,7,18,0.0024594849825153725,0.006544942075633109,-0.09196281433105469
max,8,18,0.0021042565075628655,1.1687091200557331e-05,-0.02830827236175537
max,9,18,0.00013143563834928929,-0.001038854282453927,-0.01125943660736084
max,0,19,0.0012188617342260843,-0.005135552230478582,-0.02416539192199707
max,1,19,5.94071568935442e-05,-1.839915699987371e-05,-0.010710716247558594
max,2,19,0.001977178308621534,0.006064645044736555,-0.037412405014038086
max,3,19,0.0025973172646981124,0.0026942959301967523,-0.13527405261993408
max,4,19,0.0013960254394792815,0.006429178395489413,-0.0233917236328125
max,5,19,0.0028917177657327223,0.008333036052671966,-0.04666292667388916
max,6,19,0.000894390156399423,0.00033048112674563535,-0.053789615631103516
max,7,19,0.0026268315245081136,0.007093009262625585,-0.10667455196380615
max,8,19,0.0022501053648483066,0.00024216504354068746,-0.032562255859375
max,9,19,0.00018642562314553218,-0.0007582316761482605,-0.013171672821044922
max,0,20,0.0012690836225247581,-0.005186175491371153,-0.02367258071899414
max,1,20,4.103773195793248e-05,0.00023227935673314493,-0.012741327285766602
max,2,20,0.0021163926435579933,0.0064174664523185265,-0.04398477077484131
max,3,20,0.0027957057663553636,0.0030602364466916776,-0.155251145362854
max,4,20,0.001485098176634024,0.006909969947236458,-0.026784896850585938
max,5,20,0.0030569136295935384,0.0089145153608223,-0.050911545753479004
max,6,20,0.0008565208858207704,0.00032724125297381446,-0.052002906799316406
max,7,20,0.0028331260357705793,0.007678974597187693,-0.1270068883895874
max,8,20,0.002391255805126627,0.0004681546059421837,-0.03688764572143555
max,9,20,0.00026549648935278447,-0.00048227631430654283,-0.015482544898986816
max,0,21,0.0014201428167227997,-0.005238859981052182,-0.025347352027893066
max,1,21,4.697027928021735e-05,0.0005145837799046676,-0.015072822570800781
max,2,21,0.0022551347836060748,0.00677721774723844,-0.050750136375427246
max,3,21,0.003030393033730143,0.003390613220762506,-0.18032729625701904
max,4,21,0.0015791106536437935,0.007463542191300021,-0.030669212341308594
max,5,21,0.0032030055227496163,0.009489711633762526,-0.0573962926864624
max,6,21,0.0008271912880211743,0.0003807576840780813,-0.04977011680603027
max,7,21,0.0031035854280822353,0.008222342455868004,-0.1515566110610962
max,8,21,0.0024916921516757173,0.0006159209979024055,-0.03806757926940918
max,9,21,0.0003437967072412104,-0.00020607361362870447,-0.018171072006225586
max,0,22,0.001540865782333492,-0.005192626041133214,-0.02714669704437256
max,1,22,6.258879035703213e-05,0.0007875544038234567,-0.017436742782592773
max,2,22,0.002441048270694121,0.007153135202713434,-0.058718323707580566
max,3,22,0.003335689534560933,0.0037949845125682946,-0.2126479148864746
max,4,22,0.0016852931409643765,0.008034660246431957,-0.03489720821380615
max,5,22,0.003346826165789768,0.010033521001772447,-0.06467759609222412
max,6,22,0.0007765727505443867,0.00047661362948661634,-0.04625499248504639
max,7,22,0.0033630910584698734,0.008802739019683467,-0.17961204051971436
max,8,22,0.002568514319434223,0.000906673992344384,-0.03764224052429199
max,9,22,0.0004200923414528629,5.761702296494531e-05,-0.02088332176208496
max,0,23,0.0016739490912916627,-0.005191620136946309,-0.03013324737548828
max,1,23,8.549228248571489e-05,0.0010495559018999928,-0.019891738891601562
max,2,23,0.0026188642366993947,0.007571391075370998,-0.0670475959777832
max,3,23,0.003649771149226308,0.004298584479629233,-0.24856626987457275
max,4,23,0.0017933956941053597,0.008582338863710792,-0.039204955101013184
max,5,23,0.003484991476487141,0.010584112545670515,-0.07210338115692139
max,6,23,0.0007442833885142885,0.000648098369944089,-0.044006943702697754
max,7,23,0.0036350689439461417,0.009364839132526018,-0.21272778511047363
max,8,23,0.0026039019423486076,0.0011259760109243455,-0.036466121673583984
max,9,23,0.0005021620976483898,0.0003079176459659799,-0.024133801460266113
max,0,24,0.0017892438224199336,-0.0051643156755765,-0.03213179111480713
max,1,24,9.510218542168464e-05,0.0012975669929715383,-0.022180557250976562
max,2,24,0.0028013680141240407,0.008024416529151812,-0.07747077941894531
max,3,24,0.0039062264044115932,0.004788305393698927,-0.2785242795944214
max,4,24,0.0019149005381672787,0.008910657466683583,-0.043673038482666016
max,5,24,0.0036169146184958853,0.011169258311298294,-0.07891082763671875
max,6,24,0.0006468357044580389,0.0008049419361842725,-0.038883328437805176
max,7,24,0.003931107487868728,0.009856307810818088,-0.24480986595153809
max,8,24,0.0026524018271756322,0.0013362956095969158,-0.035480499267578125
max,9,24,0.0005876229389743318,0.0005541768800071123,-0.028052806854248047
max,0,25,0.0019158261185249909,-0.005043558056552086,-0.03508412837982178
max,1,25,0.00012198848202206458,0.0015702573139097231,-0.024733424186706543
max,2,25,0.0030304894988056608,0.008542122498094884,-0.08904063701629639
max,3,25,0.0042234093002688905,0.005358566797994749,-0.312971830368042
max,4,25,0.002030298039022972,0.009295410452787783,-0.0480419397354126
max,5,25,0.0037562845050966576,0.011839020954791085,-0.0847240686416626
max,6,25,0.0005847254577754507,0.0010321306479308956,-0.035405516624450684
max,7,25,0.0042463726539775995,0.010410001921491108,-0.27716243267059326
max,8,25,0.0026939455758341613,0.0015446324964918795,-0.03565704822540283
max,9,25,0.000693002325571096,0.000798384702509411,-0.032950758934020996
max,0,26,0.002043700465679907,-0.004953489110943579,-0.0371016263961792
max,1,26,0.00017039835767478778,0.0018562967696714866,-0.027983665466308594
max,2,26,0.0032468720194454015,0.009110081714711296,-0.10064542293548584
max,3,26,0.004505414841294082,0.00584160111276999,-0.3450887203216553
max,4,26,0.0021524511985082095,0.009737461000968547,-0.05186569690704346
max,5,26,0.003948185077054821,0.012595842599403398,-0.09422862529754639
max,6,26,0.0005287415236774964,0.001221808437796984,-0.032225608825683594
max,7,26,0.004528454429799461,0.010841406347383536,-0.30681395530700684
max,8,26,0.0027615423460457256,0.0017935267828969453,-0.0346074104309082
max,9,26,0.0007924835025577628,0.001060074946092504,-0.0377575159072876
max,0,27,0.0021417073821425464,-0.004866610499316748,-0.0397113561630249
max,1,27,0.00022208761215471162,0.0021759162472557853,-0.03144669532775879
max,2,27,0.003537391737322454,0.009662023145434961,-0.11716663837432861
max,3,27,0.00482923604579108,0.006326933577310845,-0.3858078718185425
max,4,27,0.002279833325932318,0.010183912216106386,-0.05630934238433838
max,5,27,0.004128766751974301,0.013378337821039532,-0.10572469234466553
max,6,27,0.0005620909889585829,0.0013901441545123017,-0.03281760215759277
max,7,27,0.0048489619684842986,0.011210326055327069,-0.3402143716812134
max,8,27,0.002836152695366176,0.002038446915113859,-0.03415942192077637
max,9,27,0.0008882540699124072,0.001332516890234392,-0.043315768241882324
max,0,28,0.0022249894141219,-0.0048134055745970294,-0.0409013032913208
max,1,28,0.0002763599614937218,0.002475260642305785,-0.034995198249816895
max,2,28,0.003811746998336994,0.010307918395621757,-0.13619649410247803
max,3,28,0.005118267834018558,0.006791358160083444,-0.4197808504104614
max,4,28,0.0024095111694771507,0.010609244596584758,-0.06174826622009277
max,5,28,0.004296257554297286,0.014179781860306398,-0.11414361000061035
max,6,28,0.0006030582788997887,0.001537924695452303,-0.03421986103057861
max,7,28,0.005179338095737736,0.011791759620530612,-0.3763713836669922
max,8,28,0.0028703448701824508,0.002436814385616104,-0.03219914436340332
max,9,28,0.0009808927256773209,0.0016007175326228362,-0.04900693893432617
max,0,29,0.0022275612819132318,-0.004733642172354419,-0.04184222221374512
max,1,29,0.00038566596194074265,0.002791606647702838,-0.03985095024108887
max,2,29,0.004104651154986892,0.01098267137941665,-0.15984535217285156
max,3,29,0.005425823911773278,0.007071726384144203,-0.4562572240829468
max,4,29,0.0025706078582781386,0.01086476355278844,-0.06860721111297607
max,5,29,0.0044193268511824105,0.014794380914679009,-0.11895287036895752
max,6,29,0.0006211597244396433,0.0016948027735370769,-0.034695982933044434
max,7,29,0.005478004856094003,0.012403612553305465,-0.4134594202041626
max,8,29,0.002875605607735726,0.0028149950243563787,-0.029239654541015625
max,9,29,0.001056829078365594,0.0017878051347506724,-0.05265152454376221
max,0,30,0.0022341445159699824,-0.004628715331592065,-0.04214131832122803
max,1,30,0.0005326680733896069,0.0030892286656424156,-0.047814130783081055
max,2,30,0.004386745211650708,0.011600321950755846,-0.18446171283721924
max,3,30,0.0057414229481528856,0.007460120719080976,-0.49599671363830566
max,4,30,0.002696422872382885,0.011161310075685826,-0.07559752464294434
max,5,30,0.004534384437055131,0.015379304758279214,-0.12385642528533936
max,6,30,0.0005179890792752287,0.0017059233149895048,-0.03208768367767334
max,7,30,0.005746085642605828,0.013138187610561361,-0.45311713218688965
max,8,30,0.0028823374088744053,0.0031969159686891235,-0.027269363403320312
max,9,30,0.0011479826570500243,0.0019805263574936005,-0.05707824230194092
max,0,31,0.0022773943418313985,-0.004424127972672914,-0.04369664192199707
max,1,31,0.0006649734103695085,0.0034708746706105104,-0.057295918464660645
max,2,31,0.00472251246482857,0.012213319389509425,-0.21190714836120605
max,3,31,0.006039465633517226,0.007838251588857467,-0.5341378450393677
max,4,31,0.0028062879808656224,0.011521206173574647,-0.08108258247375488
max,5,31,0.004685128358630684,0.015937176762351138,-0.130362868309021
max,6,31,0.0004305816467824186,0.0017215063163439903,-0.03038203716278076
max,7,31,0.006069937004770584,0.0138393806608242,-0.5040433406829834
max,8,31,0.002919195762856777,0.0036680535579856205,-0.0262221097946167
max,9,31,0.0012254845405168177,0.0021510710801866118,-0.06020522117614746
max,0,32,0.002324223858786542,-0.004228661124812141,-0.045160770416259766
max,1,32,0.0008568704336983368,0.0038366140612985516,-0.07074582576751709
max,2,32,0.005064524323274339,0.01287146286801795,-0.24637997150421143
max,3,32,0.0062976510132303765,0.00819089751434468,-0.5586839914321899
max,4,32,0.0028957394468032693,0.011931830247209063,-0.08328330516815186
max,5,32,0.004825707076786055,0.01640264563623242,-0.13807201385498047
max,6,32,0.00034189895789562413,0.001755618496944597,-0.028676867485046387
max,7,32,0.006384265351561856,0.014598444502684826,-0.5567561388015747
max,8,32,0.002903734122398416,0.004183646105716088,-0.025776147842407227
max,9,32,0.001307093653981288,0.00231178157805427,-0.06348967552185059
max,0,33,0.002392234932298634,-0.004042308982736234,-0.04743361473083496
max,1,33,0.0010649437905172754,0.004208786588927926,-0.08550620079040527
max,2,33,0.005473824394447525,0.013522237133530582,-0.2855006456375122
max,3,33,0.006587654041468681,0.008609327816440346,-0.591278076171875
max,4,33,0.0029875310146842485,0.012323851489450935,-0.08551764488220215
max,5,33,0.004968937787986197,0.016843302871150517,-0.14581787586212158
max,6,33,0.00027416381558708486,0.001828749004012753,-0.02721238136291504
max,7,33,0.006697442388867186,0.015376868701537497,-0.6101970672607422
max,8,33,0.0028987729241414656,0.004668686433023872,-0.025353193283081055
max,9,33,0.0013803492353776578,0.0025013244781327687,-0.06590735912322998
max,0,34,0.002446745753228924,-0.003863788237176577,-0.04881465435028076
max,1,34,0.001275143498619756,0.004599828325434846,-0.10306107997894287
max,2,34,0.005924932107650709,0.01416485373822196,-0.3275890350341797
max,3,34,0.006884971341116389,0.009141043760253209,-0.6268768310546875
max,4,34,0.003081338668615076,0.01273977599521639,-0.08918142318725586
max,5,34,0.005136124759843035,0.017261579851658354,-0.1583726406097412
max,6,34,0.00023374014960744066,0.0018933282010088759,-0.02658843994140625
max,7,34,0.006973324791470094,0.016023996976054708,-0.6531358957290649
max,8,34,0.0029162440350769814,0.005147401145009237,-0.0260772705078125
max,9,34,0.0014230984657746734,0.002720360885041656,-0.06786930561065674
max,0,35,0.0025132110453236767,-0.003693126349890663,-0.05093657970428467
max,1,35,0.001534256091741723,0.004985690434930967,-0.12675487995147705
max,2,35,0.006376246294542573,0.014731787724012693,-0.37524569034576416
max,3,35,0.007280654978793259,0.00964842419223326,-0.6759475469589233
max,4,35,0.0031972084661538447,0.013109974700714136,-0.09608018398284912
max,5,35,0.005252406280148669,0.017561211907155316,-0.17357075214385986
max,6,35,0.00019952819275213113,0.0019712139871184142,-0.02591264247894287
max,7,35,0.007229173873855334,0.016557118944868388,-0.6902097463607788
max,8,35,0.002945289559288175,0.005594921587946555,-0.027329683303833008
max,9,35,0.0014708420515631773,0.0029584682189410932,-0.07196533679962158
max,0,36,0.0025984341054985094,-0.0035262992169996094,-0.054084181785583496
max,1,36,0.0017620112159760434,0.005439097399118228,-0.15114152431488037
max,2,36,0.006808980827376111,0.015301030037572314,-0.4172487258911133
max,3,36,0.007636261219975023,0.010237893012166155,-0.7225697040557861
max,4,36,0.0033109999470242665,0.01334320844491442,-0.10422086715698242
max,5,36,0.005412197239007058,0.01787877990329674,-0.19259965419769287
max,6,36,0.00020237690872941527,0.002113187207017142,-0.02673184871673584
max,7,36,0.007459120324956721,0.01718859612231656,-0.7221827507019043
max,8,36,0.0029885403226234536,0.006052016986949585,-0.028915762901306152
max,9,36,0.001542433540791685,0.0032160905541399887,-0.07760536670684814
max,0,37,0.0026808511972239712,-0.003499924748766481,-0.057506680488586426
max,1,37,0.002000053572962665,0.005860204190101415,-0.18134593963623047
max,2,37,0.0071868721546790235,0.0158482981614389,-0.45496177673339844
max,3,37,0.008001804163824441,0.010818025905645706,-0.7799705266952515
max,4,37,0.003426770200767107,0.013623984759994684,-0.10908997058868408
max,5,37,0.005506363420248954,0.018278210320710336,-0.20747065544128418
max,6,37,0.00021216531573240577,0.0022367112751028317,-0.02755725383758545
max,7,37,0.00770182681029901,0.017938601884752423,-0.7575783729553223
max,8,37,0.003033261607276877,0.0064783182386903004,-0.03060436248779297
max,9,37,0.0016429246891437599,0.0035097997266154285,-0.0837172269821167
max,0,38,0.0027913192336879444,-0.0034861174598532496,-0.061823368072509766
max,1,38,0.0023206453516724235,0.0062435562427217844,-0.22113072872161865
max,2,38,0.007519969254996942,0.016380858454351527,-0.48384320735931396
max,3,38,0.008420679292673351,0.011390025804062537,-0.847893238067627
max,4,38,0.0035400371093096752,0.013806735030794978,-0.11612212657928467
max,5,38,0.005635479126446304,0.018675186096206275,-0.22744500637054443
max,6,38,0.0002267164498058888,0.002419031810552752,-0.029218196868896484
max,7,38,0.007950145253952372,0.018673612971528128,-0.7907416820526123
max,8,38,0.0030417518677453015,0.006878763527459614,-0.030687332153320312
max,9,38,0.001761952440778855,0.0037331722024146335,-0.08866989612579346
max,0,39,0.002877237680301112,-0.0034565705735338376,-0.0641336441040039
max,1,39,0.002518875071986948,0.00661401326329418,-0.2515113353729248
max,2,39,0.007817754364667265,0.016913118159446933,-0.5096765756607056
max,3,39,0.00885894517177585,0.011965993912680495,-0.9198843240737915
max,4,39,0.0036537322498396765,0.014056450427323189,-0.12474942207336426
max,5,39,0.005766327245504771,0.019101050876873346,-0.24990499019622803
max,6,39,0.00023466091699481106,0.0026484544518061426,-0.030596137046813965
max,7,39,0.008206421061409522,0.019399837714379836,-0.8188124895095825
max,8,39,0.003040586026676048,0.007328426718239911,-0.030807971954345703
max,9,39,0.0019056961635560074,0.003976274517631606,-0.09734046459197998
max,0,40,0.0029595687768356888,-0.0034205828852467007,-0.06648409366607666
max,1,40,0.002670491774553259,0.007064392285863946,-0.27623891830444336
max,2,40,0.008089905023147381,0.017459993887341985,-0.528875470161438
max,3,40,0.009267093613692302,0.012545874668437582,-0.9858465790748596
max,4,40,0.0037431197759286924,0.014348983392888759,-0.13466191291809082
max,5,40,0.005927508065536755,0.019603334550106946,-0.27502572536468506
max,6,40,0.00024697173630713887,0.002868201950038868,-0.03241455554962158
max,7,40,0.008485201371601317,0.020138758063259918,-0.8506500720977783
max,8,40,0.0030347719254427558,0.007670423977181956,-0.03260660171508789
max,9,40,0.002055115234700401,0.00421850369323469,-0.11232900619506836
max,0,41,0.003077874409637041,-0.003348224162611338,-0.07008051872253418
max,1,41,0.002822381301923013,0.00754375668100879,-0.3028777837753296
max,2,41,0.008337015884442439,0.018020483959953426,-0.5419019460678101
max,3,41,0.009659341438224014,0.013116977247132525,-1.0471356511116028
max,4,41,0.003835570685837439,0.014647645681697255,-0.14416766166687012
max,5,41,0.006132986930365951,0.020182104622172917,-0.3097740411758423
max,6,41,0.00024338218995022254,0.003091800747616197,-0.03522443771362305
max,7,41,0.00879879372840061,0.02083302467192022,-0.8883779048919678
max,8,41,0.003035250115298302,0.008071642979494614,-0.03435659408569336
max,9,41,0.0021949706186914844,0.004503578990763285,-0.12999951839447021
max,0,42,0.003184342684065408,-0.0032471790378540977,-0.07212376594543457
max,1,42,0.0029793878034020255,0.007986792930632397,-0.33033907413482666
max,2,42,0.008563329625446037,0.01861038884173516,-0.5552594661712646
max,3,42,0.010068990181891446,0.013690362901976519,-1.1134023070335388
max,4,42,0.003930954610399773,0.014931099231110662,-0.15378737449645996
max,5,42,0.0063978097420462135,0.020833578635764724,-0.3550950288772583
max,6,42,0.0002648517677406523,0.003344127131199165,-0.03911232948303223
max,7,42,0.009113183544165439,0.021549060989255825,-0.9216930866241455
max,8,42,0.0030673307920291992,0.008380921681453407,-0.03661525249481201
max,9,42,0.002347154609718863,0.004785767899659746,-0.14820635318756104
max,0,43,0.003281310876142682,-0.003144150083027264,-0.0751725435256958
max,1,43,0.0031904209445495907,0.008403245238427268,-0.3671121597290039
max,2,43,0.008766589800909275,0.019100571880557804,-0.564704418182373
max,3,43,0.010400361108134276,0.014178267783756679,-1.1519047021865845
max,4,43,0.004008351733771051,0.015119572877707724,-0.16371393203735352
max,5,43,0.006671383212825774,0.021447463584431822,-0.4086954593658447
max,6,43,0.00027533227589964654,0.003608799518985739,-0.04250061511993408
max,7,43,0.00940894620423069,0.02230642929106791,-0.9519422650337219
max,8,43,0.00310771266322514,0.00871059262612875,-0.039571404457092285
max,9,43,0.0024934644083681942,0.005084188676374668,-0.16904330253601074
max,0,44,0.003389449368899816,-0.003041242013847728,-0.07864010334014893
max,1,44,0.0033716096196256123,0.008844563349813955,-0.40120434761047363
max,2,44,0.008956350765393029,0.019586774331663892,-0.5776478052139282
max,3,44,0.010722144131978278,0.014775375371388497,-1.1877523064613342
max,4,44,0.004105104277865118,0.015288538956506406,-0.17721831798553467
max,5,44,0.006972302641682637,0.022039477034105845,-0.4641752243041992
max,6,44,0.00028162570359916567,0.003877069604741157,-0.04503512382507324
max,7,44,0.009699949286933941,0.023024882030597965,-0.983476459980011
max,8,44,0.0031726199587070736,0.00897340064195841,-0.0432356595993042
max,9,44,0.002646797478976212,0.005379319123335696,-0.18955790996551514
max,0,45,0.003566145266675272,-0.0029169296591753657,-0.08336353302001953
max,1,45,0.00356342541868869,0.009214706321195767,-0.43375980854034424
max,2,45,0.009143068334203149,0.020107010406335432,-0.5976033210754395
max,3,45,0.011014209076425335,0.015289871029771418,-1.2091125845909119
max,4,45,0.0041600195954470676,0.015482396960919825,-0.19095611572265625
max,5,45,0.00729887273767528,0.02257179109689897,-0.5278580188751221
max,6,45,0.00028617644838211526,0.004146463503524905,-0.04688620567321777
max,7,45,0.009982620052325981,0.023749169028944875,-1.014296054840088
max,8,45,0.0032342290896439224,0.009334838094572709,-0.04749619960784912
max,9,45,0.0028073427318620753,0.005676520962106496,-0.2102421522140503
max,0,46,0.0037613135917084067,-0.0026957486535672953,-0.09043323993682861
max,1,46,0.0037164915105290033,0.00959531380115565,-0.45941007137298584
max,2,46,0.009302098745247685,0.02062436715835772,-0.6114447116851807
max,3,46,0.011238337698759884,0.01590167301264281,-1.2209016680717468
max,4,46,0.0042548744788776585,0.015623457039410135,-0.2094665765762329
max,5,46,0.007655491287275253,0.023109603130859552,-0.5978540182113647
max,6,46,0.0002884441592355194,0.004440621570754144,-0.04840731620788574
max,7,46,0.010294459708064703,0.02448765083212652,-1.044032871723175
max,8,46,0.0033041544789035593,0.009674397968184756,-0.05224001407623291
max,9,46,0.0029866837897757625,0.0060012673157616575,-0.23509395122528076
max,0,47,0.003941300554072588,-0.0024837299262382845,-0.09717106819152832
max,1,47,0.003896136303077516,0.009948471816569951,-0.49199533462524414
max,2,47,0.009425662328119096,0.02114351892799482,-0.6214394569396973
max,3,47,0.011456367942950518,0.01660863138347879,-1.2326247692108154
max,4,47,0.004353289373865289,0.01567996848724136,-0.23006117343902588
max,5,47,0.008035953463047224,0.023655457346772865,-0.6747591495513916
max,6,47,0.0003148145151078349,0.004679705704802778,-0.05216813087463379
max,7,47,0.010628279149650942,0.025238603093986803,-1.0712981820106506
max,8,47,0.003377566589361128,0.010008994818740638,-0.05778813362121582
max,9,47,0.003182859093139985,0.006300327321166671,-0.2670074701309204
max,0,48,0.0041958561035218,-0.0022819608823531207,-0.10590231418609619
max,1,48,0.004055559833380691,0.010256397023895095,-0.5177422761917114
max,2,48,0.009541299691384869,0.021681779951897906,-0.6280703544616699
max,3,48,0.0116735895251876,0.01739818061094324,-1.2443785071372986
max,4,48,0.004460277567441842,0.015874298853020052,-0.2526869773864746
max,5,48,0.008391863588329579,0.024182450259894933,-0.7565814256668091
max,6,48,0.00031370895771311996,0.004910332491884467,-0.05404508113861084
max,7,48,0.010978702628041827,0.02600418399496203,-1.0953144431114197
max,8,48,0.003477833782725509,0.01038052407191449,-0.06452250480651855
max,9,48,0.0033976477609821976,0.0065830598980534255,-0.29192113876342773
max,0,49,0.0044418802209698766,-0.0020532801441683207,-0.11525404453277588
max,1,49,0.004272761623593642,0.010556375133793483,-0.5545667409896851
max,2,49,0.009673242693230527,0.022204496683044583,-0.639752984046936
max,3,49,0.011801196194133584,0.018096913885556287,-1.2371096014976501
max,4,49,0.004575903748902946,0.01602651347080368,-0.27832531929016113
max,5,49,0.00874598090701121,0.024692024921932926,-0.8382524251937866
max,6,49,0.00036798651887917644,0.005057099967752304,-0.05882251262664795
max,7,49,0.011335575957695104,0.026787493177928945,-1.1170443892478943
max,8,49,0.003560436001181333,0.01084058046146072,-0.0707695484161377
max,9,49,0.003624799080514815,0.0068301820869452745,-0.32006585597991943
max,0,50,0.004682308551135592,-0.0017955604294305205,-0.12545669078826904
max,1,50,0.004541939995649155,0.010859442009360981,-0.6016813516616821
max,2,50,0.009792837583438643,0.02267743363517659,-0.6498475074768066
max,3,50,0.011908350859812858,0.018716615554511887,-1.222110092639923
max,4,50,0.004656199975192218,0.016246971474027053,-0.3080618381500244
max,5,50,0.00908843840002068,0.025236452364429007,-0.9165812730789185
max,6,50,0.00042101127025522683,0.0052129662156592815,-0.06323790550231934
max,7,50,0.011718531243788681,0.027594769185384768,-1.1334657073020935
max,8,50,0.0036301049659098195,0.011366984860795168,-0.07612860202789307
max,9,50,0.00383573780461572,0.007106816521728787,-0.341749906539917
max,0,51,0.004896387054934642,-0.00152786662883736,-0.13754785060882568
max,1,51,0.004835775884159468,0.011102331740142801,-0.651129961013794
max,2,51,0.009913744495429103,0.023144973283961104,-0.6627914905548096
max,3,51,0.01202636715501991,0.019440613064384826,-1.2100442051887512
max,4,51,0.004782462135465529,0.016463701024333907,-0.3325772285461426
max,5,51,0.009434807528047325,0.025766355015524656,-0.9954624176025391
max,6,51,0.0004713998790173146,0.005370665801801927,-0.0668032169342041
max,7,51,0.012111607118433496,0.02849649889975807,-1.1464980244636536
max,8,51,0.0037093826905119504,0.011900747028881456,-0.08237898349761963
max,9,51,0.003991072579533343,0.007269139860959867,-0.34730398654937744
max,0,52,0.005107896422654801,-0.0012770065601753477,-0.15290331840515137
max,1,52,0.00508516624601775,0.011441258458874906,-0.6888421773910522
max,2,52,0.010009306152852726,0.023605457466474286,-0.672585129737854
max,3,52,0.012112854328289208,0.02008420554415341,-1.1849688291549683
max,4,52,0.004897119076753012,0.016761909999959024,-0.356136679649353
max,5,52,0.009775537991428544,0.02627920621572989,-1.0713192820549011
max,6,52,0.0005138181718338033,0.005533724298480258,-0.06971275806427002
max,7,52,0.01244700002228593,0.02935096303922069,-1.1582795977592468
max,8,52,0.00380347445231341,0.012392376238627864,-0.08910524845123291
max,9,52,0.004218011869446356,0.007246079289764493,-0.3540104627609253
max,0,53,0.005204332967597758,-0.0009241572166374806,-0.1683732271194458
max,1,53,0.0053470378394192206,0.011895317756055707,-0.7225518226623535
max,2,53,0.010107837249774536,0.024085646378484787,-0.6798155307769775
max,3,53,0.012189647052001616,0.020649271781636058,-1.1577231884002686
max,4,53,0.00498545782779114,0.0171432326927001,-0.3728541135787964
max,5,53,0.01006003992067546,0.02684713722721635,-1.1324372291564941
max,6,53,0.0006033243729952759,0.005692566653058978,-0.07318317890167236
max,7,53,0.012742089499764499,0.030310617553199623,-1.1725060939788818
max,8,53,0.0038976724849756478,0.012895374050947594,-0.09626662731170654
max,9,53,0.004475347488815409,0.007257473373352766,-0.37057459354400635
max,0,54,0.005343106258761887,-0.0005992431516663593,-0.1876438856124878
max,1,54,0.005652070607823842,0.01228284434235459,-0.7639824151992798
max,2,54,0.010182525076201952,0.024564815171434162,-0.6826661825180054
max,3,54,0.012287324884930548,0.02132571513006215,-1.1366918683052063
max,4,54,0.005143351485172434,0.01743488237936114,-0.3878225088119507
max,5,54,0.010345640504651116,0.02739224230536351,-1.1932913064956665
max,6,54,0.0006823432986376374,0.005884361240208774,-0.0763101577758789
max,7,54,0.013048991656544898,0.03136699502474591,-1.1834946870803833
max,8,54,0.004003465816291352,0.013325469477414267,-0.10534214973449707
max,9,54,0.0047486543563873065,0.007298984630413535,-0.394411563873291
max,0,55,0.005455255893865349,-0.00027686670290560933,-0.20795977115631104
max,1,55,0.005801343654753731,0.012643370414632982,-0.7767555713653564
max,2,55,0.010267654686946723,0.02502029671990387,-0.6900931596755981
max,3,55,0.01244542799218016,0.022012289419594405,-1.1323605179786682
max,4,55,0.005311899151756665,0.01773295474512529,-0.40605223178863525
max,5,55,0.010635728374658954,0.027930089388843143,-1.2531487941741943
max,6,55,0.0007758989039431605,0.006059199970639834,-0.0796356201171875
max,7,55,0.013321883173952678,0.03247094812719663,-1.1948775053024292
max,8,55,0.004114789049901951,0.013808432532317103,-0.11383545398712158
max,9,55,0.005034127727523853,0.007373014062425409,-0.4256225824356079
max,0,56,0.005588921174470962,0.00012292663259846903,-0.2309722900390625
max,1,56,0.005950161455150246,0.013019636676912652,-0.7916806936264038
max,2,56,0.01035150426650571,0.025458012293178053,-0.6999799013137817
max,3,56,0.012623761491060863,0.022788313583710376,-1.1307321190834045
max,4,56,0.005484115806962064,0.01791727784080563,-0.4295109510421753
max,5,56,0.010911242063368631,0.02846056559295823,-1.3083288669586182
max,6,56,0.0008665968471574387,0.006241525698933076,-0.08564698696136475
max,7,56,0.013548469657007754,0.033601890468027834,-1.2095259428024292
max,8,56,0.004191023486625423,0.014248928534617358,-0.12082958221435547
max,9,56,0.005362759186416821,0.0074777261558963,-0.4778153896331787
max,0,57,0.005786373883002904,0.0007653761480842375,-0.2625558376312256
max,1,57,0.0060581905482299594,0.013413936633911577,-0.7969976663589478
max,2,57,0.01043996659125928,0.025913887219347245,-0.7077622413635254
max,3,57,0.012818431020602053,0.023639316290161735,-1.1319019794464111
max,4,57,0.005602768405205544,0.018170180049926307,-0.44207262992858887
max,5,57,0.01112036699129966,0.02896053782780522,-1.348235309123993
max,6,57,0.0009562870702457121,0.006489258740839221,-0.0919952392578125
max,7,57,0.013802769489116712,0.03472007838504128,-1.2199966311454773
max,8,57,0.00427279978877021,0.014710924156168717,-0.12901461124420166
max,9,57,0.0056760514145617405,0.007633722673558399,-0.5353492498397827
max,0,58,0.005926797595436184,0.0014478619690766192,-0.2835749387741089
max,1,58,0.006133954287488058,0.013746560489337797,-0.7927098274230957
max,2,58,0.010580396124765017,0.026303759727792725,-0.7269001007080078
max,3,58,0.013026874177109862,0.024551517853076674,-1.1354278922080994
max,4,58,0.005766558630898012,0.018325148768261412,-0.4585925340652466
max,5,58,0.01133490199394794,0.029460291750611906,-1.387263536453247
max,6,58,0.001058563108423581,0.006732480995754797,-0.09909725189208984
max,7,58,0.014070964922419334,0.035854232575458236,-1.2267218828201294
max,8,58,0.0043450529326878595,0.015218479050058326,-0.1384439468383789
max,9,58,0.005980526994179329,0.007836132606832566,-0.5983352661132812
max,0,59,0.00605545455831584,0.0020979898091759847,-0.29987072944641113
max,1,59,0.006244923206863068,0.014018607380014009,-0.7934807538986206
max,2,59,0.01071326960953358,0.026728802152219913,-0.7458217144012451
max,3,59,0.013197893125504609,0.02535522101243444,-1.1352019309997559
max,4,59,0.005925243162244728,0.018464929178800063,-0.4717775583267212
max,5,59,0.011550410143279323,0.029962288352690353,-1.4249693155288696
max,6,59,0.0011520649928573462,0.0069804212370853935,-0.10586297512054443
max,7,59,0.01432565718434043,0.03689805503778573,-1.2213538885116577
max,8,59,0.004410647305650814,0.015766291946096966,-0.14585518836975098
max,9,59,0.006270938054003743,0.008091751252700716,-0.6649730205535889
max,0,60,0.0061271072555422745,0.0027104179241352333,-0.3082939386367798
max,1,60,0.006413418150963794,0.014356821963413188,-0.7947056293487549
max,2,60,0.01064800391369454,0.027191386108932278,-0.7439025640487671
max,3,60,0.013342173829989923,0.026163511727352415,-1.1257381439208984
max,4,60,0.006089903271613323,0.018550014977518056,-0.4880678653717041
max,5,60,0.01176613276665045,0.03047178439636937,-1.4610308706760406
max,6,60,0.0012631520082811987,0.007221630098300347,-0.11425673961639404
max,7,60,0.01453366433435558,0.03794991113195843,-1.221174716949463
max,8,60,0.004476182068301679,0.016303518507554127,-0.15373265743255615
max,9,60,0.006597788423217524,0.008375875189217369,-0.7414350509643555
max,0,61,0.006167426672730875,0.003366876264895846,-0.309378981590271
max,1,61,0.006579699135766885,0.014726943176615409,-0.7973732948303223
max,2,61,0.010719518243851402,0.027480957512030557,-0.7674405574798584
max,3,61,0.0135105069999115,0.026780060794230995,-1.1200603246688843
max,4,61,0.0062729053637623836,0.018621852457302385,-0.5016120672225952
max,5,61,0.011977706128840457,0.030994348966493,-1.4950868487358093
max,6,61,0.0013827445695433205,0.007473754051988218,-0.12746620178222656
max,7,61,0.014766649218382173,0.03900257288291541,-1.2199969291687012
max,8,61,0.004515657357481995,0.01682101995015689,-0.15955626964569092
max,9,61,0.0069167732050131395,0.008675413069938895,-0.8133928775787354
max,0,62,0.006244928263589203,0.004002964287896926,-0.32002365589141846
max,1,62,0.006773154266491513,0.015141229178346607,-0.8050642013549805
max,2,62,0.01071394392429316,0.027865002528806138,-0.7856887578964233
max,3,62,0.01371233078126799,0.027472725187439276,-1.118020236492157
max,4,62,0.0065046899556834015,0.0187462559028541,-0.5235676765441895
max,5,62,0.012186040485133297,0.031528919682566575,-1.5269927978515625
max,6,62,0.0014881837167459583,0.00773188945711753,-0.14035451412200928
max,7,62,0.015064703053676,0.04002617868645837,-1.2238644361495972
max,8,62,0.004559957558478184,0.01736908851669086,-0.16840338706970215
max,9,62,0.007242477938598488,0.008981718496140628,-0.8934662342071533
max,0,63,0.006406739214407847,0.004615486476906849,-0.3396836519241333
max,1,63,0.007023343109434997,0.015590987229477243,-0.812707781791687
max,2,63,0.01065299271780596,0.028270889902266574,-0.7998945713043213
max,3,63,0.01389250046569833,0.02814584019454454,-1.1082018613815308
max,4,63,0.006716369052512057,0.01896030702286393,-0.5416202545166016
max,5,63,0.012392532394558384,0.03207850326765907,-1.5565530061721802
max,6,63,0.0015947176039824013,0.007961829826911515,-0.15572047233581543
max,7,63,0.015322570383624473,0.04118986116435143,-1.2263792157173157
max,8,63,0.004621027833986588,0.01790107965977354,-0.18031108379364014
max,9,63,0.007562967082471624,0.009301194450936329,-0.9682180881500244
max,0,64,0.006576009941971467,0.005223614611383501,-0.36268508434295654
max,1,64,0.007214441033724837,0.016034858661803056,-0.8169115781784058
max,2,64,0.010665657223066775,0.028725473542136157,-0.8202838897705078
max,3,64,0.014072850602545962,0.028746117867521806,-1.1022737622261047
max,4,64,0.006944287212307054,0.01921144989484666,-0.5600566864013672
max,5,64,0.012589736970475066,0.032640512478672015,-1.583712637424469
max,6,64,0.0017114546355655458,0.008167973122538114,-0.17099463939666748
max,7,64,0.015542413145137372,0.04244918207330681,-1.228583574295044
max,8,64,0.0047006341401473195,0.018416858222372545,-0.19335854053497314
max,9,64,0.007903345720368604,0.00963611947559169,-1.0513761043548584
max,0,65,0.006744126664417413,0.005808590235560199,-0.3914947509765625
max,1,65,0.007448127916596159,0.016443924707393504,-0.8346195220947266
max,2,65,0.010728973156555292,0.0292253211310389,-0.8436071872711182
max,3,65,0.01425920574855409,0.029331934127581893,-1.1051186919212341
max,4,65,0.00719285546896193,0.0195183894523715,-0.5777486562728882
max,5,65,0.012780986018277797,0.0332237848430635,-1.608595609664917
max,6,65,0.0018655504805984435,0.008319334382376697,-0.191475510597229
max,7,65,0.015736535690589436,0.04360965357455611,-1.232065498828888
max,8,65,0.00475366937448489,0.018886883329691614,-0.20490336418151855
max,9,65,0.008238466966354774,0.00998981914390909,-1.127281665802002
max,0,66,0.006929777943853327,0.006459426259230072,-0.42210137844085693
max,1,66,0.00770890647936473,0.01689920625421204,-0.8558349609375
max,2,66,0.010830620631831163,0.029787832997127783,-0.8678065538406372
max,3,66,0.014395696035021527,0.0298536226611502,-1.1200022101402283
max,4,66,0.007421584922932156,0.019817053172432653,-0.5925353765487671
max,5,66,0.012964661569772523,0.0338137863651386,-1.6313326954841614
max,6,66,0.0020218522045696574,0.008531225842943857,-0.21661043167114258
max,7,66,0.01591455630550207,0.04467053657643541,-1.2359271049499512
max,8,66,0.004800716306398667,0.019465382071152088,-0.21582674980163574
max,9,66,0.008570004118045212,0.010342054288822636,-1.198000967502594
max,0,67,0.0071646660179117555,0.007221990042504622,-0.4613809585571289
max,1,67,0.008055639633640227,0.01732103179383307,-0.885549783706665
max,2,67,0.011021091883941299,0.030280862139672446,-0.8951294422149658
max,3,67,0.014502812161230491,0.030185087831685817,-1.148625135421753
max,4,67,0.0076315134687664835,0.020016750528512872,-0.604914665222168
max,5,67,0.013134796210195289,0.03441224624901695,-1.651000827550888
max,6,67,0.002182782357233709,0.0087181372326057,-0.24317944049835205
max,7,67,0.016075053485406887,0.045646704796391185,-1.239769995212555
max,8,67,0.0047939137226055695,0.01994769056576104,-0.22309362888336182
max,9,67,0.008890959102165141,0.010699983629594512,-1.2617523074150085
max,0,68,0.0073271100906111,0.007966890412778219,-0.4887348413467407
max,1,68,0.008302985162288577,0.017797071653848154,-0.883175253868103
max,2,68,0.011161163572103006,0.030810178130768057,-0.9196099042892456
max,3,68,0.014593755155602399,0.03058110618366948,-1.1790014505386353
max,4,68,0.007865929551315938,0.020157711370387604,-0.6144458055496216
max,5,68,0.013160783914519393,0.03495808504506172,-1.650046706199646
max,6,68,0.0023364127849657135,0.008908728765845558,-0.2686152458190918
max,7,68,0.01616083639245139,0.046223858642850696,-1.2406251430511475
max,8,68,0.004812956574899177,0.020394848498116833,-0.2329477071762085
max,9,68,0.00909222355994406,0.010866360152295237,-1.3011354207992554
max,0,69,0.007590855180613421,0.008692985559790603,-0.5245362520217896
max,1,69,0.00848823055068293,0.018285254122459862,-0.8792752027511597
max,2,69,0.011299593247824924,0.03130473657913639,-0.9399856328964233
max,3,69,0.014667418110356809,0.03103040762766858,-1.2046183943748474
max,4,69,0.008089778961364064,0.02017086473202137,-0.6233080625534058
max,5,69,0.013194538821508804,0.03551491430050735,-1.6499444544315338
max,6,69,0.0024558193518206192,0.009175716685654756,-0.289042592048645
max,7,69,0.016185846857514723,0.04648894114937549,-1.24045330286026
max,8,69,0.0048450518585670815,0.020824937454706413,-0.24403512477874756
max,9,69,0.009291414162195609,0.011064398029347153,-1.338702142238617
max,0,70,0.007840617306720685,0.009392236213442096,-0.5587167739868164
max,1,70,0.00866369590734569,0.018820890469945117,-0.8779803514480591
max,2,70,0.011429022100849527,0.031834351770505476,-0.9589849710464478
max,3,70,0.014785478580570603,0.03155360396766543,-1.2343314290046692
max,4,70,0.008299282363672028,0.020224788787153128,-0.6306015253067017
max,5,70,0.013231340375473369,0.03608508387683583,-1.650459200143814
max,6,70,0.0025932384313937587,0.009435942772119121,-0.3100348711013794
max,7,70,0.01622194559105116,0.046944673690507116,-1.239492118358612
max,8,70,0.004882494244861008,0.021310887933001482,-0.2567152976989746
max,9,70,0.009485019955192839,0.011286994705134154,-1.3744508028030396
max,0,71,0.008097501684778824,0.010131424480955942,-0.5957906246185303
max,1,71,0.00884034652569795,0.01936563922110919,-0.8844066858291626
max,2,71,0.01154098813046743,0.03239066712528703,-0.976381242275238
max,3,71,0.01489556411932854,0.032053793545462145,-1.252374529838562
max,4,71,0.008509233984153465,0.020260176917780426,-0.631555438041687
max,5,71,0.013271650692357112,0.03664314599743379,-1.651529312133789
max,6,71,0.0026697529044970303,0.009710926185604929,-0.327467679977417
max,7,71,0.0162995740548932,0.04717740598383867,-1.2387077808380127
max,8,71,0.004913527001274454,0.021696028942836065,-0.269598126411438
max,9,71,0.009672008975598223,0.011529189566793996,-1.406799554824829
max,0,72,0.008339167322729893,0.01085356217678883,-0.6235224008560181
max,1,72,0.009012802970409947,0.019921823833703473,-0.8971735239028931
max,2,72,0.011573664560973286,0.03297807063226463,-0.9869869351387024
max,3,72,0.015019660248588688,0.03248699267970519,-1.2802689671516418
max,4,72,0.008723082964676762,0.020363442443957477,-0.6305171251296997
max,5,72,0.013406058528445446,0.037200143485300596,-1.6654818058013916
max,6,72,0.002748640269804599,0.010088707415718906,-0.3457043170928955
max,7,72,0.016410769811839976,0.04733904290712587,-1.2385376691818237
max,8,72,0.004944686095211856,0.022036104687115962,-0.28129398822784424
max,9,72,0.009848707298493985,0.011787435743617153,-1.4360284805297852
max,0,73,0.008567207456462125,0.011556434103365057,-0.6490157842636108
max,1,73,0.00918668001508744,0.020480443360060413,-0.9155582189559937
max,2,73,0.011603800426888397,0.0335810892579063,-0.9983546733856201
max,3,73,0.015156998265870518,0.03296213891189714,-1.310598373413086
max,4,73,0.008942337551576134,0.020477106152766794,-0.6252914667129517
max,5,73,0.013534376099125639,0.03775449496829254,-1.6782081425189972
max,6,73,0.0028383372901843312,0.01040421089377358,-0.3691749572753906
max,7,73,0.0164895528974034,0.0476139071580943,-1.2380990982055664
max,8,73,0.004968830607811878,0.02238635546602258,-0.2915278673171997
max,9,73,0.010015109901764185,0.01206121988475968,-1.462466686964035
max,0,74,0.00880252590335455,0.012311303406619692,-0.6750438213348389
max,1,74,0.00938930593554485,0.021010425478754355,-0.9370670914649963
max,2,74,0.011645703926914837,0.03422063053514901,-1.0088245272636414
max,3,74,0.015270354729959815,0.033472286989801786,-1.3343043327331543
max,4,74,0.009171814896091854,0.020627523078592974,-0.6174589395523071
max,5,74,0.013656538965559094,0.038307085924543516,-1.6898161470890045
max,6,74,0.002885173602832816,0.010744721821272035,-0.3837958574295044
max,7,74,0.016546778715583445,0.047731987960308545,-1.2379843592643738
max,8,74,0.005002510887036987,0.02271467671166022,-0.30352258682250977
max,9,74,0.010173940814403419,0.012353737696316786,-1.4861937165260315
max,0,75,0.009019907332215069,0.0130712828393061,-0.6988332271575928
max,1,75,0.009577380744549564,0.02152702723637176,-0.949557363986969
max,2,75,0.011682613851613656,0.034883212012745815,-1.0221461057662964
max,3,75,0.015368784966926258,0.034006347832552436,-1.3523264527320862
max,4,75,0.009376221643588,0.02084415002365314,-0.6081345081329346
max,5,75,0.013772562292827521,0.0388625653205676,-1.7004413455724716
max,6,75,0.002933556504543987,0.011081267065432637,-0.39760661125183105
max,7,75,0.016573994953452145,0.047967533219934036,-1.2413558959960938
max,8,75,0.005053949611052808,0.02278714825511341,-0.3167959451675415
max,9,75,0.010327634307387437,0.012654581998387412,-1.50750532746315
max,0,76,0.00924459328254204,0.013907683710216792,-0.7315860986709595
max,1,76,0.009729798329890973,0.022044844771561684,-0.9539989233016968
max,2,76,0.011723601143211484,0.03560558328964518,-1.033913016319275
max,3,76,0.015422821420732716,0.03442635467255396,-1.3667590618133545
max,4,76,0.009588293932820034,0.02110840430835101,-0.6121944189071655
max,5,76,0.013883123471648627,0.03940648937658901,-1.709716647863388
max,6,76,0.0029902102060624866,0.011394323009874002,-0.4125725030899048
max,7,76,0.0165951088069567,0.04810734439750061,-1.2465842962265015
max,8,76,0.0050994585498701644,0.02291000134609872,-0.32442617416381836
max,9,76,0.01042744385310735,0.012957265115711256,-1.5175840854644775
max,0,77,0.009439182358775264,0.014761415073583348,-0.7503210306167603
max,1,77,0.009873498487668775,0.02255580424914093,-0.9718039035797119
max,2,77,0.011769524006028736,0.03638212001697469,-1.0435489416122437
max,3,77,0.015475889177887434,0.03470689196241293,-1.3831349611282349
max,4,77,0.009773949491368054,0.021445353435661604,-0.6170247793197632
max,5,77,0.013988764931966817,0.0399548890499868,-1.7181529104709625
max,6,77,0.003138454395952034,0.011656796969342964,-0.4361112117767334
max,7,77,0.016648391553726348,0.04836827251108082,-1.2486627697944641
max,8,77,0.005144842697317076,0.023127649659271415,-0.33055245876312256
max,9,77,0.010527521775171876,0.013272514488489082,-1.526917964220047
max,0,78,0.009630353049672247,0.015664759240062928,-0.7678977251052856
max,1,78,0.00999879994651829,0.023039208887775914,-0.9809535145759583
max,2,78,0.012026664829136731,0.036925781976458544,-1.059526264667511
max,3,78,0.015523086783099757,0.035013262916043245,-1.3960617780685425
max,4,78,0.009941582729781566,0.021771881975619203,-0.6220558881759644
max,5,78,0.014089311532243465,0.04048984909985252,-1.7258190363645554
max,6,78,0.0032925861088171637,0.011947333403771854,-0.4603428840637207
max,7,78,0.01667107703483453,0.04877258476835966,-1.2532410621643066
max,8,78,0.005204794806231261,0.02332542589500304,-0.3391200304031372
max,9,78,0.010626270957528508,0.013597752613749764,-1.5355987846851349
max,0,79,0.009846079660127335,0.016572024178655623,-0.7968909740447998
max,1,79,0.010127838069318565,0.023520547411361503,-0.9952054023742676
max,2,79,0.01228186239587567,0.03744498834115027,-1.0700762271881104
max,3,79,0.01544689669855686,0.03516251745386405,-1.3944564461708069
max,4,79,0.010083270575820126,0.022080449217879647,-0.6303110122680664
max,5,79,0.014257147244587133,0.04103645295073821,-1.742173209786415
max,6,79,0.003451648577901062,0.012114154986741926,-0.4878908395767212
max,7,79,0.01667059474621964,0.04931357785584256,-1.2615153789520264
max,8,79,0.005270856664268214,0.02332382766802446,-0.3488349914550781
max,9,79,0.010746744630235887,0.013897795974904578,-1.555193454027176
max,0,80,0.01002711688779269,0.017466194245275138,-0.8157978057861328
max,1,80,0.010260331651527656,0.023996429923463347,-1.0140870213508606
max,2,80,0.01253348718408525,0.03794260595218131,-1.0757254362106323
max,3,80,0.015378293762839487,0.0353482870219607,-1.3909650444984436
max,4,80,0.01018904372914746,0.022423531811676722,-0.641143798828125
max,5,80,0.014412943021026733,0.0416179389457671,-1.756316900253296
max,6,80,0.0035965180802378094,0.01235846555113207,-0.5129939317703247
max,7,80,0.016680191525639806,0.05001979743190835,-1.2678943276405334
max,8,80,0.0053362827560505255,0.02335639077939465,-0.36202919483184814
max,9,80,0.0108605775230802,0.014210020036579299,-1.572753220796585
max,0,81,0.010196912233594466,0.018411115239225256,-0.8307008743286133
max,1,81,0.010429610407753524,0.024438566640614487,-1.0365846753120422
max,2,81,0.012779584523447789,0.03801684107798367,-1.0758917331695557
max,3,81,0.0153582071462455,0.035423378639968875,-1.391345739364624
max,4,81,0.010298307898011443,0.02284044108544256,-0.6527403593063354
max,5,81,0.014558036319502053,0.04221682505472542,-1.7685611248016357
max,6,81,0.003794864941825786,0.01272185434313669,-0.5396276712417603
max,7,81,0.016712295676244174,0.05083995233800423,-1.273311197757721
max,8,81,0.005398500199151973,0.023249317956029802,-0.37615466117858887
max,9,81,0.010966936344461262,0.014542577537553447,-1.5884711742401123
max,0,82,0.010318197626447631,0.01929709575077898,-0.8307863473892212
max,1,82,0.010570274677802687,0.024856942599037563,-1.0490259528160095
max,2,82,0.013007743089351598,0.03805612162132299,-1.079872727394104
max,3,82,0.015313857550321684,0.03537385023335879,-1.3885806798934937
max,4,82,0.010401211024211321,0.023279386335833485,-0.663577675819397
max,5,82,0.014693780485601812,0.04280566049026435,-1.779190331697464
max,6,82,0.004001658970074123,0.012966497198728555,-0.5636012554168701
max,7,82,0.0167591177765542,0.051610334436698546,-1.2735108733177185
max,8,82,0.005465920774926927,0.023248492789069722,-0.3902214765548706
max,9,82,0.01107210729006293,0.014884175308179787,-1.6026135385036469
max,0,83,0.01043250123525219,0.020199931082515568,-0.8296749591827393
max,1,83,0.010701921846137712,0.025319022610467187,-1.0605801939964294
max,2,83,0.01325004052840792,0.03810962163763926,-1.0825298428535461
max,3,83,0.015273593218916214,0.03537499787957929,-1.384084403514862
max,4,83,0.01049328561083266,0.023757331441370114,-0.6725971698760986
max,5,83,0.014819373959433196,0.04336910483105337,-1.7884597331285477
max,6,83,0.004194868239822562,0.013234068101398433,-0.5857081413269043
max,7,83,0.016771872172508695,0.052271013020246115,-1.2763025164604187
max,8,83,0.005543477645713474,0.023142838308689448,-0.40688443183898926
max,9,83,0.011177805709537844,0.015242267863631934,-1.6154218912124634
max,0,84,0.010542399910812059,0.021118761915054532,-0.8274002075195312
max,1,84,0.010897480480776725,0.02562100717004838,-1.095302402973175
max,2,84,0.013514094041549109,0.03788092004926487,-1.085157871246338
max,3,84,0.015324216978720974,0.03539881014879409,-1.3954706192016602
max,4,84,0.010558412325420631,0.02424468079497423,-0.6849352121353149
max,5,84,0.014934670251737392,0.04393067310302515,-1.7965496182441711
max,6,84,0.004445944355414122,0.01332126493448657,-0.6235393285751343
max,7,84,0.016824603033884597,0.052807566386221805,-1.271372675895691
max,8,84,0.005609834566969035,0.023040064811116784,-0.4213374853134155
max,9,84,0.011278999976594678,0.015610119901243516,-1.6269652545452118
max,0,85,0.010705564827573247,0.022042667424367363,-0.8374571800231934
max,1,85,0.011144741182054392,0.02591251684428092,-1.128860056400299
max,2,85,0.013773868951919614,0.03781811033378195,-1.091404378414154
max,3,85,0.01543549685310118,0.03531158484247353,-1.423069715499878
max,4,85,0.01062654016670058,0.02475683745583518,-0.6975612640380859
max,5,85,0.015040625827208276,0.04449211693033493,-1.8036444038152695
max,6,85,0.004640460420975205,0.013443248044410272,-0.647283673286438
max,7,85,0.016917750212186278,0.053185249143764046,-1.2596745491027832
max,8,85,0.005711105694062843,0.02315027177407121,-0.4406646490097046
max,9,85,0.011383610379319682,0.01598361488748283,-1.6390040516853333
max,0,86,0.010861979099910699,0.022967892113048033,-0.8450543880462646
max,1,86,0.011386927030782326,0.026202585123603864,-1.1646324396133423
max,2,86,0.014043732910653431,0.03784961368032275,-1.102362036705017
max,3,86,0.015534386779005128,0.03528416989030854,-1.4455766379833221
max,4,86,0.01071720858881961,0.025357132168063082,-0.7070024013519287
max,5,86,0.015138868393781,0.045049087114138076,-1.8098826110363007
max,6,86,0.0048374951311500256,0.013549761595368276,-0.6783030033111572
max,7,86,0.01703153943304459,0.05351270375815656,-1.248457908630371
max,8,86,0.005810269476980517,0.023302537942089085,-0.4604581594467163
max,9,86,0.011487134389916567,0.016356957884045523,-1.649874359369278
max,0,87,0.011014833730493293,0.023909868028986078,-0.8504732847213745
max,1,87,0.011583799226838123,0.02641321552425377,-1.1901529431343079
max,2,87,0.014292324528897588,0.03795981834192677,-1.1150668859481812
max,3,87,0.015619907823709415,0.035309136979135625,-1.4635995626449585
max,4,87,0.01088894888303795,0.026024943557256347,-0.7208700180053711
max,5,87,0.015229643777741879,0.04560953098217914,-1.8153772503137589
max,6,87,0.0050233972062658505,0.013685096890897058,-0.7057238817214966
max,7,87,0.017170243732027315,0.05338472174185237,-1.2387166023254395
max,8,87,0.005921767202453229,0.023392517485059827,-0.482674241065979
max,9,87,0.011540529609553409,0.016710621410303772,-1.6534434854984283
max,0,88,0.011248927877223688,0.02485827401399633,-0.874592661857605
max,1,88,0.011746847399388312,0.02659635497118916,-1.2032581567764282
max,2,88,0.014572489095624162,0.03809732155601102,-1.132057011127472
max,3,88,0.01574221165294607,0.03535326293794601,-1.496419906616211
max,4,88,0.011066320411560887,0.02678437083405147,-0.7307840585708618
max,5,88,0.015318070103305138,0.04617660365799109,-1.820506639778614
max,6,88,0.00519648180037699,0.013985064357691895,-0.732207179069519
max,7,88,0.017285381125097324,0.053213692509349375,-1.235499382019043
max,8,88,0.006019985693343097,0.023548298297943596,-0.499847412109375
max,9,88,0.011596132280541786,0.017069438143822044,-1.6568082869052887
max,0,89,0.011448581349597184,0.025739267218740952,-0.8958829641342163
max,1,89,0.011902616058527556,0.026843913793298424,-1.2176331877708435
max,2,89,0.01482109661766725,0.03829774508410852,-1.147901177406311
max,3,89,0.01585209210204356,0.035289699445912426,-1.5236650705337524
max,4,89,0.01120626244680377,0.02762169755044544,-0.7465947866439819
max,5,89,0.015399070492107522,0.04673894627161859,-1.8250139504671097
max,6,89,0.005355197893669297,0.01426711943292136,-0.7483052015304565
max,7,89,0.017384086102968793,0.053129130066938965,-1.2319592237472534
max,8,89,0.006115061996840879,0.02373651266743715,-0.5174795389175415
max,9,89,0.011651662722959477,0.017428071968930384,-1.6599582433700562
max,0,90,0.011636303187474079,0.026624537771282278,-0.9124528169631958
max,1,90,0.012046382189791212,0.027149554409892,-1.230727195739746
max,2,90,0.015031830136643304,0.03842064820426981,-1.1623091101646423
max,3,90,0.015951221022394824,0.0352837595377786,-1.5458429753780365
max,4,90,0.011334855864561684,0.028434729357964955,-0.7609736919403076
max,5,90,0.015473593202026306,0.04730097156702809,-1.8289951831102371
max,6,90,0.00552074371885565,0.014614585522804313,-0.761713981628418
max,7,90,0.01750459157645473,0.05272821682640211,-1.2300482988357544
max,8,90,0.006232677075968404,0.0237191359973338,-0.5362664461135864
max,9,90,0.01171080425412175,0.0177889174378959,-1.6629415154457092
max,0,91,0.011859018448953526,0.02751521176384457,-0.9408470392227173
max,1,91,0.012179384281509179,0.027519520037465953,-1.2428065538406372
max,2,91,0.015312149034081984,0.03843968149621928,-1.1844195127487183
max,3,91,0.016076802272290976,0.03533044727947335,-1.5694279074668884
max,4,91,0.011459352840795474,0.029193357106324966,-0.7696141004562378
max,5,91,0.015541705854586564,0.04785944372753452,-1.832527980208397
max,6,91,0.005664714547472811,0.014982635100506236,-0.7748557329177856
max,7,91,0.0176442222349358,0.05215721803832811,-1.2228659391403198
max,8,91,0.00632929641138931,0.02382056876135491,-0.5543482303619385
max,9,91,0.011770781155114839,0.018146807992983835,-1.6659227311611176
max,0,92,0.01203668444772206,0.02840983525017017,-0.9697898030281067
max,1,92,0.012315378654057775,0.02787376811627225,-1.2576331496238708
max,2,92,0.015553618550271292,0.03842056331509468,-1.2048686742782593
max,3,92,0.016186700673430345,0.03542516015304553,-1.588763415813446
max,4,92,0.011761334765610094,0.029851808360579074,-0.7958242893218994
max,5,92,0.015601521432083598,0.04838592735744414,-1.8356162682175636
max,6,92,0.005834819412307735,0.015451541671547886,-0.7935131788253784
max,7,92,0.017802782626981623,0.05143347851705758,-1.218472182750702
max,8,92,0.006437550156063773,0.023869512893442663,-0.571487545967102
max,9,92,0.011822250427325653,0.018495995365095358,-1.6688626110553741
max,0,93,0.012206051010302504,0.02931040818444773,-0.9936042428016663
max,1,93,0.012444253516817404,0.028271079577316713,-1.2715310454368591
max,2,93,0.01577150160191821,0.03851531778135876,-1.224289357662201
max,3,93,0.01628376712496004,0.03555945946296073,-1.604687750339508
max,4,93,0.01202067800628008,0.030468705104560775,-0.8237905502319336
max,5,93,0.015654002996039855,0.0488864468972717,-1.83834308385849
max,6,93,0.006002775147188964,0.01589858639491587,-0.8106986284255981
max,7,93,0.018009247610097166,0.0506308431900699,-1.212091088294983
max,8,93,0.006541730928543807,0.024029924297125832,-0.5865257978439331
max,9,93,0.011875169040364592,0.01884884136506601,-1.6717757880687714
max,0,94,0.01239386274477379,0.030137855900745497,-1.0246086716651917
max,1,94,0.012587288091847164,0.028621128703681248,-1.2997987866401672
max,2,94,0.01596829529618571,0.03864350221269271,-1.2407775521278381
max,3,94,0.01636922926618098,0.035725814622445756,-1.6177875697612762
max,4,94,0.012302680593752668,0.031092059302419678,-0.8483009338378906
max,5,94,0.015701043274218555,0.04939172344426328,-1.8407357335090637
max,6,94,0.006155879180558051,0.016449179550498016,-0.8273237943649292
max,7,94,0.018221981248877576,0.04988499534653125,-1.2026424407958984
max,8,94,0.006690351699609021,0.024324667832052158,-0.6109559535980225
max,9,94,0.011934116059889997,0.019197146766619766,-1.6746895015239716
max,0,95,0.012601792864103775,0.03094938489362735,-1.0636961460113525
max,1,95,0.012749024460513049,0.02892790797995949,-1.3405385613441467
max,2,95,0.016144772651449764,0.03880295444701094,-1.2538374066352844
max,3,95,0.016394272603142794,0.035799807596975916,-1.6217922866344452
max,4,95,0.012607397352449874,0.031725854975304515,-0.8721573352813721
max,5,95,0.015744170664938745,0.049928069082429874,-1.842839039862156
max,6,95,0.006296031910315421,0.01709713444838279,-0.8413827419281006
max,7,95,0.018396882722154798,0.049315146223411016,-1.2013466358184814
max,8,95,0.006862938272348712,0.02462572250354078,-0.6432478427886963
max,9,95,0.011995819346520137,0.019547124925610837,-1.6775911450386047
max,0,96,0.012731107368592204,0.031776593344588044,-1.1023579835891724
max,1,96,0.012908936718759763,0.02920867839993102,-1.3792083859443665
max,2,96,0.016306706086731647,0.03899069763890818,-1.2635321617126465
max,3,96,0.01641612713418951,0.03590500849608182,-1.6247561872005463
max,4,96,0.012889173139300436,0.03230708035128346,-0.8968874216079712
max,5,96,0.01578344377735722,0.05046292696302594,-1.8446841314435005
max,6,96,0.006410851945592239,0.017711563164182625,-0.8501794338226318
max,7,96,0.018582061710050266,0.04892500112491914,-1.1891882419586182
max,8,96,0.007026116866852103,0.024975691010562087,-0.673526406288147
max,9,96,0.012064533968741707,0.019907304517129965,-1.6804860532283783
max,0,97,0.012855576684572559,0.0325958709107763,-1.1367212533950806
max,1,97,0.013062864324692662,0.029535505805361587,-1.4146340489387512
max,2,97,0.01653316763064376,0.03920640342046415,-1.2806639075279236
max,3,97,0.016431764659096758,0.03603810383328822,-1.6267337501049042
max,4,97,0.013145124972253959,0.032800096587610975,-0.9202247858047485
max,5,97,0.01581726400108613,0.05097251656822717,-1.8462831228971481
max,6,97,0.006535595568184768,0.018171748916716524,-0.8561899662017822
max,7,97,0.01876542222967191,0.04861744829233569,-1.1780454516410828
max,8,97,0.007220986583592645,0.025387589671266003,-0.7100359201431274
max,9,97,0.012134300333642857,0.020273680833640728,-1.6833539605140686
max,0,98,0.012974953307655093,0.03341073320474179,-1.166995882987976
max,1,98,0.01320761103478911,0.029904624120411727,-1.4467333555221558
max,2,98,0.01673617891981035,0.03942754427882124,-1.2938122749328613
max,3,98,0.016445183053816884,0.03619048512319291,-1.6279511749744415
max,4,98,0.013386980618211093,0.033207776262175956,-0.940177321434021
max,5,98,0.01584637916637658,0.05146573788592802,-1.8477000072598457
max,6,98,0.006661977098181386,0.01857201144924442,-0.8617531061172485
max,7,98,0.018922854063900686,0.04835937997871376,-1.1708582043647766
max,8,98,0.0074324976187780945,0.02557721661856391,-0.7415807247161865
max,9,98,0.012205815238886822,0.020638471226821067,-1.6860946416854858
max,0,99,0.013089219922778714,0.0342283225826015,-1.1935054063796997
max,1,99,0.01334342024626467,0.03031013871040099,-1.4756860435009003
max,2,99,0.016917978337724668,0.03968859600328056,-1.3056917786598206
max,3,99,0.016455651616595214,0.03635931344785734,-1.6285390853881836
max,4,99,0.013613835493512208,0.03359943356933251,-0.9610105156898499
max,5,99,0.015870631926183695,0.051934617627096905,-1.8489149808883667
max,6,99,0.006766663667522162,0.018928106958921886,-0.8649508953094482
max,7,99,0.019054539731098386,0.04814975874849625,-1.1660926342010498
max,8,99,0.007629047866089339,0.025680503235829405,-0.7715609073638916
max,9,99,0.012271884396358575,0.020995545602729815,-1.6886648833751678
max,0,100,0.01319545980711595,0.0350645873627458,-1.2134347558021545
max,1,100,0.013470068721167551,0.03074076798736304,-1.5018641352653503
max,2,100,0.017168253760961552,0.03993872268838834,-1.3241251707077026
max,3,100,0.016465718068610122,0.03653548965006631,-1.6286596953868866
max,4,100,0.013826199415231485,0.03393653242068141,-0.9834092259407043
max,5,100,0.015890600727022662,0.05237770719784869,-1.849966287612915
max,6,100,0.006859802385026752,0.019357318927257866,-0.8689017295837402
max,7,100,0.01917401741927268,0.04809201813307554,-1.1636455059051514
max,8,100,0.007821892297753055,0.025821499790006683,-0.7957323789596558
max,9,100,0.012334938130401,0.021349618512833887,-1.6909150034189224
max,0,101,0.013296996105152892,0.03589309622840936,-1.230502724647522
max,1,101,0.013592711632524575,0.03118677962817845,-1.5257860124111176
max,2,101,0.017367787773961967,0.040126134448577766,-1.3377456068992615
max,3,101,0.016473954042917828,0.036714947750740745,-1.628424733877182
max,4,101,0.014036615069031894,0.03420410141930173,-0.9974038004875183
max,5,101,0.015907533294798493,0.052798799111550485,-1.8508680313825607
max,6,101,0.006957443485761078,0.01970278108309645,-0.8729231357574463
max,7,101,0.019357949434039033,0.04814732213471788,-1.1648286581039429
max,8,101,0.00798205106341171,0.026041959584594307,-0.8209241628646851
max,9,101,0.01233194427058941,0.021621448248076644,-1.6887281239032745
max,0,102,0.013402014404738455,0.03672650553755967,-1.2469629645347595
max,1,102,0.013703238085741039,0.03164412256558333,-1.5474813282489777
max,2,102,0.01754215642597095,0.0403132540743633,-1.3475632667541504
max,3,102,0.016482694677045995,0.036894744438310395,-1.6279708445072174
max,4,102,0.014248316636367227,0.0344137784385259,-1.02089524269104
max,5,102,0.015920474216332407,0.05319881242004837,-1.8516135439276695
max,6,102,0.007066958212466154,0.02005405465225546,-0.8835443258285522
max,7,102,0.019558585693512945,0.04826939324367509,-1.1643857955932617
max,8,102,0.00813942216575933,0.026276806470236683,-0.8451806306838989
max,9,102,0.01233489126135457,0.021887412897598657,-1.6869707107543945
max,0,103,0.01350182717641124,0.037616402016943856,-1.2607868909835815
max,1,103,0.013760059365687263,0.031989259755688865,-1.5537318587303162
max,2,103,0.017699177565137267,0.04049782688204219,-1.3564249277114868
max,3,103,0.01649202049440681,0.037069681639223764,-1.627350389957428
max,4,103,0.014478540410796624,0.034390467961029236,-1.0352171063423157
max,5,103,0.015931517914821676,0.05359846047988141,-1.8522527888417244
max,6,103,0.007184252943938173,0.020274375534239608,-0.8904582262039185
max,7,103,0.01973972702501415,0.04844595226902361,-1.1638711094856262
max,8,103,0.008312125814197144,0.026401004392699295,-0.8702585697174072
max,9,103,0.012343226317956875,0.022158102679229866,-1.685570478439331
max,0,104,0.013550006923598937,0.038352729974393554,-1.265903353691101
max,1,104,0.013822656528722346,0.0323548652158947,-1.5601012408733368
max,2,104,0.017837110894129884,0.04068582841266444,-1.3620563745498657
max,3,104,0.01643887641985179,0.03716228810845283,-1.6182646751403809
max,4,104,0.014673426123917532,0.03435643414215034,-1.0498154759407043
max,5,104,0.015939132374650257,0.05399734049651632,-1.8527817130088806
max,6,104,0.007317624953607091,0.020422502067853343,-0.8942053318023682
max,7,104,0.019946540645541896,0.048710486507423795,-1.1640334129333496
max,8,104,0.008473990578498389,0.026341098775741673,-0.8870148658752441
max,9,104,0.01236095332732965,0.02243259276537367,-1.6845056414604187
max,0,105,0.013596547201832981,0.039147947846561254,-1.2694132328033447
max,1,105,0.013883489019808577,0.03272833318859998,-1.5665624737739563
max,2,105,0.017959251771634217,0.040891873007662644,-1.3669002652168274
max,3,105,0.016390735522926664,0.03725971249883711,-1.6097541451454163
max,4,105,0.014847764443694268,0.034317573039338634,-1.0605249404907227
max,5,105,0.015947254848475298,0.054367729012772606,-1.8532361313700676
max,6,105,0.007446688664915643,0.020594264861772044,-0.899250864982605
max,7,105,0.020142877317296456,0.04905476531905144,-1.1649886965751648
max,8,105,0.008622874384450571,0.026382759934099123,-0.9022741317749023
max,9,105,0.012315765859493275,0.022690490900881558,-1.6722592115402222
max,0,106,0.013641978857572623,0.039993086803275305,-1.2714068293571472
max,1,106,0.013943564292286353,0.03310703718513214,-1.5730832517147064
max,2,106,0.018065785957153066,0.04111902317851869,-1.369047462940216
max,3,106,0.016352008568522883,0.03735391859736316,-1.6018602550029755
max,4,106,0.01505562783063083,0.034089174780748424,-1.0669682025909424
max,5,106,0.015953437118205502,0.05471009940138803,-1.8536052480340004
max,6,106,0.007560391182299446,0.02086192504980125,-0.9035707712173462
max,7,106,0.02044524389078505,0.04933616775430762,-1.1678354740142822
max,8,106,0.008761618846902797,0.02646656697838362,-0.9168308973312378
max,9,106,0.012277674146202414,0.022953021496996545,-1.6609685719013214
max,0,107,0.013686152489313277,0.04088395241628727,-1.2719634771347046
max,1,107,0.014003423653438124,0.03348395593797668,-1.5796576142311096
max,2,107,0.018154217980502742,0.0413697766709339,-1.3687576651573181
max,3,107,0.016319563243964844,0.03744567434489622,-1.5944415628910065
max,4,107,0.015236824242934058,0.03391913873915839,-1.075467050075531
max,5,107,0.015958305119988365,0.05505882773933715,-1.8538975790143013
max,6,107,0.007717105335540833,0.021134592262388813,-0.9159343242645264
max,7,107,0.020696543577751914,0.04966119953370285,-1.1706992387771606
max,8,107,0.008919625652133,0.02660799079744526,-0.9417287111282349
max,9,107,0.012245703899275255,0.02322949195817582,-1.650581181049347
max,0,108,0.01372668290239168,0.04179021921908284,-1.265799641609192
max,1,108,0.014097863506067718,0.03369862557273805,-1.5957278311252594
max,2,108,0.01828420737061113,0.04144861068755901,-1.370997428894043
max,3,108,0.01629091339564128,0.03754055237999786,-1.5873226821422577
max,4,108,0.015412192342343915,0.033788696285573835,-1.0788500308990479
max,5,108,0.01595805440589252,0.055404990967888965,-1.8540754467248917
max,6,108,0.007853759931260813,0.02150691340548161,-0.9280226826667786
max,7,108,0.02097965230322383,0.05004987474972329,-1.1776282787322998
max,8,108,0.009049917692966827,0.026802747654086023,-0.9609457850456238
max,9,108,0.012225790002070698,0.02350640204148316,-1.6411713361740112
max,0,109,0.01376723603251008,0.042704938869752726,-1.2588974237442017
max,1,109,0.014187899552627198,0.0339234656089009,-1.6102209985256195
max,2,109,0.018396876731638763,0.041562114868380004,-1.3710570931434631
max,3,109,0.016114340697070746,0.03760514057073813,-1.562496542930603
max,4,109,0.015572610243394333,0.03370917129289294,-1.082763135433197
max,5,109,0.01611162438843186,0.05555898449969959,-1.8598107695579529
max,6,109,0.007985012280904036,0.021873809118082094,-0.9385271668434143
max,7,109,0.021312399622558438,0.05047803526961815,-1.195949375629425
max,8,109,0.009161802550866321,0.027005988331899974,-0.9771101474761963
max,9,109,0.012216880251999053,0.023775946670302306,-1.632635474205017
max,0,110,0.013805134767456706,0.043625370231231406,-1.251026690006256
max,1,110,0.01427600754502855,0.03415625348786662,-1.623585730791092
max,2,110,0.018493990173461566,0.0417124820849407,-1.3704185485839844
max,3,110,0.015972463686840375,0.03767943233100478,-1.541508823633194
max,4,110,0.01571707741779342,0.0336828767878638,-1.0868094563484192
max,5,110,0.016254352408855262,0.05568487804335241,-1.8646912053227425
max,6,110,0.008104362377111485,0.02228972208779087,-0.9479010701179504
max,7,110,0.021614726503907992,0.050923959942859115,-1.2191328406333923
max,8,110,0.009250390326910038,0.027255120488492657,-0.9874245524406433
max,9,110,0.012211059534493952,0.024049500113701577,-1.6248671412467957
max,0,111,0.013843275293544982,0.04454022705992862,-1.2422208786010742
max,1,111,0.014302781381296217,0.034249750781883345,-1.624150574207306
max,2,111,0.018616170085618514,0.04171021168245055,-1.377441942691803
max,3,111,0.01584763395697967,0.037759350763343275,-1.5212088823318481
max,4,111,0.01584647688006982,0.0337140769489417,-1.0908376574516296
max,5,111,0.01638509604925678,0.055797648790199134,-1.8688723742961884
max,6,111,0.008195769393570182,0.022714394198305538,-0.957603394985199
max,7,111,0.02189033624739592,0.05137449570431281,-1.2451183199882507
max,8,111,0.009371729024722164,0.02758533220955528,-0.9939799904823303
max,9,111,0.012192098352428862,0.024225341444160248,-1.6159510016441345
max,0,112,0.013882491839618788,0.045443283594898465,-1.2329707741737366
max,1,112,0.014330113512466082,0.03436477626180255,-1.6252208352088928
max,2,112,0.018722045834753974,0.04174797442640746,-1.3818569779396057
max,3,112,0.015736956775488198,0.03784484504234768,-1.5015496015548706
max,4,112,0.01596588403337308,0.03379381814878529,-1.0955145359039307
max,5,112,0.016503302471551767,0.055892314921924105,-1.8724327757954597
max,6,112,0.00830696453481411,0.023064046351469247,-0.9638164639472961
max,7,112,0.02214272140272605,0.05180995560067826,-1.2728092074394226
max,8,112,0.009470346118218703,0.027956353679096005,-0.9954819679260254
max,9,112,0.012173504733773037,0.024073895757493483,-1.606725424528122
max,0,113,0.013875621887863565,0.046370580450399615,-1.2167326211929321
max,1,113,0.01430216133474789,0.034357057987474376,-1.6151841282844543
max,2,113,0.018794092756630403,0.04175310631354151,-1.3827285766601562
max,3,113,0.015586504357319904,0.03788661422403773,-1.475480556488037
max,4,113,0.016045918439939584,0.0340120449388156,-1.1070589423179626
max,5,113,0.016609645456673712,0.055966508194319434,-1.8754911795258522
max,6,113,0.008425572293465668,0.02336565847675312,-0.9693698883056641
max,7,113,0.022380332195702277,0.05213701737866354,-1.2946696877479553
max,8,113,0.009559005781264784,0.028363222484281636,-0.997564971446991
max,9,113,0.012235417537873834,0.02395831179370965,-1.6108834445476532
max,0,114,0.013873377895764163,0.047310320281379104,-1.2008686661720276
max,1,114,0.014280715014306,0.03437980460465981,-1.606466144323349
max,2,114,0.01889560650262733,0.041636877711025005,-1.3914865255355835
max,3,114,0.015451780860451514,0.03793643852513627,-1.449733942747116
max,4,114,0.016085128701859845,0.03415650523777952,-1.113831639289856
max,5,114,0.016708666736521847,0.05602896894699222,-1.878119818866253
max,6,114,0.008511800454596569,0.023563813941147038,-0.9763492941856384
max,7,114,0.022604561302056,0.05242760216609807,-1.3171591758728027
max,8,114,0.009641456948778021,0.02879785670436809,-1.000632643699646
max,9,114,0.012296766548750268,0.02389881926681421,-1.614345371723175
max,0,115,0.013875850027891296,0.04823094665200442,-1.1859122514724731
max,1,115,0.014263489906797648,0.03443569041949453,-1.5990186631679535
max,2,115,0.018983620049347803,0.041580329757824205,-1.3990423679351807
max,3,115,0.015335845374597791,0.03800197610018467,-1.4242976903915405
max,4,115,0.016133404325901275,0.03408619599727292,-1.117048442363739
max,5,115,0.016796543663964755,0.056076864377423125,-1.880320731550455
max,6,115,0.008573234279845257,0.023810409170612945,-0.9824120402336121
max,7,115,0.022779647213377913,0.05239293550118944,-1.324420988559723
max,8,115,0.009709081300507988,0.02924593084370064,-0.9999487400054932
max,9,115,0.012356315993185672,0.023892857191037564,-1.6171327829360962
max,0,116,0.013904766231941743,0.0490124678064342,-1.1847878694534302
max,1,116,0.014250178320506138,0.034517676625736654,-1.5927332937717438
max,2,116,0.01905713915012989,0.04155684256715113,-1.4054771065711975
max,3,116,0.01524040084954733,0.0380836172969268,-1.3995248079299927
max,4,116,0.016153690025232106,0.03410349580058912,-1.1204201579093933
max,5,116,0.01687738770966224,0.05610718163395019,-1.8822293765842915
max,6,116,0.008657669574858438,0.024069037730627352,-1.0015596151351929
max,7,116,0.02301366117213087,0.05227446027857048,-1.3445358276367188
max,8,116,0.009772275188447602,0.029702542708747656,-1.0032232403755188
max,9,116,0.012412166151130638,0.02393418803067586,-1.6191968619823456
max,0,117,0.01393433468712131,0.049784918302511444,-1.1823920607566833
max,1,117,0.014193109263220392,0.03450825279516337,-1.576118916273117
max,2,117,0.019119370136791866,0.04155436953705623,-1.4091562032699585
max,3,117,0.015152715423288492,0.03817951356936525,-1.3750147819519043
max,4,117,0.01617020173194641,0.034182662079642295,-1.1229921579360962
max,5,117,0.016950334455863983,0.05612888986709605,-1.8838824778795242
max,6,117,0.00876138980337414,0.02431475151226875,-1.01973158121109
max,7,117,0.023218881199699955,0.05205244917175436,-1.3567492365837097
max,8,117,0.009827661723221984,0.030171034495481988,-1.0068984627723694
max,9,117,0.012544389433763486,0.02399872194576426,-1.6333733201026917
max,0,118,0.014053940752132982,0.050588697439731975,-1.1924707889556885
max,1,118,0.014144915831646315,0.03453514996994554,-1.5612670183181763
max,2,118,0.01922093699140643,0.04144385351605054,-1.4207990169525146
max,3,118,0.015077508325527164,0.038288174434209066,-1.3508172631263733
max,4,118,0.01610948551583353,0.03421625121964969,-1.1271991729736328
max,5,118,0.017016235869928592,0.05614360184829105,-1.885314930230379
max,6,118,0.008842193121126996,0.02448650724277604,-1.0364525318145752
max,7,118,0.02330376620350902,0.051804038501262514,-1.358092337846756
max,8,118,0.00988882858727845,0.030637439880485576,-1.0140374898910522
max,9,118,0.01266590996076547,0.024103943490782723,-1.6452648639678955
max,0,119,0.014175062167166755,0.051402418362314406,-1.1922525763511658
max,1,119,0.014104209682575607,0.03460000926511206,-1.5483921766281128
max,2,119,0.019308025880665033,0.041370279778745536,-1.4313249289989471
max,3,119,0.01502638411641219,0.03840057369042055,-1.3315399885177612
max,4,119,0.015961391796160213,0.034271943562718496,-1.1231108903884888
max,5,119,0.017076094808387718,0.0561539206813388,-1.886555664241314
max,6,119,0.008934013317560822,0.024637422716584673,-1.046634554862976
max,7,119,0.023379454063904535,0.05158329261857894,-1.3599035739898682
max,8,119,0.00995785899386463,0.0309565470631413,-1.0237898230552673
max,9,119,0.012782690645036655,0.024247509668632247,-1.6552698016166687
max,0,120,0.01429337693256609,0.0522017297505185,-1.1904077529907227
max,1,120,0.014067577402071943,0.034698822845531066,-1.5370310842990875
max,2,120,0.019376453251626374,0.041286468515076,-1.4384727478027344
max,3,120,0.015090339478215462,0.03849356367623685,-1.3305782675743103
max,4,120,0.015881752449958937,0.03451722785543493,-1.1178590655326843
max,5,120,0.017127653118521657,0.05615715535938853,-1.8875950053334236
max,6,120,0.009033191378709886,0.024803571206883673,-1.055479347705841
max,7,120,0.023444373989639486,0.051396525455924894,-1.3617537021636963
max,8,120,0.01007275034811414,0.031270436678306424,-1.0462870597839355
max,9,120,0.012929361579905867,0.024302597292295378,-1.6731504797935486
max,0,121,0.014352968397881097,0.05301025445699348,-1.1802383065223694
max,1,121,0.01404533986014539,0.03483873828226458,-1.5273389220237732
max,2,121,0.019433302140285137,0.041230799546587815,-1.4449408054351807
max,3,121,0.015137485607305205,0.038459957251495605,-1.3235744833946228
max,4,121,0.015853826996847127,0.03491054684186384,-1.1166325807571411
max,5,121,0.017173251705147656,0.05615569279803216,-1.8884804956614971
max,6,121,0.009105798217453533,0.025013760478755143,-1.0637099742889404
max,7,121,0.023499481823911636,0.05124184594949836,-1.3633982837200165
max,8,121,0.010228883074173911,0.03160015059287784,-1.0826036930084229
max,9,121,0.012888272154092884,0.02405777476467355,-1.676101952791214
max,0,122,0.01437407024788169,0.0538226625422462,-1.195911943912506
max,1,122,0.014146069751004402,0.03496674811267052,-1.5341645777225494
max,2,122,0.01948049577668929,0.04118899491975796,-1.4508063197135925
max,3,122,0.015161392630545847,0.03839012109901678,-1.3129816055297852
max,4,122,0.01574729496771133,0.0352869177723846,-1.1081133484840393
max,5,122,0.017212376433308342,0.056147154211782485,-1.889237653464079
max,6,122,0.009153377180260588,0.025264150030558763,-1.0671212077140808
max,7,122,0.02354612800835104,0.051132840176614736,-1.3647433519363403
max,8,122,0.010347887404507455,0.031913770709331046,-1.1105846166610718
max,9,122,0.012847768595155483,0.02389073355978108,-1.678252786397934
max,0,123,0.014413616723687989,0.05463884407026043,-1.2013670206069946
max,1,123,0.014243146756320782,0.03511978833855689,-1.54075226187706
max,2,123,0.019519257445007467,0.04117150109744061,-1.456087440252304
max,3,123,0.01528711316799685,0.0383175614842067,-1.318669617176056
max,4,123,0.015643883754394405,0.035735120527077543,-1.0995309352874756
max,5,123,0.017244617796475292,0.05613512358717085,-1.889865204691887
max,6,123,0.00918669590319466,0.025543489684025533,-1.0702913403511047
max,7,123,0.023584903949776775,0.051070551380544435,-1.3658627569675446
max,8,123,0.0104893123324631,0.03217680066793292,-1.1413099765777588
max,9,123,0.012811634669000177,0.02379002642476856,-1.6796313226222992
max,0,124,0.014443614856586226,0.05538653711579718,-1.2086616158485413
max,1,124,0.014335377567077999,0.035295044789699886,-1.5471245050430298
max,2,124,0.01955265810472239,0.04117214983164566,-1.4609890282154083
max,3,124,0.015382845152901711,0.03822740076591738,-1.3197771906852722
max,4,124,0.015550622626607252,0.03624236116617913,-1.092776596546173
max,5,124,0.017268821411212783,0.05612577044883531,-1.8903764188289642
max,6,124,0.009215468183870132,0.025921410598630762,-1.074409008026123
max,7,124,0.023612876916172816,0.05105434353816883,-1.3662844002246857
max,8,124,0.01063530596939867,0.03252669818578538,-1.1748642325401306
max,9,124,0.012777920149948087,0.02376343788365272,-1.680291771888733
max,0,125,0.014472631429469598,0.05611367363798611,-1.2138683795928955
max,1,125,0.014476735122809864,0.03533289398453199,-1.5635970830917358
max,2,125,0.01958281368115302,0.0411898171002532,-1.4663671553134918
max,3,125,0.015489800194095522,0.0381726864230138,-1.322867751121521
max,4,125,0.015480736261296181,0.03678418026599052,-1.1017107367515564
max,5,125,0.01729069480058043,0.0561477113327961,-1.8907997496426105
max,6,125,0.009239674596102608,0.026378470299727425,-1.0791299939155579
max,7,125,0.023630916323360937,0.05107633591162261,-1.3659113049507141
max,8,125,0.010759047351754494,0.032828493170397974,-1.2000817656517029
max,9,125,0.012742739182108255,0.023800432820958853,-1.6802649199962616
max,0,126,0.014506399132056244,0.05677280416140362,-1.2180243134498596
max,1,126,0.014607608715998636,0.035407232177423364,-1.5785587430000305
max,2,126,0.019617099744645768,0.041223131639748084,-1.4722074568271637
max,3,126,0.015584906515534451,0.038145230268656224,-1.3235012292861938
max,4,126,0.0154922062223505,0.037347994592087375,-1.1147457361221313
max,5,126,0.0173118298395724,0.05616558513396103,-1.8911570571362972
max,6,126,0.009264817086974013,0.026812949248102014,-1.0830307006835938
max,7,126,0.02363151724795886,0.051001449743408644,-1.3564796447753906
max,8,126,0.010862527894241386,0.0331446973072905,-1.2142771482467651
max,9,126,0.012715641514541631,0.023883464378553737,-1.6797073781490326
max,0,127,0.014541087500324235,0.057422556333924,-1.2194767594337463
max,1,127,0.014708441444262428,0.035401613402914964,-1.587378203868866
max,2,127,0.019653323603124107,0.041257960479926165,-1.4784026741981506
max,3,127,0.015670638363136632,0.038150264002673226,-1.3217204809188843
max,4,127,0.015481670122177098,0.03790909132525562,-1.1274126768112183
max,5,127,0.017327642067103848,0.0562203722226062,-1.8914100043475628
max,6,127,0.009291390978033207,0.027310673899225785,-1.0869492888450623
max,7,127,0.023626351944124102,0.05098241512876012,-1.3473834097385406
max,8,127,0.010986922488814416,0.03346856651533557,-1.2371703386306763
max,9,127,0.012686183804995407,0.02402059486952697,-1.6785978078842163
max,0,128,0.014574638842359364,0.0580498742670431,-1.2195947170257568
max,1,128,0.014803392772735902,0.03544113770315327,-1.5957198441028595
max,2,128,0.01968124753748491,0.041298723271293,-1.4840375185012817
max,3,128,0.015751386443285907,0.038203917420582406,-1.317810595035553
max,4,128,0.015458576008846606,0.03845260048892281,-1.1398264169692993
max,5,128,0.01733802156764927,0.05627347106993305,-1.891565665602684
max,6,128,0.009332465610321632,0.02775926791781147,-1.0926199555397034
max,7,128,0.023727721651739024,0.050990850758256934,-1.3530771732330322
max,8,128,0.011105066698519989,0.033814152202542,-1.2592684030532837
max,9,128,0.012653665157461788,0.02405422008031359,-1.6760693192481995
max,0,129,0.014641923605845264,0.05863781089641462,-1.2222365140914917
max,1,129,0.014892102303807914,0.035545739668625856,-1.60352423787117
max,2,129,0.01970512140546648,0.04134596243017173,-1.4892740845680237
max,3,129,0.015836927444922995,0.038278744147439966,-1.3161541819572449
max,4,129,0.015464992242577302,0.03899862204541028,-1.1660663485527039
max,5,129,0.017348812836031964,0.05631206074157827,-1.891690980643034
max,6,129,0.009379951744062413,0.02817207767104704,-1.1023635864257812
max,7,129,0.023811867709836704,0.05104054785510671,-1.3573415279388428
max,8,129,0.011215652227220804,0.03417641097514329,-1.2805474400520325
max,9,129,0.012617145259400595,0.024142904434225898,-1.673158347606659
max,0,130,0.014697251321605875,0.05920739297403818,-1.2221614718437195
max,1,130,0.014968952348114344,0.03569796130128608,-1.6106296479701996
max,2,130,0.01971903620606002,0.04130967860243483,-1.4913304150104523
max,3,130,0.015911696618408917,0.03836570963619865,-1.312345802783966
max,4,130,0.015469063354986483,0.0395628203111793,-1.1902167201042175
max,5,130,0.017365328094890983,0.05634764598129706,-1.8917581588029861
max,6,130,0.009425355365757802,0.02855771480555122,-1.1130545735359192
max,7,130,0.024131744066474954,0.05117794702541449,-1.373463898897171
max,8,130,0.011313285177688273,0.03454914991687563,-1.2991145253181458
max,9,130,0.012580607310250153,0.024283939152343587,-1.6699296832084656
max,0,131,0.014748126706647047,0.059756865406197734,-1.221231997013092
max,1,131,0.014997923692891837,0.03576398356806161,-1.6075421571731567
max,2,131,0.01973110786216408,0.04128813887048266,-1.493339329957962
max,3,131,0.015978574078877747,0.03846299076892157,-1.30689537525177
max,4,131,0.015516694516055966,0.040165148359389474,-1.2144896984100342
max,5,131,0.017378610571623564,0.056381067920039774,-1.8917683102190495
max,6,131,0.009501143652370037,0.028911608897912777,-1.1233033537864685
max,7,131,0.02441733252933432,0.05135618900143081,-1.3866591155529022
max,8,131,0.011405898810381787,0.03492133138498095,-1.3171328902244568
max,9,131,0.01263927738235554,0.024445269613603368,-1.6791220903396606
max,0,132,0.014796892329940595,0.060316263080326935,-1.2196703553199768
max,1,132,0.014986656774337637,0.035764413811853066,-1.595453679561615
max,2,132,0.019734726885998012,0.04127960969445252,-1.4951176345348358
max,3,132,0.01604030523980597,0.03857157036809429,-1.3002129793167114
max,4,132,0.015632447794506725,0.04031249694503618,-1.226275086402893
max,5,132,0.017390241670998716,0.05643930362170331,-1.8917721472680569
max,6,132,0.009589562857975263,0.029210379966560562,-1.1371920108795166
max,7,132,0.02466857395995445,0.05155143928212805,-1.3970053493976593
max,8,132,0.011501203394246026,0.035299849135925515,-1.3360562324523926
max,9,132,0.0126957969951308,0.024645470553507173,-1.6866865009069443
max,0,133,0.014865099730236503,0.0607040907625212,-1.2438408136367798
max,1,133,0.01497504338640892,0.03582180691043091,-1.5845438838005066
max,2,133,0.019734301600329976,0.041207204485549015,-1.4943618774414062
max,3,133,0.01613977214491262,0.03859008258807521,-1.3072501420974731
max,4,133,0.015739611775409862,0.040498548844870114,-1.237525999546051
max,5,133,0.01739593567306849,0.05648105401311586,-1.8916860073804855
max,6,133,0.009648211493123733,0.029421921987260374,-1.142909824848175
max,7,133,0.024896277382005144,0.05177187446284574,-1.4056643545627594
max,8,133,0.01159446891586928,0.035683893630430424,-1.3543540239334106
max,9,133,0.012790275127943528,0.024821205376618527,-1.701751485466957
max,0,134,0.014919203404785461,0.061133188194084934,-1.2736831307411194
max,1,134,0.014966051863505532,0.035919502255972555,-1.574767291545868
max,2,134,0.019728449062764844,0.04108105776375229,-1.491444081068039
max,3,134,0.0162361219187626,0.03862255461818634,-1.3161733746528625
max,4,134,0.015833825307543528,0.04072119844275497,-1.24738347530365
max,5,134,0.017400531275485576,0.056516171630688714,-1.89157435297966
max,6,134,0.009714604167953049,0.029617493621367008,-1.1501458883285522
max,7,134,0.025047823854943252,0.051920149273373115,-1.4162814617156982
max,8,134,0.011731633137262637,0.03603421013902898,-1.3814505338668823
max,9,134,0.012877597100048571,0.02502681171232242,-1.7143699377775192
max,0,135,0.014956474239344389,0.06158957522450721,-1.3203442096710205
max,1,135,0.014959825098416875,0.036051514147799724,-1.5661839246749878
max,2,135,0.019722872622630824,0.04100086484440474,-1.4886071681976318
max,3,135,0.016367749598942195,0.03857731935098194,-1.3370382189750671
max,4,135,0.01598854536100977,0.0405450996997222,-1.2470131516456604
max,5,135,0.017404946982495867,0.05654400120760486,-1.8914485089480877
max,6,135,0.009790682543203179,0.029910952668936813,-1.157235562801361
max,7,135,0.025182925679134112,0.052086469289669035,-1.4253056347370148
max,8,135,0.011855147341486974,0.03616838026027776,-1.4052346348762512
max,9,135,0.012954807656164816,0.025257352329964025,-1.7249243259429932
max,0,136,0.01500441900395695,0.062008970056139034,-1.3638277053833008
max,1,136,0.014915919120113842,0.03610854620430709,-1.548821121454239
max,2,136,0.019711891360395153,0.04097572973228861,-1.4856155216693878
max,3,136,0.016487148008037356,0.03855515399565307,-1.3541281819343567
max,4,136,0.016115857321609937,0.04036575433661853,-1.2459993958473206
max,5,136,0.017405700169966447,0.05655909153048405,-1.8912594951689243
max,6,136,0.009837816055650546,0.030143570441333284,-1.1564857363700867
max,7,136,0.02530496385600936,0.05226843342076852,-1.4331650733947754
max,8,136,0.012014093054485711,0.036271211480721474,-1.43739053606987
max,9,136,0.013065784498078103,0.025443287468325068,-1.7411461770534515
max,0,137,0.015073697881024167,0.06246908234356836,-1.411124348640442
max,1,137,0.014846518397204182,0.03610508961952545,-1.5234225392341614
max,2,137,0.019706300471436948,0.04099763914715181,-1.482729434967041
max,3,137,0.01660941357285413,0.038558216359583716,-1.3719391822814941
max,4,137,0.0162137069170252,0.0402015064202057,-1.2443223595619202
max,5,137,0.017404103088866953,0.05656691875944478,-1.891034096479416
max,6,137,0.009878111423691896,0.03044407876573954,-1.154096245765686
max,7,137,0.025413102684369637,0.05245682535651246,-1.4398885667324066
max,8,137,0.012165164522048896,0.03641045842348299,-1.4669657349586487
max,9,137,0.013172200748615366,0.025644010409255916,-1.7547369003295898
max,0,138,0.015141450129349879,0.0628889428514362,-1.4530591368675232
max,1,138,0.014787431872606005,0.036143416416764315,-1.5003699660301208
max,2,138,0.019697287390806263,0.04106639905499382,-1.4796122610569
max,3,138,0.01671913790175368,0.0385841209367339,-1.3859590291976929
max,4,138,0.016366611298883886,0.03978489080098278,-1.2371110320091248
max,5,138,0.017401303551303128,0.0565649067000267,-1.8907823078334332
max,6,138,0.009928860623374544,0.030749447369288863,-1.1557987928390503
max,7,138,0.025510422191049167,0.05266178616172422,-1.445805847644806
max,8,138,0.012308070132478421,0.03659022553483009,-1.4940309822559357
max,9,138,0.013268783419291656,0.025874299081254923,-1.7660868018865585
max,0,139,0.015211791340654493,0.06326418439120877,-1.4900768995285034
max,1,139,0.01473790453941061,0.03622227659759687,-1.4796702861785889
max,2,139,0.019683216082840384,0.04116877417775677,-1.4761753380298615
max,3,139,0.016869124399035637,0.03860600332061867,-1.4081373810768127
max,4,139,0.016503997025370767,0.039520918181916,-1.229953408241272
max,5,139,0.01739532629727685,0.05655353070730766,-1.8905194737017155
max,6,139,0.010043900860676046,0.03106044060297053,-1.1682072877883911
max,7,139,0.025594311719503895,0.052878991849391835,-1.450734794139862
max,8,139,0.012442499244115932,0.036805362396480856,-1.518732339143753
max,9,139,0.013354531882802043,0.026128560971284243,-1.7755843997001648
max,0,140,0.015239742694929947,0.06328519081582945,-1.5170072615146637
max,1,140,0.014667822430315891,0.03624790293354094,-1.4517588019371033
max,2,140,0.019663201513883802,0.04130356195582169,-1.4725088477134705
max,3,140,0.01697995082115037,0.03858841504198757,-1.4234428405761719
max,4,140,0.01662730526509809,0.039405384331234805,-1.2224460244178772
max,5,140,0.017388140132038397,0.056533406207181267,-1.890229769051075
max,6,140,0.010138271224679786,0.03141833710224562,-1.1774250864982605
max,7,140,0.025664110110258584,0.05310160121120586,-1.4546412229537964
max,8,140,0.01256198808999201,0.03698050367834793,-1.5380988121032715
max,9,140,0.013426413988760738,0.026394084012433913,-1.7835517525672913
max,0,141,0.015273347470736276,0.06329449724935723,-1.540878415107727
max,1,141,0.014583756210602893,0.03623554924968653,-1.4176616072654724
max,2,141,0.019640995048388447,0.04142265605235164,-1.4676613211631775
max,3,141,0.01708116123749564,0.03859838430241262,-1.4354154169559479
max,4,141,0.016737764063659823,0.03941636558458636,-1.2144978046417236
max,5,141,0.017379962232385554,0.05653792955603398,-1.8899198919534683
max,6,141,0.0102540661367614,0.03172699672276755,-1.1924248933792114
max,7,141,0.02572958756215521,0.053324021279889805,-1.4585637152194977
max,8,141,0.012693539581289465,0.03719647434854015,-1.5579974949359894
max,9,141,0.013494047961113163,0.02666530648922838,-1.7903217375278473
max,0,142,0.015306598174569697,0.0633011349017184,-1.5618836879730225
max,1,142,0.014510672503175108,0.036261155292226205,-1.387260615825653
max,2,142,0.019615280585477582,0.041569274363516456,-1.462799608707428
max,3,142,0.01717377453906664,0.038631111476575206,-1.4441610276699066
max,4,142,0.016832967564920004,0.0395416323242099,-1.2061089873313904
max,5,142,0.017369213641746435,0.05652995141727811,-1.8895546980202198
max,6,142,0.010353598265518599,0.032055705994604805,-1.2055898308753967
max,7,142,0.0256794714688868,0.053541984007869844,-1.440845400094986
max,8,142,0.01281710741061616,0.03744707109055759,-1.5761287212371826
max,9,142,0.013548281396888608,0.026939569733811453,-1.7959539890289307
max,0,143,0.015339146736103454,0.06330746803154566,-1.5802903771400452
max,1,143,0.01442563164168506,0.03628685978198257,-1.352119266986847
max,2,143,0.019589761830578388,0.041739501856744424,-1.4579951465129852
max,3,143,0.01727757859690912,0.038690085118288906,-1.4552189409732819
max,4,143,0.01692660813428145,0.039774930141572934,-1.1999325156211853
max,5,143,0.017356248792879336,0.05655329143771484,-1.8891420885920525
max,6,143,0.010442297324514987,0.03240231305531893,-1.2169446349143982
max,7,143,0.02562760358345524,0.05374991852524551,-1.4240407049655914
max,8,143,0.012934674298951648,0.03773090293648988,-1.5926741063594818
max,9,143,0.013597344988003884,0.02721271138745851,-1.8007700741291046
max,0,144,0.015371411797870882,0.06330854094121276,-1.5964028239250183
max,1,144,0.014355975748098673,0.03634349984504208,-1.3215175867080688
max,2,144,0.01956065381668673,0.04193266174063266,-1.453102320432663
max,3,144,0.01739014763605516,0.03877227170009041,-1.4683090448379517
max,4,144,0.017010733573832794,0.040091948715029524,-1.195149004459381
max,5,144,0.017344453057053642,0.0565575495364149,-1.8887593522667885
max,6,144,0.010555327209985511,0.03268938190923712,-1.2352195978164673
max,7,144,0.025572597032381364,0.053932912481747114,-1.4080699682235718
max,8,144,0.013046881326775214,0.03804143141506011,-1.6078241169452667
max,9,144,0.013635827949347812,0.027481471020933984,-1.804828830063343
max,0,145,0.01540535882126147,0.06332104208328926,-1.610434651374817
max,1,145,0.014279156512558032,0.03640910898674296,-1.2880993485450745
max,2,145,0.019532102609023834,0.042135593596204446,-1.4482257962226868
max,3,145,0.017434961724895212,0.038754928726138047,-1.4715460538864136
max,4,145,0.01708343321827544,0.040470399247036715,-1.1896576881408691
max,5,145,0.017331162347524014,0.05655004668126984,-1.8883131928741932
max,6,145,0.010651556125791953,0.03302845593937215,-1.25018310546875
max,7,145,0.025523287128781394,0.05410578235827607,-1.393555462360382
max,8,145,0.013153652860557405,0.03837392991879657,-1.6216707527637482
max,9,145,0.013663750449359878,0.02774192500920633,-1.8082254752516747
max,0,146,0.015438851128098355,0.06334085698232438,-1.6226523220539093
max,1,146,0.014197108540055105,0.0364855528218562,-1.2530316710472107
max,2,146,0.019499189381830803,0.04234464665118652,-1.4431873559951782
max,3,146,0.01742037403837446,0.038654358510903944,-1.4661858081817627
max,4,146,0.017144327630266347,0.040898917592208456,-1.1852281093597412
max,5,146,0.01731669580958973,0.056531895727028963,-1.8878296352922916
max,6,146,0.010735003624185065,0.033413658618629216,-1.2620285749435425
max,7,146,0.02547410739809773,0.05426290363090744,-1.3798978626728058
max,8,146,0.013267040248315001,0.03873132470108545,-1.6363928020000458
max,9,146,0.013691035862945775,0.02798685377938412,-1.8111859485507011
max,0,147,0.015491466708416515,0.06343315613663965,-1.6401426196098328
max,1,147,0.014116000490996025,0.036578081390307604,-1.218217372894287
max,2,147,0.01946544213622404,0.04251491575369437,-1.4368673861026764
max,3,147,0.017355184632691742,0.038484892295505696,-1.4532032012939453
max,4,147,0.017195247192315945,0.04136601888932012,-1.1817364692687988
max,5,147,0.01730234615307053,0.05654203096422314,-1.8873448967933655
max,6,147,0.010779960333088832,0.03379218202558057,-1.2644638419151306
max,7,147,0.02542424773457029,0.05438790173541577,-1.3671900629997253
max,8,147,0.013375649381786106,0.039099782616215994,-1.6498393714427948
max,9,147,0.01371436072315338,0.02822176846671716,-1.8137070685625076
max,0,148,0.015539911465071818,0.06353283058570273,-1.6550361216068268
max,1,148,0.014045030159073997,0.036697518752857164,-1.1903465390205383
max,2,148,0.01942975218541005,0.042685122811547974,-1.4308280944824219
max,3,148,0.017291259176248824,0.03838127223945076,-1.4391334354877472
max,4,148,0.017238465363626138,0.041847741240255504,-1.1779009103775024
max,5,148,0.017290532497585533,0.056534726200662674,-1.886918157339096
max,6,148,0.010822673939737334,0.034135798255099964,-1.2806525826454163
max,7,148,0.02537637767888805,0.05449078191614483,-1.3552823066711426
max,8,148,0.01347753502507916,0.03946784082491622,-1.6620886325836182
max,9,148,0.013736418514328691,0.0284419793512945,-1.8159030675888062
max,0,149,0.015585410717659828,0.06363830033555978,-1.667762666940689
max,1,149,0.013983233868801882,0.0368364202408869,-1.1694881916046143
max,2,149,0.01939664423997227,0.04285362437274254,-1.4251993298530579
max,3,149,0.01722806119451506,0.0383278858626053,-1.4238828718662262
max,4,149,0.017344651491534246,0.042338728426695144,-1.172124445438385
max,5,149,0.01727837311869699,0.05651212025856288,-1.8864891231060028
max,6,149,0.010865931574517013,0.03457339101725271,-1.2989639043807983
max,7,149,0.025331821108375313,0.05456245006023139,-1.3439997434616089
max,8,149,0.01351161097106253,0.039692488680016486,-1.6620312631130219
max,9,149,0.013755142896234356,0.02864648621798241,-1.8177528977394104
max,0,150,0.015624494327222432,0.06374596834031321,-1.6785925477743149
max,1,150,0.013933546736411867,0.036846391626881636,-1.16214519739151
max,2,150,0.01936420033784287,0.04300765143593399,-1.4201363623142242
max,3,150,0.017163691363013968,0.038310233948323946,-1.4073944985866547
max,4,150,0.017467005150814376,0.042749061499522845,-1.1621013283729553
max,5,150,0.01726589798161627,0.0564803459607527,-1.8860524334013462
max,6,150,0.010867552916704229,0.034860039778639496,-1.3042446374893188
max,7,150,0.02529090767666463,0.05462229684089802,-1.3338139355182648
max,8,150,0.013547681473938297,0.039927361004365516,-1.6624137461185455
max,9,150,0.013764320252613899,0.02882852337095332,-1.819217935204506
max,0,151,0.015658725409782498,0.0638626175949388,-1.687782198190689
max,1,151,0.01387999658658201,0.036893165220164725,-1.1521989107131958
max,2,151,0.019328850614626608,0.04315686872188408,-1.4152396619319916
max,3,151,0.01716441523977883,0.03825689990231232,-1.4053930938243866
max,4,151,0.017571487963764752,0.043172428978284355,-1.1529999375343323
max,5,151,0.017250036885125997,0.05643924836088417,-1.8854974284768105
max,6,151,0.010863640030991266,0.03513243555745013,-1.3072158694267273
max,7,151,0.025265025941670655,0.054623879498082076,-1.3197540044784546
max,8,151,0.013583926927601964,0.040174484641378044,-1.6631338596343994
max,9,151,0.013780791576520894,0.028996047649405637,-1.821565993130207
max,0,152,0.015687358122845912,0.06401723296264875,-1.6955240964889526
max,1,152,0.013832761315799733,0.03692781464981233,-1.1438096761703491
max,2,152,0.019289741369268823,0.043291199333572256,-1.4105126559734344
max,3,152,0.01718753420037185,0.03824412977787782,-1.4032633602619171
max,4,152,0.01768946020505291,0.04357538741511913,-1.150611698627472
max,5,152,0.01723292971249283,0.05639628373819859,-1.8849111497402191
max,6,152,0.010879477796921999,0.0353659445748378,-1.3181228637695312
max,7,152,0.025239805873793306,0.054626720339272544,-1.3064877688884735
max,8,152,0.013620204713215914,0.04041702867764228,-1.664188176393509
max,9,152,0.013796635273689864,0.02915678989634743,-1.823474109172821
max,0,153,0.01574625111719749,0.06424887257122075,-1.7086073160171509
max,1,153,0.013790998990625636,0.03700166414952931,-1.137643039226532
max,2,153,0.019246645266383478,0.04340342072237842,-1.4040459990501404
max,3,153,0.01728986622092922,0.0382386032699254,-1.4133288860321045
max,4,153,0.01779750071012197,0.04396934265970387,-1.148675560951233
max,5,153,0.017216882578763734,0.05634266360223157,-1.8843098171055317
max,6,153,0.010888572124670391,0.03559333700707065,-1.326385498046875
max,7,153,0.02522305426634229,0.05464389819715412,-1.2951794564723969
max,8,153,0.013666670793526722,0.040669025920580124,-1.6672460436820984
max,9,153,0.013811430405903206,0.02930378345201219,-1.825116105377674
max,0,154,0.015799464448644315,0.06451051636891598,-1.7195415794849396
max,1,154,0.01375397939400861,0.03706926258939054,-1.1325495839118958
max,2,154,0.01920027270570409,0.04350383042295118,-1.3977489471435547
max,3,154,0.01737466475393594,0.03826727241542016,-1.4195238053798676
max,4,154,0.01784712723356638,0.04409449508667654,-1.1447322964668274
max,5,154,0.017198531438078417,0.05628309780757154,-1.883644051849842
max,6,154,0.010885701419347804,0.03592214642167871,-1.3315680027008057
max,7,154,0.025201641469891123,0.05467762120317239,-1.2839989364147186
max,8,154,0.013712948917727619,0.040921610823669505,-1.6703787744045258
max,9,154,0.013827455983754962,0.029434087697896585,-1.8265213817358017
max,0,155,0.01584895807632905,0.06477323451100939,-1.7287915796041489
max,1,155,0.013710110463817482,0.03716799086911218,-1.1256576776504517
max,2,155,0.019156842156420932,0.04359436305697394,-1.3924463987350464
max,3,155,0.017679189168990028,0.038307960793535475,-1.461101084947586
max,4,155,0.01790727171475156,0.04418716293488628,-1.1413406133651733
max,5,155,0.017174579896433527,0.05621606040213262,-1.8828212916851044
max,6,155,0.010895492613702179,0.0362026281949272,-1.3416966199874878
max,7,155,0.02517853215762253,0.05470067708729551,-1.272903561592102
max,8,155,0.013758254926077379,0.04117168481991168,-1.6735655963420868
max,9,155,0.013843427320947038,0.029555844394391087,-1.8277552798390388
max,0,156,0.015892657098846616,0.0650302400659048,-1.736498475074768
max,1,156,0.013672623290669601,0.03726367079416035,-1.1205024719238281
max,2,156,0.019113818517603985,0.043676054325859054,-1.3873162865638733
max,3,156,0.01795387892921166,0.03837388517408154,-1.4951155185699463
max,4,156,0.017865861647863267,0.04403998622189911,-1.1399694681167603
max,5,156,0.017150066755487796,0.05617380344326606,-1.8820410780608654
max,6,156,0.010904844853471658,0.036528564248732104,-1.3519648909568787
max,7,156,0.02517208247821416,0.05467723238430407,-1.2591288685798645
max,8,156,0.013803859358227547,0.04140816100920525,-1.6767990291118622
max,9,156,0.013854834324698508,0.02967244859415208,-1.8287369906902313
max,0,157,0.01593175252857125,0.06527885485477625,-1.743041455745697
max,1,157,0.013641198998691019,0.037412821730843926,-1.1161907315254211
max,2,157,0.019069112345629628,0.04375232653074916,-1.3822631239891052
max,3,157,0.018207553784225554,0.038474319419039144,-1.5231850743293762
max,4,157,0.01790275070115506,0.04391061911604366,-1.1374590396881104
max,5,157,0.01712479987146239,0.05612587442154954,-1.8812308758497238
max,6,157,0.010875636805583122,0.036702285598899514,-1.3497632145881653
max,7,157,0.025073944577761284,0.05465911481190541,-1.2281140685081482
max,8,157,0.01385033665961101,0.04163414970374406,-1.680126667022705
max,9,157,0.013863556471386422,0.029791844841208365,-1.8295099064707756
max,0,158,0.015967826241616218,0.0655016081330596,-1.7485636323690414
max,1,158,0.013552842253526945,0.03754500976559225,-1.110381841659546
max,2,158,0.019027631705497712,0.04383528706402014,-1.3776764273643494
max,3,158,0.018435747723794818,0.03859293461405486,-1.5461923480033875
max,4,158,0.01784468443356913,0.043611475279400264,-1.137225091457367
max,5,158,0.01710463875162825,0.056105809664588335,-1.8804681822657585
max,6,158,0.010863507130956844,0.036856711543811316,-1.3560765385627747
max,7,158,0.024931817647416796,0.054619613878747475,-1.210771918296814
max,8,158,0.013897424976540326,0.04184524394114296,-1.683521255850792
max,9,158,0.013872789912762973,0.0299018291149325,-1.8301691934466362
max,0,159,0.015997883186082654,0.06572058983152713,-1.7531738430261612
max,1,159,0.013477317648747086,0.03768647950897869,-1.1074491143226624
max,2,159,0.018983935907190254,0.0439134194642497,-1.3729355335235596
max,3,159,0.018639536746813408,0.03871540450330792,-1.5651894807815552
max,4,159,0.01783654616123196,0.04337541900581007,-1.1486339569091797
max,5,159,0.017084971084533385,0.05608605753921597,-1.8797342702746391
max,6,159,0.010841765564387575,0.03707312338580915,-1.359441876411438
max,7,159,0.024796017301186163,0.05458793064067799,-1.193511962890625
max,8,159,0.013944248918604768,0.04203927430232729,-1.686954453587532
max,9,159,0.013879517224276348,0.029999632606401816,-1.8306241557002068
max,0,160,0.01602309516379649,0.06592968649548372,-1.7570436745882034
max,1,160,0.01341354986577848,0.03784454314282518,-1.1092568039894104
max,2,160,0.01897529818085584,0.04381774821042206,-1.3760833144187927
max,3,160,0.01882401249447259,0.03883926388858365,-1.5810261070728302
max,4,160,0.017859437038392073,0.043198176351456175,-1.1639217138290405
max,5,160,0.01706056193335602,0.056105553444244116,-1.8788353689014912
max,6,160,0.01082447688636632,0.037348468850412014,-1.3637123703956604
max,7,160,0.024694758864028582,0.054394689097962856,-1.1753807067871094
max,8,160,0.013991382835860572,0.04221764245805125,-1.6904217004776
max,9,160,0.013885410230519993,0.030094636372041503,-1.830977089703083
max,0,161,0.01604180917757589,0.06612836017878411,-1.7602726817131042
max,1,161,0.013360682295777984,0.038053015784206806,-1.1151557564735413
max,2,161,0.018964111108478766,0.04373879323149295,-1.3791841268539429
max,3,161,0.019050185262500435,0.03888277754510383,-1.603104680776596
max,4,161,0.0178834079261269,0.043085158372075105,-1.1771945357322693
max,5,161,0.017038205696491053,0.05611566709657213,-1.8779890947043896
max,6,161,0.010808964353227458,0.03761495979802151,-1.365409791469574
max,7,161,0.024607525790194415,0.054252600191540545,-1.1601283550262451
max,8,161,0.014131583708323625,0.04233516858985199,-1.70374895632267
max,9,161,0.013886273480689854,0.03019011916868078,-1.8311610668897629
max,0,162,0.01605788483858614,0.06631550478982377,-1.7630127519369125
max,1,162,0.013180952555544856,0.038566124143225855,-1.1314989924430847
max,2,162,0.018947786189999656,0.04367490269369072,-1.381246566772461
max,3,162,0.019255895114473467,0.03892819415919721,-1.6215641796588898
max,4,162,0.017943877156220547,0.04294134797811666,-1.197190761566162
max,5,162,0.01701607025123019,0.05612177496231023,-1.8771365024149418
max,6,162,0.010769279867921297,0.03787405588585796,-1.3569295406341553
max,7,162,0.024541556965699013,0.05396843001767046,-1.1442601680755615
max,8,162,0.014323361114315175,0.042302727075652705,-1.7225254476070404
max,9,162,0.01388749143666232,0.03028587062123682,-1.8313172608613968
max,0,163,0.016070751790462565,0.06649579162019364,-1.7653335928916931
max,1,163,0.013092626158306878,0.03882949902881799,-1.1415444612503052
max,2,163,0.01892776746470457,0.04362312428057759,-1.3824760913848877
max,3,163,0.019441751508900616,0.03897608720603718,-1.6371933370828629
max,4,163,0.018059661879193757,0.04295010770264521,-1.2186562418937683
max,5,163,0.016995674876513586,0.05612242959558218,-1.8763310685753822
max,6,163,0.010728431870748442,0.038123275144512386,-1.3470739722251892
max,7,163,0.024493062316486333,0.053609215328232304,-1.1290091276168823
max,8,163,0.014509027407972067,0.04227075772075911,-1.7400244623422623
max,9,163,0.013881807551864446,0.030381995836316733,-1.8311641439795494
max,0,164,0.01608384915078981,0.0666575602665361,-1.7673348039388657
max,1,164,0.01305290209149277,0.0394050387137168,-1.1539989113807678
max,2,164,0.018866944303607296,0.0435321162489912,-1.3772757649421692
max,3,164,0.01961014425412763,0.039022295276270616,-1.6503214985132217
max,4,164,0.01817863920391334,0.04306239989798746,-1.2382222414016724
max,5,164,0.016976506173213023,0.05615962359772253,-1.875554382801056
max,6,164,0.010685218222012856,0.038409274592318715,-1.336336076259613
max,7,164,0.02447259233842053,0.05319378552589811,-1.1158804297447205
max,8,164,0.014681843813025536,0.04226257278605085,-1.7551970928907394
max,9,164,0.013879469468956185,0.030472087609162035,-1.8309637233614922
max,0,165,0.01609464194156325,0.06680681680137061,-1.7690562456846237
max,1,165,0.01299462913615243,0.04018198503397159,-1.1853830814361572
max,2,165,0.018808272848328977,0.043453999481994396,-1.3710107207298279
max,3,165,0.019689419508730502,0.039074171621442444,-1.6538736075162888
max,4,165,0.018385746146461823,0.04328729476549531,-1.2645638585090637
max,5,165,0.01696020581048517,0.056182277876646786,-1.8747818730771542
max,6,165,0.01064013458917274,0.038679863331185255,-1.324716866016388
max,7,165,0.024448917843782336,0.052844843258077284,-1.1057955026626587
max,8,165,0.014842850801502758,0.042275293284508825,-1.7683885991573334
max,9,165,0.013867170102942625,0.030557610669498997,-1.8304610699415207
max,0,166,0.016103082991285808,0.06694300980325711,-1.7704768478870392
max,1,166,0.013008965426937642,0.040662214227084506,-1.199022889137268
max,2,166,0.018752833691345006,0.04340542277343015,-1.36428701877594
max,3,166,0.019763636643403207,0.039126177322969,-1.6569241881370544
max,4,166,0.018570029710121116,0.04355295859864747,-1.2879343628883362
max,5,166,0.01694099397131065,0.05618926813476406,-1.873928926885128
max,6,166,0.010598195454437957,0.03894754551186683,-1.3121855854988098
max,7,166,0.02441064880129963,0.05268512191421662,-1.0912079811096191
max,8,166,0.01499817139508089,0.042313252324399156,-1.7799742072820663
max,9,166,0.013857651555674803,0.030626569929453812,-1.8299583420157433
max,0,167,0.01610818313813603,0.06706521062380186,-1.7715901285409927
max,1,167,0.012946214198582225,0.04107516153894386,-1.2005950808525085
max,2,167,0.01869396571807532,0.04338005775554056,-1.357176959514618
max,3,167,0.019832439338799947,0.03920034129970548,-1.659205213189125
max,4,167,0.018729802686796908,0.04384913527919518,-1.3162205219268799
max,5,167,0.016921236628689114,0.05618340758657554,-1.8731350153684616
max,6,167,0.01055672579519961,0.039239364490334855,-1.2994489669799805
max,7,167,0.024377725555887214,0.0526100204842347,-1.0810927152633667
max,8,167,0.015140997404993903,0.04236362022350987,-1.7901158779859543
max,9,167,0.013840472028113823,0.030699454874806575,-1.8294421657919884
max,0,168,0.016111353358316677,0.06717535139202323,-1.7724812179803848
max,1,168,0.01285898640155718,0.04143733335715806,-1.1727503538131714
max,2,168,0.018669966315734074,0.04321965918148647,-1.358395755290985
max,3,168,0.01989692365079082,0.03927709748802785,-1.6612040996551514
max,4,168,0.01887507239265583,0.04417503331236705,-1.3414212465286255
max,5,168,0.016902144832230077,0.05617034934050115,-1.8723720833659172
max,6,168,0.010516251380328787,0.03955536147883651,-1.2866379022598267
max,7,168,0.02431889371104523,0.05264520118854432,-1.0693541169166565
max,8,168,0.01527751792310969,0.042420731893906605,-1.7990678697824478
max,9,168,0.013816577580459295,0.030769078318300946,-1.8287584334611893
max,0,169,0.01611328061687134,0.06726288361508993,-1.773232415318489
max,1,169,0.012742467273556254,0.041950242325207665,-1.1557118892669678
max,2,169,0.018674559398722715,0.042932377961039034,-1.3669883012771606
max,3,169,0.019957253416635894,0.0393578748126292,-1.6629677563905716
max,4,169,0.01908882380543262,0.04440244523383677,-1.3551167845726013
max,5,169,0.0168789584836445,0.05614305608827683,-1.871429618448019
max,6,169,0.010470144644081442,0.03988335637586721,-1.27368825674057
max,7,169,0.024268166697096652,0.05282547458966225,-1.0607312321662903
max,8,169,0.01540160708825071,0.042496819249935924,-1.8068413883447647
max,9,169,0.01381219119959904,0.03082188028996266,-1.8283972889184952
max,0,170,0.016113518419936676,0.06734161227156822,-1.773839607834816
max,1,170,0.012670923260224627,0.0427830780960463,-1.1446701884269714
max,2,170,0.01867296440573349,0.04269770861840419,-1.3735317587852478
max,3,170,0.01994032507625737,0.03943028452598214,-1.657092645764351
max,4,170,0.01928429947218467,0.04465575329691354,-1.367061734199524
max,5,170,0.016859568408289782,0.05610861259152798,-1.870437204837799
max,6,170,0.010441280957958043,0.04005405328858516,-1.2666634321212769
max,7,170,0.02423364054920088,0.05307622963962251,-1.0573488473892212
max,8,170,0.015429436265628801,0.04230602663547636,-1.8064186125993729
max,9,170,0.013809681304144339,0.03086859907988755,-1.8280176743865013
max,0,171,0.01611346759123572,0.0674059552156954,-1.7743342965841293
max,1,171,0.012649074148718208,0.043889703282430095,-1.1338686347007751
max,2,171,0.01866504419963444,0.04260711366878607,-1.3780315518379211
max,3,171,0.019921238580687978,0.039532601652460225,-1.6512320339679718
max,4,171,0.019457809128354542,0.04492870439738539,-1.3773398995399475
max,5,171,0.016840002985445246,0.05606440407731392,-1.8693781830370426
max,6,171,0.010412538865602089,0.040242825507287416,-1.2604225277900696
max,7,171,0.02442176661428065,0.05322007019653914,-1.0568275451660156
max,8,171,0.015455069404717942,0.042156206671114374,-1.806047834455967
max,9,171,0.013808293319208062,0.03090572670958991,-1.8276148065924644
max,0,172,0.016112833685640537,0.06744846490554106,-1.7747502774000168
max,1,172,0.012630324569804861,0.044637256303001374,-1.1178008317947388
max,2,172,0.018659257242622927,0.04254790460141104,-1.3813718259334564
max,3,172,0.019902075624510476,0.03964775036944873,-1.6454446017742157
max,4,172,0.019591553656138204,0.04517926304032113,-1.3830792903900146
max,5,172,0.016823922364101816,0.05600691858033423,-1.868366114795208
max,6,172,0.010404130161585902,0.040351486724927554,-1.2623406648635864
max,7,172,0.024583911654830246,0.05342955539606814,-1.0560809969902039
max,8,172,0.01548038331933281,0.04203751319344738,-1.805787853896618
max,9,172,0.013805292236854491,0.03094259711225167,-1.827157348394394
max,0,173,0.01611277654578072,0.06747356240218921,-1.7750714719295502
max,1,173,0.01261830023703795,0.04514527055986457,-1.1139731407165527
max,2,173,0.018648060577131975,0.04250985840420961,-1.3833616971969604
max,3,173,0.019827531691774994,0.03977576551667013,-1.6335526704788208
max,4,173,0.01972367648599832,0.045457053828136,-1.3891852498054504
max,5,173,0.016807065867130766,0.05593734623876774,-1.8673886433243752
max,6,173,0.010424495134050436,0.040385402895377065,-1.2748094201087952
max,7,173,0.024745259695647656,0.053695799825557125,-1.0550901889801025
max,8,173,0.015504695938538815,0.0419581855873911,-1.8056261613965034
max,9,173,0.013797231218533997,0.030979770484485275,-1.8264100253582
max,0,174,0.016108030375999394,0.06748067597677371,-1.7751582264900208
max,1,174,0.012635664403857147,0.045653629620319824,-1.0964698195457458
max,2,174,0.018639565981594865,0.04249222247226461,-1.3844073116779327
max,3,174,0.019760456833725536,0.03991432914670441,-1.6222168058156967
max,4,174,0.019968836063507578,0.045744372489356144,-1.3889914155006409
max,5,174,0.016785690213012815,0.05590230540624737,-1.8662729002535343
max,6,174,0.010522024899997089,0.04046825830839951,-1.3060634136199951
max,7,174,0.02509405732101519,0.05379105892784283,-1.0566664934158325
max,8,174,0.015532078866226331,0.041912963386132304,-1.805694654583931
max,9,174,0.01378859558844072,0.03102347917544901,-1.825456753373146
max,0,175,0.016101152950451378,0.06747704499199293,-1.7750499844551086
max,1,175,0.012611549574642195,0.046267644621944284,-1.0876452326774597
max,2,175,0.018634963430455606,0.0424877644489247,-1.384749323129654
max,3,175,0.0196944656065623,0.04006723068383597,-1.6109798848628998
max,4,175,0.020190309701574476,0.04605890405801433,-1.3888740539550781
max,5,175,0.01676033342325542,0.0558580233898429,-1.8649468533694744
max,6,175,0.010614224652788475,0.04044227638061976,-1.339272141456604
max,7,175,0.0252413264559474,0.05391238214666158,-1.0552483201026917
max,8,175,0.015558886384297463,0.04189998970538496,-1.8058651611208916
max,9,175,0.013784605165773081,0.031069317674597835,-1.824553333222866
max,0,176,0.01609402717916962,0.06746800847530357,-1.7748999297618866
max,1,176,0.012650317707318233,0.04656448868235952,-1.0809546113014221
max,2,176,0.018627542333217353,0.04248565999983224,-1.384886085987091
max,3,176,0.019710900135720508,0.040180142087470075,-1.6105235517024994
max,4,176,0.020388682511558724,0.04639183592586846,-1.3884585499763489
max,5,176,0.016737491367762397,0.055861622080358525,-1.8637097962200642
max,6,176,0.010725202147108724,0.04037076768694822,-1.3800296783447266
max,7,176,0.02535516920527467,0.054115739929584045,-1.0518388748168945
max,8,176,0.015581484069497498,0.0419131556195729,-1.8060816004872322
max,9,176,0.013773447221758335,0.031111683479935703,-1.8237949088215828
max,0,177,0.01608541085776194,0.06744924838910932,-1.7747029215097427
max,1,177,0.01274246736305363,0.04720811024678974,-1.0784128904342651
max,2,177,0.01865395043421446,0.04236308394679256,-1.3928600251674652
max,3,177,0.019723593813398374,0.04030896868912097,-1.609440952539444
max,4,177,0.020572235364788076,0.04674214165395715,-1.3888683915138245
max,5,177,0.01671509004147915,0.055851874509853516,-1.8624359965324402
max,6,177,0.010794723553017596,0.040305164880765826,-1.4053974151611328
max,7,177,0.025708052499546066,0.05426224892586656,-1.0534653663635254
max,8,177,0.01560385198435893,0.041952598738119504,-1.806384526193142
max,9,177,0.013764835745206205,0.031142853994130498,-1.8230438232421875
max,0,178,0.01607659484774457,0.06742107727843297,-1.7743598520755768
max,1,178,0.012828218794694937,0.04796081235787236,-1.0791580080986023
max,2,178,0.018671933469831134,0.042264924245585964,-1.3996618390083313
max,3,178,0.01972904059682517,0.04045862098583668,-1.6076951771974564
max,4,178,0.02073916314738722,0.0471051518695548,-1.3888628482818604
max,5,178,0.016688880758711867,0.05582639324691896,-1.8610145822167397
max,6,178,0.010857885188149924,0.040214100462772906,-1.4272513687610626
max,7,178,0.026049844471377384,0.054204141324066854,-1.0578653812408447
max,8,178,0.015625510623262562,0.04200857464069266,-1.8067795783281326
max,9,178,0.013749688952037958,0.03117991487283954,-1.8221824914216995
max,0,179,0.016068295389720946,0.06744735140554653,-1.773999199271202
max,1,179,0.012906218330848714,0.04880234449979322,-1.0807939171791077
max,2,179,0.018684917241043715,0.04219013757071424,-1.4052962362766266
max,3,179,0.019676167846235597,0.04060852321574529,-1.5995462238788605
max,4,179,0.02098298189383816,0.04752075556014809,-1.3936421275138855
max,5,179,0.01713845900337517,0.054876860880440054,-1.8713892810046673
max,6,179,0.010913990489620565,0.04020579887455536,-1.447695791721344
max,7,179,0.02636237457517604,0.05421488283864642,-1.0610400438308716
max,8,179,0.015646221356488313,0.04208164592373728,-1.8072375133633614
max,9,179,0.013726743524431678,0.031224130570997294,-1.8211263418197632
max,0,180,0.016054391667584156,0.0675144570336462,-1.7734410762786865
max,1,180,0.01299835196784347,0.04925873239954985,-1.0877148509025574
max,2,180,0.018691572558767057,0.04206006271600518,-1.4084489941596985
max,3,180,0.019619952416354135,0.040769043206350955,-1.5910073518753052
max,4,180,0.021205362713631618,0.04793980648353344,-1.398763656616211
max,5,180,0.01755183069077909,0.054022621618086936,-1.8787937313318253
max,6,180,0.010955268276768668,0.04027288416201916,-1.464084655046463
max,7,180,0.02663961834483783,0.054295943945309344,-1.06100332736969
max,8,180,0.015668743175327585,0.04217110622102485,-1.8077715560793877
max,9,180,0.01370212361717578,0.03127600634799993,-1.8200185671448708
max,0,181,0.016041747563373926,0.06756228481257741,-1.7728924453258514
max,1,181,0.013110761217021899,0.04935879373443658,-1.1007788181304932
max,2,181,0.01870063380277557,0.04194943302154808,-1.41111621260643
max,3,181,0.01956591281955341,0.040942857169547694,-1.5823780000209808
max,4,181,0.021391657425254923,0.04822817861347953,-1.3986411094665527
max,5,181,0.01792835708804289,0.05322179518751334,-1.8839247394353151
max,6,181,0.010992691064102361,0.04030859756046268,-1.4779744744300842
max,7,181,0.02690413562752833,0.05421423823912569,-1.0602052211761475
max,8,181,0.01568887697878983,0.042270239205700624,-1.8083586245775223
max,9,181,0.01367546139651285,0.03133022645819668,-1.8188276514410973
max,0,182,0.016030465558046256,0.06759211272772211,-1.7723335325717926
max,1,182,0.013281520966230406,0.04948328156353274,-1.121248185634613
max,2,182,0.01870594881137594,0.04178650216223198,-1.4118874967098236
max,3,182,0.01951295090846651,0.041122567223902395,-1.5737871825695038
max,4,182,0.02156196412494172,0.04851507908406383,-1.3989930152893066
max,5,182,0.01826864650432626,0.05246165675755882,-1.8873982727527618
max,6,182,0.011051806364417674,0.04032789918305321,-1.4980230927467346
max,7,182,0.02716760358206287,0.053988935686089104,-1.0601248741149902
max,8,182,0.015706222787439175,0.04236671479620564,-1.8089442551136017
max,9,182,0.013653059793482754,0.03137671485958407,-1.8176702335476875
max,0,183,0.016023901511078464,0.0676058321579678,-1.7719955146312714
max,1,183,0.013429612322313052,0.04962301485873964,-1.1390455961227417
max,2,183,0.01870035764013312,0.041660772301472276,-1.4113543331623077
max,3,183,0.019458609445633664,0.041311959003399,-1.564919650554657
max,4,183,0.02171788889572706,0.04879664221356855,-1.3990890979766846
max,5,183,0.01857853788853192,0.051717184447911124,-1.8898130282759666
max,6,183,0.011101188935675257,0.040426241925928946,-1.5144132375717163
max,7,183,0.02743839484832533,0.05383516673671769,-1.0590742826461792
max,8,183,0.015723141883939987,0.04246223231051252,-1.8095846474170685
max,9,183,0.013629480655044178,0.03142374735916434,-1.8163945898413658
max,0,184,0.016013086594776155,0.06760464751246999,-1.7715190649032593
max,1,184,0.013591887680745054,0.04972035602072446,-1.1643269658088684
max,2,184,0.018683952143307488,0.04156930454475635,-1.4095712304115295
max,3,184,0.01940241387755183,0.04153123724958328,-1.555957168340683
max,4,184,0.021865671880036693,0.049094216938777996,-1.4043598771095276
max,5,184,0.01885930216484051,0.05098938961695387,-1.8913637418299913
max,6,184,0.011147219567826827,0.04059288549700213,-1.5279480516910553
max,7,184,0.02767590230113144,0.05377508990380307,-1.0580009818077087
max,8,184,0.015739378772104837,0.04255648268629854,-1.810232788324356
max,9,184,0.013612568089437574,0.03145893257513764,-1.8152318894863129
max,0,185,0.01599867994255863,0.06762989343342893,-1.7708732038736343
max,1,185,0.01373306611884842,0.04982091282028117,-1.185555100440979
max,2,185,0.018671375971867604,0.041527111209247736,-1.4073062539100647
max,3,185,0.019412038181615285,0.041678083620760004,-1.5571078062057495
max,4,185,0.02200207375903527,0.04939427130987986,-1.409752368927002
max,5,185,0.01911115492826427,0.050268785086245146,-1.8921832721680403
max,6,185,0.01118255118463854,0.0408196017800776,-1.5387315452098846
max,7,185,0.027837925546462222,0.0536966209927123,-1.0563120245933533
max,8,185,0.01575589158066991,0.042651164251385223,-1.8109223023056984
max,9,185,0.01359820073541805,0.03149304326286467,-1.8141138330101967
max,0,186,0.015986825950321873,0.06767769123233332,-1.7704697847366333
max,1,186,0.013852812845023689,0.049917058773719145,-1.2019421458244324
max,2,186,0.018656245846101538,0.04151130749618043,-1.4051068127155304
max,3,186,0.019414572682752047,0.041833052843462976,-1.5571980476379395
max,4,186,0.022127072852061003,0.049688628157365244,-1.4144477546215057
max,5,186,0.019343468715303895,0.04956435514053971,-1.8926749229431152
max,6,186,0.011210784048276662,0.04109529940184847,-1.5473833084106445
max,7,186,0.027956438985160176,0.05372445069486875,-1.0508633255958557
max,8,186,0.015775712766498903,0.04274278943928454,-1.8117340505123138
max,9,186,0.01357313042395894,0.031524829316244674,-1.8128281235694885
max,0,187,0.01597608967991701,0.06770702547892754,-1.7700781971216202
max,1,187,0.013956274268870736,0.050099002633505,-1.2154986262321472
max,2,187,0.018632060746674305,0.04153238404886321,-1.4014473259449005
max,3,187,0.01941104143390461,0.041994606353125644,-1.5563860833644867
max,4,187,0.022238125790285848,0.04997078305211547,-1.4185328781604767
max,5,187,0.019550308052880654,0.048881179753018866,-1.892711477354169
max,6,187,0.011193118574217856,0.04121700469600395,-1.5425490140914917
max,7,187,0.028052261345997656,0.0538485288696571,-1.045491099357605
max,8,187,0.01579542188372131,0.042820169941099245,-1.8125992864370346
max,9,187,0.013542439873181718,0.0315538400906364,-1.8112218007445335
max,0,188,0.015963081782190552,0.06771955057562762,-1.7695840746164322
max,1,188,0.014100506199402368,0.050070845952606316,-1.2335284352302551
max,2,188,0.018597417575325202,0.041520023045971716,-1.3963730931282043
max,3,188,0.019404752553307474,0.04215753607400849,-1.5550445318222046
max,4,188,0.02233497286475613,0.05025701002243696,-1.421997219324112
max,5,188,0.019733899603008753,0.04821978354328639,-1.8923578653484583
max,6,188,0.011173968266819712,0.04142039232353381,-1.5373036563396454
max,7,188,0.028151858863420254,0.05392058478642091,-1.0406044125556946
max,8,188,0.01581935046322469,0.04288972847905351,-1.813561089336872
max,9,188,0.013510573708322933,0.03157937725612811,-1.809484876692295
max,0,189,0.01594482637706446,0.06771161214845473,-1.7689655423164368
max,1,189,0.014343521903367108,0.05004711096718577,-1.2598474621772766
max,2,189,0.01856055301810347,0.04153849852796908,-1.390555053949356
max,3,189,0.019391302285997628,0.04231695236401442,-1.5531494915485382
max,4,189,0.022392258899190443,0.05054078778627272,-1.4177571535110474
max,5,189,0.019899598171512982,0.04758427063559349,-1.8918585125356913
max,6,189,0.011187068445095039,0.041560022673277436,-1.5394787788391113
max,7,189,0.028251472036657163,0.05394640429491407,-1.0355914235115051
max,8,189,0.015841890342727177,0.04294991089761127,-1.8144791200757027
max,9,189,0.013483168430023493,0.031601330589701396,-1.807657040655613
max,0,190,0.015925938852755325,0.06769321237850745,-1.7682754397392273
max,1,190,0.014603168644106344,0.05009655350570401,-1.28705894947052
max,2,190,0.018522606576493864,0.041531374795886755,-1.3841135799884796
max,3,190,0.019380868716026144,0.04247727233278316,-1.5511832535266876
max,4,190,0.022458461794636564,0.05023508887462022,-1.4156004786491394
max,5,190,0.020049440206125216,0.046984506836808645,-1.891206555068493
max,6,190,0.011197535886134702,0.04173466680288379,-1.5410053431987762
max,7,190,0.02835921302118123,0.05397245737417608,-1.031701683998108
max,8,190,0.015863385472777852,0.042998572508868835,-1.8153694942593575
max,9,190,0.01345016688062807,0.031615574083507125,-1.8055382370948792
max,0,191,0.01590840158669586,0.06766648447333878,-1.767510250210762
max,1,191,0.014834926336675554,0.05019737152068601,-1.3109285831451416
max,2,191,0.018476099746490615,0.041568903718850886,-1.3764567077159882
max,3,191,0.019368704462200424,0.042633868846549766,-1.5488282144069672
max,4,191,0.022517270722546945,0.0499840506116134,-1.4134595096111298
max,5,191,0.020187948908357588,0.046428208502419105,-1.8905047569423914
max,6,191,0.011201532417229307,0.0419355248027789,-1.5417190194129944
max,7,191,0.028484480114337324,0.054149990335337586,-1.0347013473510742
max,8,191,0.015884175949577403,0.04303727073998172,-1.8162482753396034
max,9,191,0.013421180866858652,0.03162344368327934,-1.8035826683044434
max,0,192,0.01589260498876016,0.06763617390408863,-1.766775131225586
max,1,192,0.015032801940673648,0.050292770513375995,-1.3284077644348145
max,2,192,0.018426160846615636,0.041586637580908664,-1.3681074380874634
max,3,192,0.01935896743959776,0.04278352310118905,-1.5465241372585297
max,4,192,0.022568670514616272,0.04978137744542102,-1.4114054143428802
max,5,192,0.02031450988387694,0.04592497322836757,-1.8897510701790452
max,6,192,0.011189168101040217,0.042076841864974734,-1.5391606390476227
max,7,192,0.02860860166923461,0.05446033768935768,-1.0509679317474365
max,8,192,0.01590310005726625,0.04306440185692437,-1.8170806169509888
max,9,192,0.013396762251217255,0.03161805815661774,-1.8016638830304146
max,0,193,0.015878844259676214,0.06759045946317602,-1.7660580724477768
max,1,193,0.015212648788099463,0.050419123787158404,-1.3440316319465637
max,2,193,0.01837102076857594,0.041649152745157125,-1.3585896492004395
max,3,193,0.019410687410545233,0.04281822076446881,-1.5530197322368622
max,4,193,0.022607119209618116,0.04947788653491664,-1.4052850902080536
max,5,193,0.020425769853022524,0.045479399736767845,-1.8887817338109016
max,6,193,0.011137963424898895,0.042160757997386805,-1.5245468318462372
max,7,193,0.028778697048555235,0.054873447573371203,-1.088973343372345
max,8,193,0.015921944136290042,0.04308416466731191,-1.8179228454828262
max,9,193,0.013366753712733374,0.03161210568108469,-1.799392156302929
max,0,194,0.015866335059127323,0.0675373636297279,-1.7653713822364807
max,1,194,0.015415679754049713,0.05040352228096304,-1.3671565651893616
max,2,194,0.018317807842338718,0.04174568617250113,-1.3487455546855927
max,3,194,0.01945680538718904,0.042861827731191626,-1.561638355255127
max,4,194,0.022637259826813243,0.04924794681104555,-1.3993644714355469
max,5,194,0.020525488441906665,0.04509647928930291,-1.887680830899626
max,6,194,0.011062477359238682,0.04208917593104683,-1.4991514086723328
max,7,194,0.028941191624318643,0.05534851958365669,-1.1247709691524506
max,8,194,0.01586636946376732,0.04294699338324659,-1.812554031610489
max,9,194,0.013342212569939206,0.031594144712298586,-1.797240011394024
max,0,195,0.01585094030031038,0.0674784535253776,-1.7646684497594833
max,1,195,0.01560898769983187,0.05041719373517216,-1.3899577856063843
max,2,195,0.01825977925797105,0.04187306692705127,-1.3380125761032104
max,3,195,0.019496907921021232,0.042919135974916145,-1.5687430500984192
max,4,195,0.022662474686255797,0.0490798097286248,-1.3935213088989258
max,5,195,0.02061156982391691,0.044826653550980616,-1.8866724255494773
max,6,195,0.011000624707505208,0.04206443429649326,-1.4762884080410004
max,7,195,0.029100900215935394,0.05595208105928988,-1.1511684358119965
max,8,195,0.01581706996971184,0.0428302352056512,-1.8076290637254715
max,9,195,0.013319146133901831,0.0315777346507541,-1.795145146548748
max,0,196,0.015836602235687697,0.06741466933926277,-1.7639748454093933
max,1,196,0.015770810715576344,0.050416508666640644,-1.4061062633991241
max,2,196,0.018197835747409907,0.04198643487771578,-1.3268824219703674
max,3,196,0.019527071247043996,0.04298700489288439,-1.5739944130182266
max,4,196,0.022679473883092688,0.048983144597364,-1.3877054452896118
max,5,196,0.020683115598968155,0.04465752403542203,-1.8853016276843846
max,6,196,0.010945410838447411,0.0420888922532055,-1.4546425342559814
max,7,196,0.02932062099137235,0.05657113522576214,-1.192437618970871
max,8,196,0.01577509506944029,0.042732722181884855,-1.80316661298275
max,9,196,0.013297510652211644,0.03156715206406137,-1.7932060286402702
max,0,197,0.01581980384819391,0.06734732218568021,-1.7631243765354156
max,1,197,0.01596411686090822,0.050299923524461304,-1.4298260807991028
max,2,197,0.018130915676394938,0.042123732664410704,-1.3152123093605042
max,3,197,0.019550184577195137,0.04306972075547501,-1.5779602825641632
max,4,197,0.022692871934007167,0.04898683175277463,-1.380769968032837
max,5,197,0.0207438541072769,0.044582694429454714,-1.8837883491069078
max,6,197,0.01089483369192569,0.04215495731194774,-1.4340314865112305
max,7,197,0.0295504939353064,0.05721342279159669,-1.228937953710556
max,8,197,0.015738474801468685,0.042656496749604325,-1.7991010248661041
max,9,197,0.013268525846403048,0.03155928865537044,-1.7908142283558846
max,0,198,0.015798813610352708,0.06733658393563142,-1.7620856314897537
max,1,198,0.016152321090948704,0.05024646561476534,-1.4539249241352081
max,2,198,0.018060779948025282,0.04228717769408448,-1.3031283617019653
max,3,198,0.019568977335214573,0.043164979881855664,-1.581196054816246
max,4,198,0.02271423754951795,0.049054361742943836,-1.3802120089530945
max,5,198,0.02079659288279074,0.04459374590217481,-1.8821664792485535
max,6,198,0.010846266269127311,0.04220555183348043,-1.414606899023056
max,7,198,0.029771869634237377,0.05785723427612284,-1.25751331448555
max,8,198,0.01564665279853225,0.04250662369506247,-1.7890479117631912
max,9,198,0.013242484169025542,0.031552124778015514,-1.7885873392224312
max,0,199,0.01577947613765833,0.06732128434255272,-1.7609658688306808
max,1,199,0.016381923491778902,0.05009618132398426,-1.4853100180625916
max,2,199,0.01798550427220294,0.042468426450922137,-1.2903830409049988
max,3,199,0.019578425206348206,0.04326676122542114,-1.5831368416547775
max,4,199,0.022720698684131874,0.049175881485203965,-1.3788803219795227
max,5,199,0.02083575642775195,0.044686620076507116,-1.8801755225285888
max,6,199,0.010753662209081208,0.04216015372106613,-1.3860897421836853
max,7,199,0.0299848264296248,0.05849548949238778,-1.279888927936554
max,8,199,0.015566524354792763,0.042404143735788394,-1.779709354043007
max,9,199,0.01322211671394645,0.031543531076966544,-1.7866893038153648
max,0,200,0.015762096958040053,0.0673036638590447,-1.7599247843027115
max,1,200,0.016588227903192733,0.050027088889811916,-1.5130019187927246
max,2,200,0.0179106441625919,0.04266463252468916,-1.2782914638519287
max,3,200,0.0195881331610262,0.04337726090732896,-1.584874615073204
max,4,200,0.022715357297974567,0.04922360458965924,-1.3750452399253845
max,5,200,0.020870941930834358,0.04486141842094095,-1.8782868478447199
max,6,200,0.010666115007775492,0.04210578927068023,-1.3713546395301819
max,7,200,0.03018907781451899,0.05913285401781607,-1.2971737086772919
max,8,200,0.015497303055715173,0.04234344450958545,-1.7711186408996582
max,9,200,0.013203038427200386,0.03153371620525172,-1.7848342135548592
max,0,201,0.015740098320562473,0.06727966496822603,-1.7587078213691711
max,1,201,0.01677288161279613,0.05003996755379864,-1.5367541313171387
max,2,201,0.017830250136460113,0.042868154594879346,-1.2658613920211792
max,3,201,0.01946961129614483,0.04349972339753523,-1.5718446224927902
max,4,201,0.022722605715492068,0.049326661390898086,-1.3777207136154175
max,5,201,0.020906009718039527,0.04506299355130214,-1.8765867673791945
max,6,201,0.010587221563672491,0.042113698274382605,-1.3571274280548096
max,7,201,0.030382255135809152,0.05975783445724764,-1.3105628788471222
max,8,201,0.015435074466038923,0.04231318199338964,-1.7631824612617493
max,9,201,0.01318318965371712,0.03152308612894572,-1.7830649241805077
max,0,202,0.015717600154645475,0.06725582474382077,-1.7574212402105331
max,1,202,0.016938244329263386,0.05013385039442146,-1.5570562183856964
max,2,202,0.01775014134607457,0.04307020207486259,-1.2539643049240112
max,3,202,0.019347159143915577,0.04365170580289178,-1.5579830408096313
max,4,202,0.022719207863170034,0.04948670606620348,-1.379257619380951
max,5,202,0.0209322186145299,0.04528455209548621,-1.8747429337818176
max,6,202,0.010513893178395572,0.04217696972178525,-1.3431909084320068
max,7,202,0.03056044520213258,0.06034716361967245,-1.3206107020378113
max,8,202,0.015381328294543958,0.04230465239569112,-1.75595323741436
max,9,202,0.013157171885060256,0.03151763399376438,-1.7814055010676384
max,0,203,0.01569340345305001,0.06722656521969589,-1.7560607641935349
max,1,203,0.01708996536962755,0.05029623087395556,-1.5746236443519592
max,2,203,0.01766781838388709,0.043261560597819645,-1.2422245144844055
max,3,203,0.019231238669411378,0.04381071579494743,-1.5440122038125992
max,4,203,0.02270405549160432,0.04968525611351496,-1.3795346021652222
max,5,203,0.02095413868603395,0.04551102618903721,-1.8728529792279005
max,6,203,0.010470339174953242,0.042204132461685084,-1.3369408249855042
max,7,203,0.03073403798484209,0.06089153008231156,-1.3290505558252335
max,8,203,0.015333131107287373,0.04232903967265124,-1.7493219524621964
max,9,203,0.013129746953910212,0.03151092859913063,-1.779597245156765
max,0,204,0.01567213016830546,0.06716639740483357,-1.7545848190784454
max,1,204,0.01718611851553116,0.05043143894037169,-1.585308313369751
max,2,204,0.017569746797061664,0.043392380653282006,-1.227989137172699
max,3,204,0.019121938595612814,0.04396382698331629,-1.5300305485725403
max,4,204,0.022689308863416108,0.04993228126505994,-1.3740276098251343
max,5,204,0.020974192433140713,0.04573502539537279,-1.8712144894525409
max,6,204,0.010424806749405852,0.04222049470456732,-1.329253077507019
max,7,204,0.030896499545202488,0.06138963214530807,-1.3354955464601517
max,8,204,0.015291290873373914,0.04238360961645993,-1.7433331608772278
max,9,204,0.013104002544794865,0.031503304193868195,-1.777725301682949
max,0,205,0.015648529812805012,0.0671044606191941,-1.7531113922595978
max,1,205,0.017270959140018916,0.0506373816908946,-1.5947571992874146
max,2,205,0.01747184932148446,0.04352084201968508,-1.214442491531372
max,3,205,0.019022224633735665,0.044120485079426744,-1.5164677202701569
max,4,205,0.022669868545467313,0.050209328773794526,-1.3684534430503845
max,5,205,0.02099236457063238,0.04595469322759435,-1.8697126640472561
max,6,205,0.010378972504883857,0.042210271072228495,-1.321144461631775
max,7,205,0.031039040088565104,0.06185498945625263,-1.3395984768867493
max,8,205,0.015253593940351931,0.042462061524675465,-1.7379062324762344
max,9,205,0.013074506546197864,0.031499463291918245,-1.7755766808986664
max,0,206,0.015622761338008051,0.06708305769738855,-1.7515150308609009
max,1,206,0.017348410466310367,0.05088983292717429,-1.603206068277359
max,2,206,0.017407338191442454,0.0435095070417459,-1.208442509174347
max,3,206,0.018930926387299624,0.04427856351489837,-1.5033129751682281
max,4,206,0.022641696775350273,0.050515474701763236,-1.3627565503120422
max,5,206,0.021007948593914957,0.04621146057388861,-1.868269715923816
max,6,206,0.01033662688375886,0.04226419453875216,-1.3123990893363953
max,7,206,0.03116342497496316,0.062274642291038546,-1.3412903249263763
max,8,206,0.015224716574066183,0.04255748011953785,-1.733144372701645
max,9,206,0.013043028195537362,0.03149239615346322,-1.773305095732212
max,0,207,0.015597958160853173,0.06705875865086776,-1.749920904636383
max,1,207,0.01741710209373218,0.05118385025514627,-1.6103915870189667
max,2,207,0.017349592375319273,0.04347623022884234,-1.202226161956787
max,3,207,0.018847373057499076,0.04442948404315203,-1.4906538128852844
max,4,207,0.022618779694317352,0.05084833618235618,-1.3518993258476257
max,5,207,0.02101444835568638,0.04649415765203836,-1.8664262951351702
max,6,207,0.010298099924924739,0.042370781908196126,-1.3031610250473022
max,7,207,0.03127249713344471,0.06264797436787867,-1.341111645102501
max,8,207,0.01525244133459723,0.042232362574894905,-1.731260672211647
max,9,207,0.01301413640291349,0.031483604129293505,-1.7711097970604897
max,0,208,0.015573850106687867,0.06703009390728927,-1.7485786378383636
max,1,208,0.017455517121897454,0.051416720703226504,-1.612017810344696
max,2,208,0.017277351577773034,0.043405956197065595,-1.1932793855667114
max,3,208,0.01878092367811527,0.04461276904809307,-1.480726569890976
max,4,208,0.022589945201626056,0.051187725178067134,-1.3418662548065186
max,5,208,0.02101941291041362,0.046748752763466794,-1.8648135492112488
max,6,208,0.0102568230722479,0.04235716907131051,-1.2883649468421936
max,7,208,0.03137353346867944,0.06297138946614532,-1.3404501080513
max,8,208,0.015276015301350379,0.04196765746999434,-1.7296024709939957
max,9,208,0.012987963369884031,0.03147560175982088,-1.7689982801675797
max,0,209,0.01555034806356305,0.06699702227836264,-1.7472934275865555
max,1,209,0.017489475096505662,0.051669775401101486,-1.6133746951818466
max,2,209,0.017205661105193004,0.04334474811305959,-1.1844382882118225
max,3,209,0.018723337392951123,0.04479213076436338,-1.4710908830165863
max,4,209,0.02254917034554338,0.05152739449324045,-1.332358181476593
max,5,209,0.021025966204972782,0.046973216400538156,-1.8632759989704937
max,6,209,0.01023859642481656,0.04230042199335285,-1.2823436856269836
max,7,209,0.03146888560415431,0.06324730942183901,-1.3398174196481705
max,8,209,0.015240587970145228,0.041746355058512846,-1.7220547497272491
max,9,209,0.012965007336136397,0.03146320253287946,-1.7670205011963844
max,0,210,0.01552901216712213,0.06698565815372853,-1.7459426373243332
max,1,210,0.017538329164589896,0.05193901731614907,-1.617056965827942
max,2,210,0.017134142089745202,0.043302769200195254,-1.1757212281227112
max,3,210,0.01859235534619664,0.044965234504333346,-1.4445638060569763
max,4,210,0.022499368064217276,0.051861490174412994,-1.3238019347190857
max,5,210,0.021032708418557797,0.04715976156389867,-1.8618300198577344
max,6,210,0.010247582432780539,0.04223369896345433,-1.2858707308769226
max,7,210,0.031353570398257286,0.06310771150688603,-1.3463314324617386
max,8,210,0.015210281328433689,0.041595379662579854,-1.7151408344507217
max,9,210,0.012934572944065817,0.03145050691347788,-1.7648981213569641
max,0,211,0.015508651468600448,0.06703784729600393,-1.7444997876882553
max,1,211,0.017583002148432218,0.052212761772431296,-1.6204156577587128
max,2,211,0.017094292163670616,0.043152161426027624,-1.1733878254890442
max,3,211,0.018488726743655197,0.04512818948443026,-1.4211544394493103
max,4,211,0.02243172102908212,0.05218226025692557,-1.3103303909301758
max,5,211,0.021045216182000462,0.047308885049068924,-1.860275739338249
max,6,211,0.010250690543938401,0.042184961001554944,-1.2873520851135254
max,7,211,0.03125942914658261,0.06296917792830747,-1.3535281717777252
max,8,211,0.015182411749260966,0.04151924239119113,-1.708784356713295
max,9,211,0.01289727026791647,0.03143719259948366,-1.7623290121555328
max,0,212,0.01548890443741295,0.06706533193476907,-1.7429348826408386
max,1,212,0.01762038764805421,0.05247970027792685,-1.623194769024849
max,2,212,0.01705225592744715,0.04298863228700937,-1.1702990531921387
max,3,212,0.018397609907478817,0.04528436709296192,-1.3985339999198914
max,4,212,0.022352169435842437,0.052487417558804206,-1.298135221004486
max,5,212,0.02104906293524767,0.04742290466308467,-1.8583700908347964
max,6,212,0.01025346443690485,0.042213272974899685,-1.288681983947754
max,7,212,0.031185695544704614,0.0628249678327234,-1.3614310175180435
max,8,212,0.01515425953239595,0.041517574562380394,-1.7028923332691193
max,9,212,0.012848763175592914,0.031424708945282,-1.759126476943493
max,0,213,0.015470597637464528,0.06708208086987198,-1.7414416074752808
max,1,213,0.017725079952681834,0.052526814103909025,-1.6327534765005112
max,2,213,0.01701481391980092,0.04282670551194781,-1.167055368423462
max,3,213,0.018315016594938643,0.04544255496311618,-1.3763972222805023
max,4,213,0.022300648817720176,0.05283229977756895,-1.2916300296783447
max,5,213,0.021052226653609535,0.04754140780557442,-1.8563422681763768
max,6,213,0.010253610154266013,0.04231046103522998,-1.2880734205245972
max,7,213,0.031122248492788995,0.06269991443145895,-1.3686924278736115
max,8,213,0.01512824489099679,0.04158526132392201,-1.697467401623726
max,9,213,0.01279584051452029,0.03141136617971009,-1.7556197941303253
max,0,214,0.015454549566244341,0.0670898470042452,-1.740005537867546
max,1,214,0.01781845147304882,0.052582956791224864,-1.640942931175232
max,2,214,0.01696600901285382,0.0426539577387583,-1.1616790294647217
max,3,214,0.018239343929653803,0.04559716781184417,-1.3547300398349762
max,4,214,0.022239510597119656,0.05313787521212898,-1.286186695098877
max,5,214,0.021050773283321535,0.04766738014577028,-1.8544831038452685
max,6,214,0.010272103919752362,0.04239239409102688,-1.293628752231598
max,7,214,0.031070305520173702,0.06259119701021373,-1.3750527650117874
max,8,214,0.015103645880220645,0.04171484194572424,-1.6924673467874527
max,9,214,0.012746179622713308,0.031397928140374565,-1.7520902305841446
max,0,215,0.015439064348223827,0.06708929094746321,-1.7384759932756424
max,1,215,0.017900976197059333,0.052645058162496775,-1.6480128467082977
max,2,215,0.016921543202110326,0.04249342907518992,-1.1565539836883545
max,3,215,0.01837170986803665,0.045623881049664805,-1.35871160030365
max,4,215,0.02215997194254791,0.05342008013256222,-1.2812371253967285
max,5,215,0.0210456818788486,0.04775462039098889,-1.8524976512417197
max,6,215,0.010291529246927306,0.04253754160354303,-1.298738420009613
max,7,215,0.031018858952896897,0.06250520232317472,-1.37980168312788
max,8,215,0.015081160402563146,0.041897626518981976,-1.6879113614559174
max,9,215,0.012700602339937223,0.03138437413012572,-1.7487868145108223
max,0,216,0.015420238876091591,0.06708045259154174,-1.736811101436615
max,1,216,0.01797630344058781,0.052721847946699846,-1.6542563140392303
max,2,216,0.016872485310079302,0.04235110382550748,-1.1511467695236206
max,3,216,0.018499831067705835,0.04568016049422648,-1.3806078135967255
max,4,216,0.022069464157035153,0.05366526654063025,-1.2773239612579346
max,5,216,0.02103069882683424,0.04780621462094925,-1.8496512155979872
max,6,216,0.010306103000767827,0.042737198024987766,-1.3030812740325928
max,7,216,0.03097027411997945,0.06257654315124624,-1.3826285377144814
max,8,216,0.015059672125773443,0.04210533740746246,-1.6837750673294067
max,9,216,0.01265178900026867,0.0313702273034939,-1.7452174201607704
max,0,217,0.015400154265072255,0.0670593691205839,-1.7352107465267181
max,1,217,0.018044508434157246,0.05281050289512537,-1.6595779657363892
max,2,217,0.01681799445905298,0.042235443584253435,-1.1454500555992126
max,3,217,0.018690889010759798,0.04582310737968054,-1.4116514921188354
max,4,217,0.02197036080992961,0.05386310590175533,-1.2746058106422424
max,5,217,0.021015577855424315,0.04783467735886643,-1.8468719101510942
max,6,217,0.010321319903880535,0.042981162762882746,-1.3056683540344238
max,7,217,0.030929121306352406,0.0627723092996066,-1.384603075683117
max,8,217,0.015041611309208058,0.042339322785594186,-1.6800909340381622
max,9,217,0.012620677469941957,0.031356571710908554,-1.7435346096754074
max,0,218,0.015382686351232855,0.06703184749014357,-1.7337418645620346
max,1,218,0.01810100512555584,0.052907742546920586,-1.6640280336141586
max,2,218,0.016756421556870196,0.042150083619372974,-1.1394349336624146
max,3,218,0.018794314896705182,0.04588003183796327,-1.4295470714569092
max,4,218,0.021868940758625915,0.053657067279715254,-1.2698033452033997
max,5,218,0.02100330528975998,0.04788030438090771,-1.844931747764349
max,6,218,0.010334594152180701,0.04319892483407756,-1.3061261773109436
max,7,218,0.03089877029525162,0.0629564156011932,-1.3865964114665985
max,8,218,0.015023412066915112,0.04257830802790978,-1.6767590641975403
max,9,218,0.012582978576277826,0.031346711030194596,-1.741477146744728
max,0,219,0.015362114491731638,0.06704142317792898,-1.732090175151825
max,1,219,0.01815271603433348,0.05301299890112679,-1.6679899245500565
max,2,219,0.016691899607776672,0.04213724430391447,-1.1328765749931335
max,3,219,0.01891221143936451,0.045976252827799935,-1.4461973905563354
max,4,219,0.021748592605756352,0.05322145515575252,-1.2651501893997192
max,5,219,0.020992045044392685,0.04790631273882985,-1.8431352970656008
max,6,219,0.010345235527366256,0.04344587224607535,-1.3062859177589417
max,7,219,0.03087395128026986,0.06313348340945955,-1.3879964649677277
max,8,219,0.015006377723972147,0.042823938625418,-1.6738296449184418
max,9,219,0.012546785944057642,0.031334594687797604,-1.7392794266343117
max,0,220,0.015340077742097238,0.06704127410147476,-1.7302786707878113
max,1,220,0.0181972712092802,0.053125981171835424,-1.6712600141763687
max,2,220,0.016620119253922094,0.04214046463820176,-1.1262378692626953
max,3,220,0.019021570338324696,0.046103680899134955,-1.4591443836688995
max,4,220,0.021645422799740986,0.052545950164448435,-1.258420705795288
max,5,220,0.02097682772868531,0.04791061894028678,-1.8408810121472925
max,6,220,0.010367310551075384,0.04359691729323373,-1.3093252778053284
max,7,220,0.03084977716956784,0.06329156514087703,-1.3882194757461548
max,8,220,0.014990986020616243,0.043067776496611684,-1.6712990701198578
max,9,220,0.012514721067033288,0.03132047089576408,-1.7369871214032173
max,0,221,0.015317909475874233,0.06703412908312066,-1.7284367233514786
max,1,221,0.018231329319526667,0.05323892093645674,-1.6737212538719177
max,2,221,0.016535823791270332,0.0421646718954059,-1.1190515756607056
max,3,221,0.019119222347044017,0.04626406062457572,-1.468767672777176
max,4,221,0.02161740988680149,0.051977198503542876,-1.2586207389831543
max,5,221,0.02096382362243429,0.047903314380363354,-1.8387384037487209
max,6,221,0.010380410502631596,0.04378477516304785,-1.3107640147209167
max,7,221,0.03083213237661382,0.06342633759426199,-1.388800010085106
max,8,221,0.014980373992287438,0.043298048170956116,-1.6691279411315918
max,9,221,0.012491578906068584,0.0313112139131079,-1.7351791337132454
max,0,222,0.015299532738596688,0.06702665094325494,-1.7269138395786285
max,1,222,0.01826032715460798,0.05334568224311849,-1.6759181320667267
max,2,222,0.01645186988959392,0.04221715346476321,-1.112356185913086
max,3,222,0.01917278593842385,0.046476120993880266,-1.4630865454673767
max,4,222,0.02159516877520737,0.051280985877637714,-1.2563889622688293
max,5,222,0.020947766537859562,0.04787799171608445,-1.8359882843215019
max,6,222,0.010394958376579486,0.04402179805398054,-1.3113133311271667
max,7,222,0.030815037446542,0.06354427969839349,-1.3883532136678696
max,8,222,0.014973148375612186,0.04350042786850587,-1.6674552261829376
max,9,222,0.012467380476661155,0.03129971453812469,-1.733080878853798
max,0,223,0.01528317949183347,0.0670153147620446,-1.7255224734544754
max,1,223,0.018288324659646672,0.05344295187219926,-1.6782670766115189
max,2,223,0.016357677665602033,0.04232166198695697,-1.1049769520759583
max,3,223,0.01921995626816466,0.04670778952993662,-1.4566293358802795
max,4,223,0.021579686959778327,0.05063852656181331,-1.2599899768829346
max,5,223,0.020929447259409553,0.047847130507263955,-1.8331431546248496
max,6,223,0.010401760999424234,0.04427954392366812,-1.3108198642730713
max,7,223,0.030792015785639962,0.06364123605827188,-1.3862447813153267
max,8,223,0.014968123668522251,0.043677178202387784,-1.6662031412124634
max,9,223,0.012445029172114666,0.031283854476974446,-1.7310918495059013
max,0,224,0.015264022674593133,0.06706977536596473,-1.7240328043699265
max,1,224,0.018312962688268486,0.053541129657994235,-1.6804213374853134
max,2,224,0.016248082738750003,0.04245564468191071,-1.0972294807434082
max,3,224,0.019265219157278267,0.04695580896999828,-1.4494859278202057
max,4,224,0.021573241016151212,0.05017083526370408,-1.2616667747497559
max,5,224,0.020906993278829604,0.047851412895192055,-1.829877910669893
max,6,224,0.010415848289734575,0.044564288846745403,-1.3097684383392334
max,7,224,0.030769548749777165,0.06370288280106731,-1.3837071657180786
max,8,224,0.014965352719951058,0.04380462964378351,-1.6653624773025513
max,9,224,0.012417866844089964,0.031272638835382435,-1.7286576926708221
max,0,225,0.015240419683825085,0.06710934349903401,-1.7222643792629242
max,1,225,0.018329791128480294,0.0536230729981242,-1.6818522363901138
max,2,225,0.016138406387322807,0.042608849696869996,-1.0903730392456055
max,3,225,0.019302760775672292,0.047211228182153064,-1.4409859478473663
max,4,225,0.021571433023383657,0.04981286002934268,-1.2685890793800354
max,5,225,0.020888984210990502,0.04794158058667301,-1.8269265620037913
max,6,225,0.01043052738041847,0.04484943094549934,-1.308349370956421
max,7,225,0.030752258188079015,0.06375201218528287,-1.3816844671964645
max,8,225,0.014964574735266356,0.04390208887217441,-1.6648928821086884
max,9,225,0.012385945291477629,0.03126064125820166,-1.7256112918257713
max,0,226,0.015213625423823193,0.06716229627819426,-1.7203182876110077
max,1,226,0.018346973480117573,0.05368910556025923,-1.683577686548233
max,2,226,0.016033608909067215,0.04272644638416316,-1.0847307443618774
max,3,226,0.01944159976260723,0.047377017098319624,-1.4527818858623505
max,4,226,0.021547800536058863,0.049504512756750774,-1.2735121846199036
max,5,226,0.020869324158474506,0.04801141226685071,-1.8237627176567912
max,6,226,0.010442885733123256,0.04512928613111539,-1.3066205382347107
max,7,226,0.030736057704946,0.06379568606528825,-1.3800622001290321
max,8,226,0.01492508534829426,0.043797890855483315,-1.656891256570816
max,9,226,0.012356278841742674,0.031249312991697628,-1.7223785445094109
max,0,227,0.015185657987932324,0.06720109281116432,-1.7182329893112183
max,1,227,0.01835989391022317,0.05374477046927041,-1.6847176998853683
max,2,227,0.01602471482485504,0.042878838521423324,-1.0824210047721863
max,3,227,0.019566152812146687,0.04757112865200107,-1.4612489640712738
max,4,227,0.021521985361897297,0.049324870309137764,-1.2756283283233643
max,5,227,0.02084731342790966,0.048071283379216775,-1.8204703347291797
max,6,227,0.010476851588801989,0.04529351046978003,-1.3108458518981934
max,7,227,0.030719088236656075,0.0638176002320612,-1.3776744678616524
max,8,227,0.014890210243699076,0.04368226917477916,-1.64982670545578
max,9,227,0.012328939203816641,0.03123797071894177,-1.7193754687905312
max,0,228,0.015163370647593613,0.06722077605661464,-1.7160525470972061
max,1,228,0.01836839115471795,0.05378704184893278,-1.6856237947940826
max,2,228,0.016010671418998687,0.042991612471536975,-1.07992285490036
max,3,228,0.019650666632013508,0.04777093874229178,-1.457698717713356
max,4,228,0.02145542083762867,0.04922834792993974,-1.2761762738227844
max,5,228,0.02082092880020419,0.04811542391858992,-1.8165597550105304
max,6,228,0.010529727520658949,0.04535431247681207,-1.3219329118728638
max,7,228,0.030700470797972446,0.06382072755438269,-1.3745636343955994
max,8,228,0.014860200342856622,0.04354941999495948,-1.6437040865421295
max,9,228,0.012306041829602557,0.031236397158519127,-1.7166694328188896
max,0,229,0.015143912351964162,0.0672673905989975,-1.7140209525823593
max,1,229,0.018375112013090895,0.0538148380862509,-1.6861458122730255
max,2,229,0.01598632174819732,0.043071975073841834,-1.076953649520874
max,3,229,0.019492332950008684,0.048029030001438655,-1.440626174211502
max,4,229,0.021389127624836732,0.049245345487450604,-1.2738201022148132
max,5,229,0.02079188565241947,0.048142148260586035,-1.8123792200349271
max,6,229,0.010579663265067998,0.045508670342323726,-1.3344708681106567
max,7,229,0.030680859934583124,0.06381339217342248,-1.3711936585605145
max,8,229,0.014833922210801917,0.04340805310749954,-1.6384021937847137
max,9,229,0.012283794909774534,0.031240917235291044,-1.7143741250038147
max,0,230,0.015126964832218787,0.06729355198069184,-1.7120218873023987
max,1,230,0.018381958212749794,0.053825763878254995,-1.6865171194076538
max,2,230,0.016027528979346117,0.043167444171527417,-1.0751780271530151
max,3,230,0.01935642450159447,0.048310119385529884,-1.423810988664627
max,4,230,0.021383176736799424,0.04937576287812692,-1.277658462524414
max,5,230,0.020766179142588194,0.0482027858593647,-1.8083227784372866
max,6,230,0.010621381372808367,0.04566638860635536,-1.345254898071289
max,7,230,0.030658226328496754,0.06379570881694305,-1.36778137460351
max,8,230,0.014811791782515002,0.043263756969212766,-1.6338669657707214
max,9,230,0.012263446602172365,0.031238173444388673,-1.712216131389141
max,0,231,0.015108374521028589,0.06730793107836802,-1.7096283286809921
max,1,231,0.018387865919889536,0.05383021379228249,-1.687055543065071
max,2,231,0.016064802283412963,0.043138972801532255,-1.0731840133666992
max,3,231,0.01923154346097508,0.048606974007128045,-1.4058196544647217
max,4,231,0.021371045940409616,0.04959338731164653,-1.278295636177063
max,5,231,0.02073653102092772,0.04824761979508635,-1.8040458243340254
max,6,231,0.010657295486937654,0.04574567879822791,-1.3549304008483887
max,7,231,0.030636013223777486,0.06376559776883443,-1.3641786240041256
max,8,231,0.014886521342584225,0.04306025908002582,-1.6395043432712555
max,9,231,0.012239999335621532,0.031235187296943218,-1.7091919407248497
max,0,232,0.015089486646639713,0.06731292217356598,-1.7072822004556656
max,1,232,0.018393903031941675,0.05382323510318909,-1.6876159608364105
max,2,232,0.016097066822248915,0.0431342648031148,-1.0721784234046936
max,3,232,0.01912022474990689,0.04891991065905739,-1.3869160115718842
max,4,232,0.02157405618412566,0.04985478092111181,-1.2797538042068481
max,5,232,0.02070346478239153,0.04827180004389468,-1.7993434015661478
max,6,232,0.010686654112185279,0.04583673289749299,-1.3631172180175781
max,7,232,0.030607022086956245,0.06372298387262927,-1.3604455776512623
max,8,232,0.014924269148395869,0.04287429092854178,-1.6372043192386627
max,9,232,0.012218897520364383,0.0312166927270483,-1.7059326246380806
max,0,233,0.015073495086236635,0.06730550329982143,-1.7051416784524918
max,1,233,0.018405227897092327,0.05381134291190533,-1.6885963678359985
max,2,233,0.016119167455636407,0.04316345304572797,-1.0711721777915955
max,3,233,0.01903391894253499,0.049248462359199066,-1.368602693080902
max,4,233,0.021769833075122022,0.05021648816661564,-1.2882100343704224
max,5,233,0.020664673622662964,0.04827285170445263,-1.7940326798707247
max,6,233,0.01071204544840873,0.04594368904310514,-1.370162546634674
max,7,233,0.030578857309411428,0.06365969445569503,-1.3563204742968082
max,8,233,0.015005406379311081,0.04261283301701492,-1.6442129015922546
max,9,233,0.012201090622177557,0.03119711154961642,-1.7027372047305107
max,0,234,0.015056626670830409,0.06729261632556004,-1.7027995437383652
max,1,234,0.018411873911931283,0.053795840296819636,-1.689283862709999
max,2,234,0.01614657273186057,0.04307500529406691,-1.0719444751739502
max,3,234,0.018946379633893742,0.04962296213179242,-1.3406067490577698
max,4,234,0.021941906370180737,0.05063799101640265,-1.2932575345039368
max,5,234,0.020626090590417763,0.04825308713163726,-1.7886205308604985
max,6,234,0.010732650605474153,0.046003413947744154,-1.3771305084228516
max,7,234,0.030544694697233962,0.06358854701508707,-1.3508361391723156
max,8,234,0.015079618530138991,0.04237788786451331,-1.6504994630813599
max,9,234,0.012185527268167615,0.03117613060776435,-1.6997613310813904
max,0,235,0.015042185144527431,0.06734123963268761,-1.7004243284463882
max,1,235,0.018410819017035694,0.053782970578386435,-1.6893494129180908
max,2,235,0.016173676752368582,0.043017139098944945,-1.0724382400512695
max,3,235,0.01902135810844917,0.05002955730419703,-1.3425087928771973
max,4,235,0.022091703194503855,0.05109465094822424,-1.2943026423454285
max,5,235,0.020591627786250004,0.04821103647174188,-1.7832360067404807
max,6,235,0.010751889384124053,0.04608258338421478,-1.3828019201755524
max,7,235,0.03051908282496453,0.06350607450327682,-1.3463529646396637
max,8,235,0.015146002138225909,0.042203047469963215,-1.656114012002945
max,9,235,0.01215828887026077,0.03116336689619449,-1.696082778275013
max,0,236,0.01502542007114191,0.06737593172410447,-1.698112279176712
max,1,236,0.018410314489623082,0.0537677028097074,-1.6894261613488197
max,2,236,0.016328258731631975,0.043049645984539545,-1.0827332139015198
max,3,236,0.018980087431148415,0.05043400300404413,-1.3307904303073883
max,4,236,0.022220634100066076,0.05159322934858673,-1.2926201820373535
max,5,236,0.020558888313493416,0.04814717665103034,-1.77792738401331
max,6,236,0.010764536201264843,0.0461841368302153,-1.3869588673114777
max,7,236,0.030494909933440173,0.06341351606695451,-1.3419968597590923
max,8,236,0.015221601454365546,0.04206811197681001,-1.664055734872818
max,9,236,0.01212956405782159,0.031150345475785823,-1.692019946873188
max,0,237,0.015003711044909093,0.06739229065744592,-1.6955632269382477
max,1,237,0.01841333997648869,0.0537470613926361,-1.6898663341999054
max,2,237,0.01646312655193534,0.043101513143806836,-1.0922558903694153
max,3,237,0.01892846294402023,0.05083580438927866,-1.3088640868663788
max,4,237,0.02233661445581956,0.05211446601886502,-1.2892686128616333
max,5,237,0.020517747698436624,0.04806518243523611,-1.7718197468202561
max,6,237,0.01079751562543907,0.046197787381496824,-1.3969632685184479
max,7,237,0.0304741953439652,0.06328886273032444,-1.3381148464977741
max,8,237,0.015289188299040787,0.04198072063948183,-1.671072170138359
max,9,237,0.012096387153654006,0.03113487921570987,-1.6876324340701103
max,0,238,0.014983902226973808,0.0673993301966088,-1.693308487534523
max,1,238,0.01842401080221126,0.05373305752912427,-1.6908773481845856
max,2,238,0.016577854659520483,0.04313956206252978,-1.101033866405487
max,3,238,0.018936761733378313,0.05123393324632251,-1.3083646595478058
max,4,238,0.02244248389634089,0.05265215890030364,-1.2859192490577698
max,5,238,0.0204844558245142,0.047965422408326505,-1.7668833467178047
max,6,238,0.010823272206359619,0.046250560834725785,-1.4052560329437256
max,7,238,0.030450529845934216,0.06316401690814798,-1.3342733271420002
max,8,238,0.015348782362285457,0.04194117047437189,-1.6772423684597015
max,9,238,0.012062674839530302,0.031117201957796575,-1.6832967847585678
max,0,239,0.014964712876601172,0.06739751218459286,-1.691249594092369
max,1,239,0.018434086950639438,0.053719799417136796,-1.6918552368879318
max,2,239,0.016687576373585075,0.04316216832075567,-1.1100009083747864
max,3,239,0.018945581286185245,0.05163400089966416,-1.306262880563736
max,4,239,0.022546891110875385,0.053171551881262435,-1.2896977066993713
max,5,239,0.02044843495294793,0.04784733686223798,-1.7613678823690861
max,6,239,0.010844177083064024,0.046337873154483955,-1.412404865026474
max,7,239,0.030428876494265816,0.06304751937257187,-1.3304937146604061
max,8,239,0.015403014350415634,0.04192788450871038,-1.6827448159456253
max,9,239,0.012030308960139485,0.031103535684744124,-1.6788226217031479
max,0,240,0.014939795040145823,0.06738596881040532,-1.6887618005275726
max,1,240,0.018443474476163776,0.05370943010243902,-1.6927392333745956
max,2,240,0.01679175799934303,0.043184055382307046,-1.1186975240707397
max,3,240,0.01901200730789622,0.052054193712950614,-1.3281424343585968
max,4,240,0.02271584796591366,0.053356033295523325,-1.294376790523529
max,5,240,0.020413149857934687,0.04771615207179489,-1.7553564182016999
max,6,240,0.010885140631766266,0.04635230554762154,-1.4249690473079681
max,7,240,0.030409071924909575,0.06292573114812419,-1.3267702907323837
max,8,240,0.015421174463194715,0.041805292689000836,-1.6808107197284698
max,9,240,0.012001067539726809,0.03108719881589131,-1.6746240705251694
max,0,241,0.014909120029413483,0.06736144780028598,-1.685914620757103
max,1,241,0.018455214801978558,0.05369436413975065,-1.6940233632922173
max,2,241,0.016881023994402264,0.04320498997258215,-1.1259199976921082
max,3,241,0.01908074863661556,0.052481467982322616,-1.3449350893497467
max,4,241,0.022866151355575647,0.05358128423169961,-1.2972954511642456
max,5,241,0.02037608132948463,0.04757173738485376,-1.7489266677293926
max,6,241,0.010919433337785833,0.04641573745623151,-1.4352822005748749
max,7,241,0.030387447157574535,0.06279228055506429,-1.3223271258175373
max,8,241,0.015432093928038584,0.04173894812627503,-1.6790786236524582
max,9,241,0.011970681197847957,0.03107024228579884,-1.6725464463233948
max,0,242,0.014877179679585975,0.06737741365137272,-1.6830331981182098
max,1,242,0.01846754717716214,0.05367688256290838,-1.694970615208149
max,2,242,0.016984253771366586,0.04311600551582001,-1.1379243731498718
max,3,242,0.01914089462599837,0.052906477971291194,-1.3575747609138489
max,4,242,0.0230788925095217,0.05348272293966208,-1.30068838596344
max,5,242,0.020341470100768158,0.047420525313294215,-1.742912083864212
max,6,242,0.01094712064072785,0.04651706038061684,-1.4435506761074066
max,7,242,0.030368395088044023,0.06265113310619996,-1.3180305808782578
max,8,242,0.01544161178597929,0.041701352850980575,-1.6775715053081512
max,9,242,0.011940914470306749,0.03105150008890592,-1.6700464338064194
max,0,243,0.014852624885700355,0.06738775331233425,-1.680744081735611
max,1,243,0.018470603740803407,0.053662052698333074,-1.6954879760742188
max,2,243,0.017077088663424403,0.043049025508194894,-1.1488361954689026
max,3,243,0.019181675796410683,0.05333880743563281,-1.3655244410037994
max,4,243,0.023260683002773903,0.05334649106759026,-1.2994309663772583
max,5,243,0.02030322713563397,0.047325557326509574,-1.736500506522134
max,6,243,0.010968327183671495,0.04665224263353687,-1.450116127729416
max,7,243,0.03033976540264975,0.0625135453062308,-1.3132636174559593
max,8,243,0.01545005994751425,0.04168046569836885,-1.6762628257274628
max,9,243,0.011911227603922506,0.03103390094026151,-1.6699462905526161
max,0,244,0.014831831354910605,0.06739177696204172,-1.6783992946147919
max,1,244,0.01847268066857658,0.05364467165063812,-1.6958967819809914
max,2,244,0.01715628638769809,0.043001718900549005,-1.157571256160736
max,3,244,0.01921440038882702,0.053769607119342686,-1.3710140883922577
max,4,244,0.023481994244188335,0.05331854823548221,-1.2958433032035828
max,5,244,0.02026577506913009,0.04726663692986258,-1.729978773277253
max,6,244,0.010980073808214072,0.046819355521725475,-1.4549652338027954
max,7,244,0.030317540931771275,0.06237276963869251,-1.3094295151531696
max,8,244,0.015472573633268233,0.04166387156981219,-1.677608698606491
max,9,244,0.011883395100221947,0.031015064084464625,-1.6692168414592743
max,0,245,0.01481414886277757,0.06738746083399759,-1.6765893250703812
max,1,245,0.018472186292430796,0.05363049969983853,-1.6958229914307594
max,2,245,0.017217740314017876,0.04294828254667947,-1.1640531420707703
max,3,245,0.019233743911273457,0.0541983794872128,-1.3738266229629517
max,4,245,0.023678283679251753,0.05334853333378953,-1.2904701828956604
max,5,245,0.020224201942706674,0.04719409287447639,-1.7228891444392502
max,6,245,0.010985188563345474,0.04700986564460105,-1.458334892988205
max,7,245,0.03029741297007038,0.06223168096574483,-1.3056570999324322
max,8,245,0.015489850819481038,0.041663531440864515,-1.6788749545812607
max,9,245,0.011853548982200202,0.03099623928951986,-1.667416162788868
max,0,246,0.014799867089600752,0.06745859019685416,-1.6747077852487564
max,1,246,0.018465154297892084,0.05361536664416745,-1.695262648165226
max,2,246,0.01726383302918734,0.04288702040305238,-1.1684881448745728
max,3,246,0.01941578530394808,0.05472128878944654,-1.393935665488243
max,4,246,0.02386604252018968,0.05340910921937772,-1.2922542691230774
max,5,246,0.02018118659047647,0.04711518156020929,-1.7155646842438728
max,6,246,0.010985431294588413,0.0472191662257572,-1.460582584142685
max,7,246,0.03028467375913199,0.0620886128563027,-1.3028682172298431
max,8,246,0.015504859566336363,0.04165960646866129,-1.6801714599132538
max,9,246,0.011819104646081088,0.030972867345843133,-1.665006808936596
max,0,247,0.014783881845483265,0.06751272553665653,-1.6726867109537125
max,1,247,0.018458954806781558,0.05360020952557476,-1.6947540938854218
max,2,247,0.017306868515623533,0.04282733437916077,-1.1722657680511475
max,3,247,0.019579533352594755,0.05522993150726947,-1.4096316397190094
max,4,247,0.02402490793740742,0.05348091655690851,-1.2897352576255798
max,5,247,0.02013940304141741,0.047020809716805514,-1.7079253615811467
max,6,247,0.010983674018948772,0.04743521782232296,-1.4619795382022858
max,7,247,0.030273189818387114,0.06194613432714419,-1.3000457473099232
max,8,247,0.015516368034578912,0.04164442467305246,-1.6815073490142822
max,9,247,0.011794583293776736,0.030955445187628244,-1.663232572376728
max,0,248,0.014764773853710875,0.06754977289381267,-1.670382872223854
max,1,248,0.018456327491241778,0.05358005639981714,-1.694655254483223
max,2,248,0.017337747471203258,0.042783931555107624,-1.174519121646881
max,3,248,0.019683006774699308,0.05583663334867407,-1.4144409894943237
max,4,248,0.024182606794179003,0.053361969247909063,-1.2890786528587341
max,5,248,0.020099066795090756,0.04696803711534743,-1.7007416307460517
max,6,248,0.0109799989460527,0.04765252395339087,-1.4626805782318115
max,7,248,0.030266694330240665,0.061802393951533655,-1.2979952469468117
max,8,248,0.015525055557473064,0.04160612728638252,-1.6828650534152985
max,9,248,0.011778590624172136,0.030930333517782196,-1.6619582027196884
max,0,249,0.014746291705806311,0.06757311661633622,-1.668052762746811
max,1,249,0.018454129950894065,0.05356286544809877,-1.6944803446531296
max,2,249,0.01736040783041122,0.042784601148028525,-1.1753658652305603
max,3,249,0.019774986453899315,0.05642181242951974,-1.4178646504878998
max,4,249,0.02432145059167752,0.05332619055724078,-1.2862909436225891
max,5,249,0.020061330539469333,0.046892593619602865,-1.6939411030616611
max,6,249,0.010969955167321035,0.04787058181932205,-1.4625707566738129
max,7,249,0.030260942069011906,0.061659726297640036,-1.2958435863256454
max,8,249,0.015497903798210325,0.04154203676962512,-1.6768527626991272
max,9,249,0.01177530938922551,0.030894742867687966,-1.6614438369870186
max,0,250,0.014716129156969793,0.06757902301246292,-1.6651872545480728
max,1,250,0.01845230843077595,0.05354523561946284,-1.6943404749035835
max,2,250,0.017375260212353805,0.0428260509623149,-1.1746076345443726
max,3,250,0.019857515113982163,0.05698483823394955,-1.4204238504171371
max,4,250,0.024443072083862212,0.05336687111023716,-1.2818153500556946
max,5,250,0.020023335622774363,0.04680604156223507,-1.6868206020444632
max,6,250,0.01094452253758163,0.04796932211532598,-1.451388955116272
max,7,250,0.030245674204354603,0.06165537907883209,-1.2922373935580254
max,8,250,0.015418263311688857,0.041463901306195566,-1.663043588399887
max,9,250,0.011777579964942955,0.030862010201970477,-1.661000095307827
