circuit,group,episode,actor_weight_variance,critic_weight_variance,entropy
int2float,lr001,0,0.05981465507889203,0.1128440704541552,1.92090847492218
int2float,lr010,0,0.05981465507889203,0.1128440704541552,1.92090847492218
int2float,lr001,1,0.05981077363005847,0.1128268299364104,1.9212093591690063
int2float,lr010,1,0.05981175210810371,0.112708332595238,1.9208811402320862
int2float,lr001,2,0.05981240894221247,0.11280952973655485,1.921346652507782
int2float,lr010,2,0.05986233049929514,0.11260768447291458,1.9192472219467163
int2float,lr001,3,0.05981354144278682,0.11279547791823094,1.9215221047401427
int2float,lr010,3,0.05992301759734382,0.11253931042512422,1.9170344710350036
int2float,lr001,4,0.05981536794407669,0.11278136329778629,1.9216168880462647
int2float,lr010,4,0.06000809664742577,0.1124626435240617,1.9118969917297364
int2float,lr001,5,0.0598174371352533,0.11276374488187044,1.921510684490204
int2float,lr010,5,0.06007561361606808,0.1123962854079873,1.9067849159240722
int2float,lr001,6,0.05981952649989171,0.11274298240212999,1.9213610291481018
int2float,lr010,6,0.06013305568816869,0.11231331694421565,1.9008392930030822
int2float,lr001,7,0.05982167376848231,0.11272432038558558,1.9211973428726197
int2float,lr010,7,0.06020695688099502,0.11227852920620592,1.89357887506485
int2float,lr001,8,0.059823465244284356,0.11270887111554051,1.920996069908142
int2float,lr010,8,0.060278622514356804,0.11227552398564582,1.8847061395645142
int2float,lr001,9,0.059821497296054994,0.11269153872016976,1.9209818124771119
int2float,lr010,9,0.060343417345658415,0.11225387170900461,1.8725415825843812
int2float,lr001,10,0.059817390186987854,0.11267362397289023,1.9211124300956726
int2float,lr010,10,0.06037843214915976,0.11223785320214814,1.8638527393341064
int2float,lr001,11,0.059813124155054534,0.11265462303286841,1.9212306141853333
int2float,lr010,11,0.06040086137875143,0.1122328930850283,1.8577758908271789
int2float,lr001,12,0.0598105175919047,0.11263359716176695,1.9212303400039672
int2float,lr010,12,0.060432586143739773,0.11222750241335804,1.8519424319267273
int2float,lr001,13,0.059808230581740715,0.11261323556105447,1.9211943864822387
int2float,lr010,13,0.060468213810064494,0.11223123131708859,1.8461295127868653
int2float,lr001,14,0.05980633887595478,0.1125938133505681,1.9211451172828675
int2float,lr010,14,0.06050773906677176,0.11222022677562729,1.8391087770462036
int2float,lr001,15,0.059804050849252874,0.11257635543173487,1.9211157202720641
int2float,lr010,15,0.060530691134499805,0.11220840378668409,1.8355008125305177
int2float,lr001,16,0.059801383494806216,0.11255922162701848,1.9211239457130431
int2float,lr010,16,0.060557642628473476,0.11220505706450139,1.8315253019332887
int2float,lr001,17,0.059798629749428824,0.11254277648640972,1.9211278200149535
int2float,lr010,17,0.06059169790970183,0.11219239724724824,1.825648832321167
int2float,lr001,18,0.05979713268823163,0.11252752823922012,1.9210318446159362
int2float,lr010,18,0.06062393371781973,0.11220132743089892,1.8200969338417052
int2float,lr001,19,0.05979521697489315,0.11251349371897748,1.920986008644104
int2float,lr010,19,0.06066319633732757,0.11221033455536852,1.8165196299552917
int2float,lr001,20,0.05979445701673939,0.11250004394199678,1.9209069609642029
int2float,lr010,20,0.06071135985403044,0.1122275979405268,1.8116863369941711
int2float,lr001,21,0.05979347814030008,0.11248782551675233,1.9208027601242066
int2float,lr010,21,0.06076890224254102,0.11224477752364344,1.805539059638977
int2float,lr001,22,0.059794444322753236,0.11247389411877648,1.9207189798355102
int2float,lr010,22,0.06082651700495394,0.11229195875323328,1.799332332611084
int2float,lr001,23,0.05979461701346953,0.11245928368210092,1.9206938743591309
int2float,lr010,23,0.060903072280864945,0.11234634951935799,1.7891252279281615
int2float,lr001,24,0.05979495878789076,0.11244580546112456,1.920669937133789
int2float,lr010,24,0.060992664155595414,0.1123996703073981,1.7764382004737853
int2float,lr001,25,0.059795846176141795,0.11243215170109448,1.9206535696983338
int2float,lr010,25,0.061070875927805655,0.11244719604097961,1.7650545477867126
int2float,lr001,26,0.05979696305428386,0.1124200275512826,1.9206607580184936
int2float,lr010,26,0.06115089918433551,0.11251824192071129,1.751014816761017
int2float,lr001,27,0.05979727795763686,0.11240929350424023,1.920680046081543
int2float,lr010,27,0.06123884973254159,0.11256570477603803,1.7362146735191346
int2float,lr001,28,0.05979870518768192,0.11240076323410904,1.9206679940223694
int2float,lr010,28,0.06132936972641084,0.11262707971150784,1.7210756301879884
int2float,lr001,29,0.05980004186035631,0.11239036874056778,1.920675766468048
int2float,lr010,29,0.06142164757437998,0.11268276862094018,1.7065480530261994
int2float,lr001,30,0.05980092308361366,0.11238101347958984,1.920747447013855
int2float,lr010,30,0.06150882074495338,0.11272492995628294,1.696034449338913
int2float,lr001,31,0.05980180993885061,0.1123716298311807,1.9207908511161804
int2float,lr010,31,0.06159503672286302,0.1127510051435143,1.6857070624828339
int2float,lr001,32,0.05980264636954571,0.11236036904965205,1.9208093762397767
int2float,lr010,32,0.06165897181757253,0.11277260508616968,1.6800689578056336
int2float,lr001,33,0.05980305598598854,0.11235012366885955,1.9208595514297486
int2float,lr010,33,0.0617453559114249,0.11279913164353368,1.6708666801452636
int2float,lr001,34,0.05980439062907145,0.1123415400399386,1.9208430290222167
int2float,lr010,34,0.06183076452796109,0.11286211841744095,1.6616146326065064
int2float,lr001,35,0.05980598556628678,0.11233115811845559,1.920795500278473
int2float,lr010,35,0.06189417903557613,0.11293064830169512,1.65534827709198
int2float,lr001,36,0.059808762689829785,0.11231836102782036,1.9206948041915894
int2float,lr010,36,0.06197237666462174,0.11299284474025813,1.6460071921348571
int2float,lr001,37,0.05981105688512114,0.11230669944224751,1.9206661105155944
int2float,lr010,37,0.06205328541957542,0.11303395905309728,1.6343113422393798
int2float,lr001,38,0.059814134285688915,0.11229786693145767,1.9205841422080994
int2float,lr010,38,0.062130120512615794,0.11308320180744971,1.6220418572425843
int2float,lr001,39,0.05981703057303461,0.11229058378018666,1.9205185174942017
int2float,lr010,39,0.06220738771229547,0.11312942190210773,1.60878529548645
int2float,lr001,40,0.05981863403654105,0.1122832850817747,1.9205328464508056
int2float,lr010,40,0.06228305237039222,0.11315527643626311,1.5940070152282715
int2float,lr001,41,0.05982051622573527,0.11227682584638696,1.9205073833465576
int2float,lr010,41,0.06236646664489105,0.11320692073321348,1.576559317111969
int2float,lr001,42,0.05982267020657552,0.11227143680092877,1.9204735279083252
int2float,lr010,42,0.06244963906451737,0.11328183235000804,1.5581644892692565
int2float,lr001,43,0.059824102935280545,0.11226548018394059,1.920397663116455
int2float,lr010,43,0.06251044792519769,0.11334621764585269,1.5458744525909425
int2float,lr001,44,0.059825025706885346,0.11226097084406943,1.920334529876709
int2float,lr010,44,0.06254170886273246,0.11339138507522913,1.5409864068031311
int2float,lr001,45,0.05982554829132586,0.11225735103964726,1.9202538967132567
int2float,lr010,45,0.06259241233296091,0.11344453466395839,1.5326730608940125
int2float,lr001,46,0.05982664156180535,0.1122530545181509,1.9201213598251343
int2float,lr010,46,0.06265509030791623,0.11346384011951412,1.520322334766388
int2float,lr001,47,0.05982713522344535,0.11224812472918386,1.9200408458709717
int2float,lr010,47,0.06270823586874028,0.11347130923022372,1.5107589542865754
int2float,lr001,48,0.05982691662515991,0.11224407089696405,1.9200187087059022
int2float,lr010,48,0.06275988415124438,0.1135033165417217,1.5027633309364319
int2float,lr001,49,0.05982711332926275,0.1122394143845381,1.9200239539146424
int2float,lr010,49,0.06281665830653374,0.11350175134367987,1.4947752773761749
int2float,lr001,50,0.05982666365108928,0.11223513207434918,1.9200749754905702
int2float,lr010,50,0.06286625413770028,0.11349047085395372,1.4887214362621308
int2float,lr001,51,0.05982553088854359,0.11223011830025897,1.9201328039169312
int2float,lr010,51,0.06292649913771377,0.11345581087096779,1.478461456298828
int2float,lr001,52,0.05982411837343845,0.11222610175711918,1.9202399015426637
int2float,lr010,52,0.06297788021807367,0.11344966710363302,1.47080739736557
int2float,lr001,53,0.05982406710052475,0.11222263647898567,1.9202661395072937
int2float,lr010,53,0.0630204087076319,0.11345352227156771,1.465763521194458
int2float,lr001,54,0.05982426605251332,0.11221932641758776,1.9202577114105224
int2float,lr010,54,0.06307469280682135,0.11350971261271758,1.4597775995731355
int2float,lr001,55,0.059823485345016456,0.11221501718447349,1.9203402757644654
int2float,lr010,55,0.06312742762176335,0.11357864126831743,1.4533531606197356
int2float,lr001,56,0.05982288716254569,0.11221074851916542,1.920429515838623
int2float,lr010,56,0.06317369868983792,0.11363472458716202,1.4480399668216706
int2float,lr001,57,0.05982251799442691,0.11220685342479633,1.9204990148544312
int2float,lr010,57,0.06322716312954112,0.11366732460843246,1.4406836569309234
int2float,lr001,58,0.05982292502858331,0.11220410830937652,1.9204991340637207
int2float,lr010,58,0.06328444300134729,0.11371294599403987,1.4315088391304016
int2float,lr001,59,0.05982300448771323,0.11220159828872603,1.9204946160316467
int2float,lr010,59,0.06334713228430884,0.11376669097252656,1.4212712824344635
int2float,lr001,60,0.05982357462232181,0.1122004119169931,1.9204819679260254
int2float,lr010,60,0.0633934436112046,0.11381715591219152,1.415423458814621
int2float,lr001,61,0.05982429476136669,0.11220169941361328,1.9204589486122132
int2float,lr010,61,0.0634354841968861,0.11390485720165262,1.4114696741104127
int2float,lr001,62,0.05982500232677329,0.11220327678758664,1.9204276561737061
int2float,lr010,62,0.06347258862959927,0.1140169437851466,1.4079175412654876
int2float,lr001,63,0.05982469929827059,0.1122002130113829,1.9204028129577637
int2float,lr010,63,0.0635108931231604,0.11411539608410182,1.4037706434726716
int2float,lr001,64,0.059825400542208786,0.11219791547277809,1.9203362584114074
int2float,lr010,64,0.06355012529670934,0.11418878033715676,1.4002605020999908
int2float,lr001,65,0.05982600882637751,0.11219756574927693,1.9203118085861206
int2float,lr010,65,0.0636006361317035,0.11426963056664574,1.395937007665634
int2float,lr001,66,0.059827270739326664,0.11219851660890581,1.9202601671218873
int2float,lr010,66,0.06364022899177235,0.1143954678111627,1.3925531208515167
int2float,lr001,67,0.059828205123537884,0.11219798327494275,1.9201990604400634
int2float,lr010,67,0.06369128867190768,0.11449592968524776,1.3865280747413635
int2float,lr001,68,0.05982928980456994,0.11219711675780722,1.920199179649353
int2float,lr010,68,0.06374737932254937,0.11458443787095932,1.3795860171318055
int2float,lr001,69,0.05983090560362971,0.11219563092692553,1.920124888420105
int2float,lr010,69,0.06381788876483686,0.11469301332294837,1.3707681119441986
int2float,lr001,70,0.05983228300218638,0.11219430127684067,1.9200493454933167
int2float,lr010,70,0.06388533229155971,0.11478704493352274,1.3625055730342865
int2float,lr001,71,0.059833002426243974,0.11219440642602932,1.919985568523407
int2float,lr010,71,0.06394689870955761,0.11486850946347751,1.3545963644981385
int2float,lr001,72,0.05983441503740901,0.11219380588566827,1.9199444890022277
int2float,lr010,72,0.06397539739401988,0.1148963768325201,1.3525743782520294
int2float,lr001,73,0.05983685194486225,0.11219422139031858,1.9198732018470763
int2float,lr010,73,0.06401719684022797,0.1149243507606968,1.3469395220279694
int2float,lr001,74,0.05983973354965905,0.11219534874734513,1.919783079624176
int2float,lr010,74,0.06405622737822415,0.11497050417087085,1.342114418745041
int2float,lr001,75,0.05984313262154526,0.11219532305619402,1.9195976734161377
int2float,lr010,75,0.06408259415203062,0.11500331143473838,1.3402247488498689
int2float,lr001,76,0.05984591450437162,0.11219540927405627,1.9194274425506592
int2float,lr010,76,0.06411581017141502,0.11501134767283805,1.3371611058712005
int2float,lr001,77,0.059848733642173524,0.11219607887664138,1.919292938709259
int2float,lr010,77,0.06414805212427352,0.11504466340486179,1.3354828536510468
int2float,lr001,78,0.05985122429714486,0.11219748149090152,1.9191678285598754
int2float,lr010,78,0.06420008576137219,0.1150551090927234,1.3312145709991454
int2float,lr001,79,0.05985298830351419,0.11219879561789943,1.9190937519073485
int2float,lr010,79,0.06426789252111433,0.11502900301527005,1.321845930814743
int2float,lr001,80,0.05985434108629876,0.11220010597579051,1.919020938873291
int2float,lr010,80,0.06431233204230999,0.1150025647084207,1.315392976999283
int2float,lr001,81,0.059855981702336615,0.11220202488038944,1.9189373970031738
int2float,lr010,81,0.06435820493482751,0.11497037663878118,1.3071116268634797
int2float,lr001,82,0.05985689316031477,0.11220399856618883,1.9189169526100158
int2float,lr010,82,0.0644015533194528,0.1149608914239765,1.2988927781581878
int2float,lr001,83,0.059857744449726656,0.112205310837897,1.918854582309723
int2float,lr010,83,0.06444302088134665,0.11496761475261137,1.2897095441818238
int2float,lr001,84,0.059858258140010126,0.11220728430011011,1.918831467628479
int2float,lr010,84,0.06447151943974937,0.11500571893166242,1.285700762271881
int2float,lr001,85,0.05985860661339648,0.11220999785861081,1.9188259720802308
int2float,lr010,85,0.06449133486589055,0.11506755622370343,1.2824687004089355
int2float,lr001,86,0.05985907841041858,0.11221261901956123,1.9188361167907715
int2float,lr010,86,0.06452513890156461,0.11514999404501625,1.275382548570633
int2float,lr001,87,0.059859295850874225,0.11221644364452862,1.9188388347625733
int2float,lr010,87,0.06456382705223741,0.11520572149699593,1.2669055819511414
int2float,lr001,88,0.059859325183213484,0.1122233539619868,1.9188961029052733
int2float,lr010,88,0.06461536306126528,0.11529387434611471,1.257849097251892
int2float,lr001,89,0.059859621695981344,0.11223039870094338,1.9189457774162293
int2float,lr010,89,0.06465817355350398,0.11537282014031583,1.2502556681632995
int2float,lr001,90,0.05986056055835681,0.11223683409418857,1.9189679384231568
int2float,lr010,90,0.0646894338184014,0.11548508621460891,1.2483927965164185
int2float,lr001,91,0.059861741302819085,0.11224292698341032,1.9189787983894349
int2float,lr010,91,0.06471344847699434,0.11559074989750742,1.2488863229751588
int2float,lr001,92,0.05986300952205141,0.11224659942999453,1.9189905762672423
int2float,lr010,92,0.06473339725815028,0.1157349471334553,1.2484193027019501
int2float,lr001,93,0.05986509730972446,0.11224939009405835,1.918981671333313
int2float,lr010,93,0.06475527344106359,0.11587264036530528,1.2498601794242858
int2float,lr001,94,0.05986719072936817,0.1122526180644006,1.9189576745033263
int2float,lr010,94,0.06475290243297556,0.11601172033114841,1.2559587001800536
int2float,lr001,95,0.05986843200249018,0.11225634996350835,1.9189462304115295
int2float,lr010,95,0.06474958135938627,0.1161500598376475,1.2602464258670807
int2float,lr001,96,0.05987013605697504,0.11226080978754686,1.918972086906433
int2float,lr010,96,0.06476833855893446,0.11629880856314834,1.2631848752498627
int2float,lr001,97,0.05987234911241388,0.11226490664857725,1.9189563632011413
int2float,lr010,97,0.06479903974179033,0.11643855659475182,1.2649406254291535
int2float,lr001,98,0.0598746613430247,0.11226847767931666,1.918940508365631
int2float,lr010,98,0.06482470635753299,0.11655599591795471,1.2697396993637085
int2float,lr001,99,0.0598763642664477,0.11227206371661329,1.9189013481140136
int2float,lr010,99,0.06487590423397863,0.11662005848474773,1.2688980460166932
int2float,lr001,100,0.05987831930183422,0.11227568780927295,1.918819010257721
int2float,lr010,100,0.06492457018197653,0.11665196608018949,1.268843227624893
int2float,lr001,101,0.05988036005221107,0.11227977103206252,1.9187389612197876
int2float,lr010,101,0.0649636966983372,0.1166791496873425,1.272781890630722
int2float,lr001,102,0.059882619817350644,0.11228313884470706,1.9186250805854796
int2float,lr010,102,0.06498776587627852,0.1167441036401226,1.2797628343105316
int2float,lr001,103,0.05988568052570544,0.1122864894978021,1.9184605836868287
int2float,lr010,103,0.06500841520290737,0.11682418123053781,1.287360268831253
int2float,lr001,104,0.059888893065832206,0.11228997402660516,1.918244683742523
int2float,lr010,104,0.06501020943901266,0.11688293287256094,1.2967465758323669
int2float,lr001,105,0.059891729365038046,0.11229304637254314,1.9180644869804382
int2float,lr010,105,0.06502064760192451,0.11696492920988018,1.3045237421989442
int2float,lr001,106,0.05989351548640419,0.11229489379930069,1.9179388880729675
int2float,lr010,106,0.0650355985474217,0.11703530961341077,1.3107689201831818
int2float,lr001,107,0.05989640687321274,0.11229828520319325,1.9177602410316468
int2float,lr010,107,0.06506581612703227,0.11713238336477061,1.3147377848625184
int2float,lr001,108,0.059898449696946535,0.11230136867273703,1.9176515460014343
int2float,lr010,108,0.06510317695781784,0.11724868903643196,1.3185813009738923
int2float,lr001,109,0.059901986041132414,0.1123043016646601,1.9174261927604674
int2float,lr010,109,0.06514761588176772,0.11738716675350305,1.321557056903839
int2float,lr001,110,0.05990481237964177,0.11230684301605069,1.9172172546386719
int2float,lr010,110,0.06522560528400057,0.11744728704610533,1.3130881190299988
int2float,lr001,111,0.05990804554922663,0.11231004504451687,1.916972279548645
int2float,lr010,111,0.06527977581697933,0.11748482356467287,1.310962826013565
int2float,lr001,112,0.05991118103069315,0.11231266380282323,1.9167298436164857
int2float,lr010,112,0.0653200746860308,0.11754772006875505,1.3134247303009032
int2float,lr001,113,0.059914512850273174,0.11231798629936748,1.9164464354515076
int2float,lr010,113,0.06536246228556378,0.11762959477336192,1.316182905435562
int2float,lr001,114,0.05991768989789573,0.11232395374828133,1.9161976456642151
int2float,lr010,114,0.06540885162595413,0.11773520210029849,1.318797755241394
int2float,lr001,115,0.05992012585378774,0.11232968412847129,1.9159899353981018
int2float,lr010,115,0.06545649683822626,0.1178758376804474,1.3229865431785583
int2float,lr001,116,0.05992275350494179,0.11233628416486327,1.915765917301178
int2float,lr010,116,0.06551236923190808,0.11804433505653192,1.326477688550949
int2float,lr001,117,0.05992546267172803,0.11234233801158307,1.9155444741249084
int2float,lr010,117,0.06557467220821203,0.11823265612585487,1.3273653268814087
int2float,lr001,118,0.059929374110675615,0.11234824725622801,1.9152488589286805
int2float,lr010,118,0.06564042908173678,0.11840729455681183,1.3292617499828339
int2float,lr001,119,0.05993376216019904,0.11235419564201903,1.9149287939071655
int2float,lr010,119,0.06570808085826933,0.11857300336190042,1.3310351014137267
int2float,lr001,120,0.059938157994941024,0.11235974865785188,1.914611804485321
int2float,lr010,120,0.0657803993817303,0.11873624692927225,1.3307712256908417
int2float,lr001,121,0.05994318006106327,0.1123645354322242,1.9142223000526428
int2float,lr010,121,0.06585162776082588,0.1189323786380454,1.3280350595712662
int2float,lr001,122,0.05994807187125717,0.11236975171792737,1.9138614535331726
int2float,lr010,122,0.06592334692989134,0.11911858533723316,1.3241043627262115
int2float,lr001,123,0.059952043905381266,0.11237458984653695,1.9136237740516662
int2float,lr010,123,0.06598903043409028,0.11928612706742099,1.322589284181595
int2float,lr001,124,0.05995606345083443,0.11237881846167548,1.9134181499481202
int2float,lr010,124,0.06605093428005518,0.11949617509626591,1.320038378238678
int2float,lr001,125,0.05995917102720616,0.11238178786058894,1.9132168650627137
int2float,lr010,125,0.06611048684941744,0.11971217133709329,1.3174731075763702
int2float,lr001,126,0.05996314980660035,0.11238792583519756,1.9129464745521545
int2float,lr010,126,0.06616469784483264,0.11999147924643058,1.3167048424482346
int2float,lr001,127,0.05996657376122655,0.11239568735676402,1.912687313556671
int2float,lr010,127,0.06620561511115856,0.12029528656799596,1.3178116083145142
int2float,lr001,128,0.05996926310880472,0.11240366950442163,1.912505328655243
int2float,lr010,128,0.06626633907322269,0.12057690993443701,1.3169042766094208
int2float,lr001,129,0.059971828744101285,0.1124122058019164,1.9123592734336854
int2float,lr010,129,0.06631586432193867,0.12080250516762372,1.318621325492859
int2float,lr001,130,0.059974518309610814,0.11242013623183662,1.912192416191101
int2float,lr010,130,0.06637571533367737,0.12104107420755716,1.3173357218503952
int2float,lr001,131,0.05997674130355252,0.11242667399748534,1.911988866329193
int2float,lr010,131,0.06644308190484557,0.12127887886283181,1.3141644716262817
int2float,lr001,132,0.05997847638032774,0.11243308660457255,1.9118730306625367
int2float,lr010,132,0.06650896688662049,0.12150802290853668,1.3111073166131972
int2float,lr001,133,0.059978231364621284,0.11243671232803457,1.9119083285331726
int2float,lr010,133,0.06658378587861197,0.12172972989888561,1.3051944702863694
int2float,lr001,134,0.0599775333300445,0.11244011721650257,1.911895787715912
int2float,lr010,134,0.06665918758686232,0.12197893759473599,1.30100459754467
int2float,lr001,135,0.05997779210470479,0.11244348912181464,1.911838459968567
int2float,lr010,135,0.06672339216429482,0.12220567271426519,1.299342331290245
int2float,lr001,136,0.059978675153892526,0.11244629896264693,1.9117655158042908
int2float,lr010,136,0.0667923063568566,0.1223842793389879,1.2974561214447022
int2float,lr001,137,0.05998025789889507,0.11244798395148428,1.9116659283638
int2float,lr010,137,0.06684735619468452,0.12251941929119592,1.2976618140935898
int2float,lr001,138,0.05998124242426918,0.11244995871839307,1.9115494728088378
int2float,lr010,138,0.06691125289165421,0.1226132549865075,1.295923936367035
int2float,lr001,139,0.05998285374490072,0.11245407442837352,1.9114019632339478
int2float,lr010,139,0.06698326837520123,0.122670907839178,1.2930674046278
int2float,lr001,140,0.05998396214141839,0.11245655597239809,1.9112573146820069
int2float,lr010,140,0.06703604956832371,0.12276073819461897,1.2940945744514465
int2float,lr001,141,0.05998582442789062,0.11245803681308915,1.911103892326355
int2float,lr010,141,0.06709212434814339,0.12286294256039354,1.2953128963708878
int2float,lr001,142,0.059987678558553546,0.11245965236049313,1.9109585404396057
int2float,lr010,142,0.06715119101798822,0.12299188810636882,1.2964947551488877
int2float,lr001,143,0.05998940389637373,0.11246167967886507,1.9108274340629579
int2float,lr010,143,0.06721308216680563,0.12312133724225634,1.2955778270959855
int2float,lr001,144,0.0599914766419153,0.11246187691412661,1.9106498122215272
int2float,lr010,144,0.06725612943516493,0.12328402792335083,1.2972422868013382
int2float,lr001,145,0.0599938991273322,0.11246294991679498,1.910426139831543
int2float,lr010,145,0.06728929930409695,0.12344012793526724,1.298864984512329
int2float,lr001,146,0.05999805052870233,0.11246435985337846,1.9101711988449097
int2float,lr010,146,0.06730167051608682,0.12361180160095246,1.3028718829154968
int2float,lr001,147,0.06000100688004654,0.11246446605757607,1.9099656105041505
int2float,lr010,147,0.06732407009944989,0.12378539609941544,1.3051569283008575
int2float,lr001,148,0.06000494306355362,0.11246417570157012,1.909708058834076
int2float,lr010,148,0.0673384536978547,0.12398774685913212,1.3093218326568603
int2float,lr001,149,0.06000862826329516,0.11246451912715764,1.9094305276870727
int2float,lr010,149,0.06735485670107746,0.12420972242383652,1.3126735836267471
int2float,lr001,150,0.06001162218341195,0.11246489086198692,1.9091473460197448
int2float,lr010,150,0.06735711484414487,0.12439516339175713,1.3185570001602174
int2float,lr001,151,0.06001422066098215,0.11246434901518129,1.9088477492332458
int2float,lr010,151,0.06736184254718916,0.12455297214656993,1.3245762199163438
int2float,lr001,152,0.06001863551172373,0.1124624335814838,1.9084141254425049
int2float,lr010,152,0.06737270567234097,0.12469639409227828,1.3280635118484496
int2float,lr001,153,0.060023868499243585,0.11246090234197223,1.9079361796379088
int2float,lr010,153,0.06738817411755751,0.12481637432410746,1.328163716197014
int2float,lr001,154,0.060028630706148056,0.11246114000522422,1.907534909248352
int2float,lr010,154,0.06742184532873173,0.12495992574501187,1.3263141185045242
int2float,lr001,155,0.06003469550103978,0.11246248462894393,1.9070122599601746
int2float,lr010,155,0.06745226919759703,0.12510266351002028,1.3267787396907806
int2float,lr001,156,0.060038985597554204,0.1124647126924155,1.9066345691680908
int2float,lr010,156,0.06746252320894061,0.12524358851081868,1.3305381298065186
int2float,lr001,157,0.06004433333875715,0.11246659735768598,1.9062266230583191
int2float,lr010,157,0.06749613250672984,0.12538940334635795,1.329674917459488
int2float,lr001,158,0.06005000672424332,0.11246931403480791,1.9057693123817443
int2float,lr010,158,0.06753653760390096,0.12557560928476902,1.330116167664528
int2float,lr001,159,0.060055450666438845,0.11247034153962661,1.905234682559967
int2float,lr010,159,0.06757991244359653,0.1257442518212168,1.3306051999330522
int2float,lr001,160,0.0600616192383697,0.11247257139250784,1.9047796130180359
int2float,lr010,160,0.06759964186246475,0.1258778743363444,1.3345499277114867
int2float,lr001,161,0.06006782105119483,0.11247614114264196,1.9044024109840394
int2float,lr010,161,0.06763626640272435,0.12599291291013265,1.3288565546274185
int2float,lr001,162,0.0600735859801093,0.11247928430149143,1.904095184803009
int2float,lr010,162,0.06767451780825443,0.12609260891174195,1.322015854716301
int2float,lr001,163,0.06007758805014089,0.11248111466010598,1.9039740324020387
int2float,lr010,163,0.06770671171589046,0.12618115375384995,1.3177034944295882
int2float,lr001,164,0.060080314656883016,0.11248436476403254,1.9038666367530823
int2float,lr010,164,0.06773237681631468,0.12634139318514023,1.3155761867761613
int2float,lr001,165,0.06008237309983335,0.1124871069373186,1.9037800669670104
int2float,lr010,165,0.06775868638632906,0.12648494149521147,1.3143080800771714
int2float,lr001,166,0.060084936869979164,0.11248939528201954,1.9036897420883179
int2float,lr010,166,0.06778878840349896,0.12665455872032808,1.3121359765529632
int2float,lr001,167,0.060087980987424884,0.11249182923139385,1.9035938739776612
int2float,lr010,167,0.0678329019466993,0.12684357860818024,1.3047784179449082
int2float,lr001,168,0.06009262066902428,0.11249229791650912,1.903421986103058
int2float,lr010,168,0.0678732234634007,0.12707179114457562,1.2988482594490052
int2float,lr001,169,0.06009637829571842,0.11249533672485615,1.9033102631568908
int2float,lr010,169,0.06791405019491914,0.12729690117972614,1.2913608402013779
int2float,lr001,170,0.06010165221008447,0.11249851691927375,1.90305894613266
int2float,lr010,170,0.06795243207114139,0.12756242647118046,1.2848593860864639
int2float,lr001,171,0.06010531212927932,0.1125016747658183,1.902906560897827
int2float,lr010,171,0.06800774891721709,0.12779810040010411,1.2785176128149032
int2float,lr001,172,0.060107884841031425,0.11250364591655941,1.9028238534927369
int2float,lr010,172,0.06807364402490028,0.1280631192979047,1.2725447982549667
int2float,lr001,173,0.06011078944717596,0.1125072378355467,1.9026084780693053
int2float,lr010,173,0.0681443201606847,0.1283409548256285,1.2654542565345763
int2float,lr001,174,0.060114183457434044,0.11250982885664496,1.9022911310195922
int2float,lr010,174,0.06821640443595581,0.12862242678919455,1.2565196573734283
int2float,lr001,175,0.060118485163361865,0.11251427410347895,1.901900625228882
int2float,lr010,175,0.06830647918974549,0.12889011545728407,1.245448300242424
int2float,lr001,176,0.06012167722340468,0.1125197097439919,1.9015670418739319
int2float,lr010,176,0.06840033677626098,0.12920407582727883,1.236259973049164
int2float,lr001,177,0.0601244734356163,0.11252603303142669,1.9012805223464966
int2float,lr010,177,0.06849067350592498,0.1295567457920141,1.226112535595894
int2float,lr001,178,0.06012799014213529,0.11253191991617895,1.9009532451629638
int2float,lr010,178,0.06858230654438639,0.12991333391099555,1.2158343970775605
int2float,lr001,179,0.06013146761246816,0.11253828737287364,1.9006556630134583
int2float,lr010,179,0.06868082537583486,0.13024743585895862,1.2055104732513429
int2float,lr001,180,0.06013462924710043,0.1125445417064251,1.90036780834198
int2float,lr010,180,0.06876738802903623,0.13061356296908905,1.1975467294454574
int2float,lr001,181,0.06013780043739978,0.1125522981498163,1.9000142574310304
int2float,lr010,181,0.06884348338611188,0.1309631348087957,1.1909496128559112
int2float,lr001,182,0.06014063507216658,0.11255778919022061,1.8996249079704284
int2float,lr010,182,0.06891640515421724,0.1313298081189434,1.184878197312355
int2float,lr001,183,0.06014344955968946,0.11256061034326241,1.8992971539497376
int2float,lr010,183,0.06898069790026906,0.13164681799416442,1.1815672099590302
int2float,lr001,184,0.060145977667033924,0.11256428541443046,1.8990501046180726
int2float,lr010,184,0.06904471866078354,0.13197636762391107,1.1779162675142287
int2float,lr001,185,0.060148180964291656,0.11256834556933795,1.8988939642906189
int2float,lr010,185,0.06910431756688344,0.13227099013876642,1.1748209446668625
int2float,lr001,186,0.06015049873135682,0.11257220739918668,1.898671019077301
int2float,lr010,186,0.06915223021029171,0.13256871888853058,1.173532137274742
int2float,lr001,187,0.060151994243598496,0.11257565337444134,1.898528265953064
int2float,lr010,187,0.06920231383396494,0.13284206444871066,1.1698102876543999
int2float,lr001,188,0.06015373395379155,0.11258084263982951,1.8984688997268677
int2float,lr010,188,0.06925005610394391,0.13318986155530896,1.1672429576516152
int2float,lr001,189,0.06015611056639386,0.11258676365069897,1.8984115719795227
int2float,lr010,189,0.06928954078169679,0.13355118849580055,1.1679865211248397
int2float,lr001,190,0.060159931284180755,0.11259152899532013,1.8982012510299682
int2float,lr010,190,0.06934757964076857,0.1339015357844208,1.1669904857873916
int2float,lr001,191,0.06016240866383484,0.11259608298938809,1.898131549358368
int2float,lr010,191,0.06941091528779168,0.13430158427398728,1.1645126834511756
int2float,lr001,192,0.060165986184594934,0.11259941365218648,1.8978999257087708
int2float,lr010,192,0.06948216963068946,0.13471582672552826,1.161626686155796
int2float,lr001,193,0.06016930165214006,0.11260192848792669,1.8976418614387511
int2float,lr010,193,0.0695646738704498,0.13514602285927838,1.1568747550249099
int2float,lr001,194,0.06017398937644321,0.11260402047936233,1.897347640991211
int2float,lr010,194,0.06964247560424322,0.1355993938606081,1.1518611326813697
int2float,lr001,195,0.06017872801985615,0.11260586242992113,1.8970577239990234
int2float,lr010,195,0.06970724788009328,0.13607935159383527,1.1465824604034425
int2float,lr001,196,0.0601843638382184,0.11260980138316594,1.8967247247695922
int2float,lr010,196,0.06977167696140027,0.1365883599206929,1.1422800719738007
int2float,lr001,197,0.06019021709173598,0.11261509135170078,1.8964405059814453
int2float,lr010,197,0.06982512112657799,0.13705243201084255,1.139284074306488
int2float,lr001,198,0.060195428367881144,0.11261895413294773,1.8962020516395568
int2float,lr010,198,0.06987252858681263,0.13749869315182414,1.1374234139919281
int2float,lr001,199,0.06020019297295266,0.11262064406754753,1.8959951043128966
int2float,lr010,199,0.06990785909475009,0.13790826665764871,1.1375212609767913
int2float,lr001,200,0.060203645500645483,0.11262292130652236,1.8958508014678954
int2float,lr010,200,0.06995646382397375,0.1383184872101906,1.1412197396159172
int2float,lr001,201,0.060207948574600254,0.11262593075975869,1.8956839442253113
int2float,lr010,201,0.06998883097905806,0.1387089543299422,1.1462174996733665
int2float,lr001,202,0.06021125173795779,0.11262740948237426,1.8956678628921508
int2float,lr010,202,0.07001448094029167,0.1390946120515026,1.1495724752545358
int2float,lr001,203,0.0602156233224868,0.11262905543949475,1.895573580265045
int2float,lr010,203,0.07003352265571335,0.13947071384893367,1.152996411919594
int2float,lr001,204,0.06022074830905348,0.1126319118309603,1.895534348487854
int2float,lr010,204,0.07005696611216417,0.13984814502603352,1.1560115560889244
int2float,lr001,205,0.0602257200443021,0.11263369852875538,1.8955005049705504
int2float,lr010,205,0.07008023692743645,0.1402661940286541,1.158920408785343
int2float,lr001,206,0.060231530311908324,0.1126354652022015,1.8954081416130066
int2float,lr010,206,0.07011676982454976,0.14063650814324166,1.159654213488102
int2float,lr001,207,0.06023687685307614,0.11263733303925058,1.8953427910804748
int2float,lr010,207,0.070164546166872,0.14108235649141007,1.1618612542748452
int2float,lr001,208,0.06024120723598658,0.11263870136718275,1.8953950166702271
int2float,lr010,208,0.0701966936991393,0.1415623650685637,1.163786880671978
int2float,lr001,209,0.06024475663011701,0.11263967139821854,1.8954726099967956
int2float,lr010,209,0.07022297320863849,0.14205521494813397,1.1671656221151352
int2float,lr001,210,0.06024842850085851,0.11264113429608809,1.8955183029174805
int2float,lr010,210,0.07024622347896363,0.14255004519233122,1.171429270505905
int2float,lr001,211,0.06025265300623954,0.11264146553899537,1.895495307445526
int2float,lr010,211,0.07027118490121122,0.14302861637930492,1.1768750309944154
int2float,lr001,212,0.060256236768553885,0.11264331342657885,1.8953953862190247
int2float,lr010,212,0.07030618378027247,0.14343270837789052,1.1833581179380417
int2float,lr001,213,0.06025975878003216,0.11264769329946929,1.8952415227890014
int2float,lr010,213,0.07035272976745162,0.14383568636589533,1.1873887598514556
int2float,lr001,214,0.06026415128674343,0.11265236809256703,1.894977581501007
int2float,lr010,214,0.07039132472182538,0.14425716668389948,1.1946582809090613
int2float,lr001,215,0.060270023660692826,0.11265576775088308,1.8947019219398498
int2float,lr010,215,0.07042392891924562,0.1446502482079532,1.2013453155755998
int2float,lr001,216,0.06027392328388598,0.1126606984183994,1.8944700002670287
int2float,lr010,216,0.07046624098639118,0.1450040001663436,1.2069886058568955
int2float,lr001,217,0.060277450011673214,0.11266391622497411,1.894202423095703
int2float,lr010,217,0.07053499098465016,0.14533032813279215,1.2098999604582787
int2float,lr001,218,0.060281010746405184,0.1126651983520575,1.8938958168029785
int2float,lr010,218,0.07059185365854523,0.1456884162743421,1.213593752682209
int2float,lr001,219,0.060284846292874505,0.11266636922925047,1.8936622381210326
int2float,lr010,219,0.07064897798843899,0.14601928488858568,1.2166923224925994
int2float,lr001,220,0.06028887792207962,0.11266814741172201,1.8933987021446228
int2float,lr010,220,0.07069521721985769,0.1463956977112826,1.2192015469074249
int2float,lr001,221,0.06029426594257943,0.1126716495599992,1.892981719970703
int2float,lr010,221,0.07072788118395992,0.14677130504888486,1.2225599765777588
int2float,lr001,222,0.060300062111834266,0.11267488316229501,1.8925871968269348
int2float,lr010,222,0.07077142312649606,0.14721880578526506,1.2223233416676522
int2float,lr001,223,0.0603072591589253,0.11267649296795954,1.8921699166297912
int2float,lr010,223,0.07083304078768546,0.14769056518994222,1.218606135249138
int2float,lr001,224,0.06031479067155569,0.1126771495602743,1.8917102098464966
int2float,lr010,224,0.0709069857624337,0.14811845707640633,1.2143117621541024
int2float,lr001,225,0.060322451355618256,0.11267917526857082,1.8912820100784302
int2float,lr010,225,0.07098303561007593,0.14860874940465443,1.2095681980252266
int2float,lr001,226,0.060330759575513336,0.11268106085003535,1.890768563747406
int2float,lr010,226,0.07105055319372687,0.14903653184719107,1.2073264464735984
int2float,lr001,227,0.060338311919414356,0.11268401728998909,1.89030020236969
int2float,lr010,227,0.07113608274650463,0.1494501867258476,1.2018734022974968
int2float,lr001,228,0.06034653945194237,0.11268529686567981,1.889873743057251
int2float,lr010,228,0.07120505304870836,0.14987172534136228,1.1985263139009477
int2float,lr001,229,0.060354829558333004,0.11268736438104143,1.8894437074661254
int2float,lr010,229,0.07127735045347999,0.15024148975982393,1.1937390446662903
int2float,lr001,230,0.06036272089587965,0.11268914958537515,1.8890096306800843
int2float,lr010,230,0.07133455952492476,0.15062782198196847,1.1890083491802215
int2float,lr001,231,0.06037016550371066,0.11269160618331553,1.8885666489601136
int2float,lr010,231,0.07140809712798114,0.15102859064500532,1.1822818659245968
int2float,lr001,232,0.060376923316835716,0.11269095477719535,1.888224971294403
int2float,lr010,232,0.07147683009414656,0.1514776279887998,1.1763323642313481
int2float,lr001,233,0.060381552275646844,0.11269194906039334,1.888059711456299
int2float,lr010,233,0.07153504766663632,0.15188440260105904,1.1715701177716256
int2float,lr001,234,0.060387097366496265,0.11269460889102127,1.887816882133484
int2float,lr010,234,0.07159155583242881,0.1522243353685532,1.1677419602870942
int2float,lr001,235,0.060393773708324064,0.1126957185187887,1.88752920627594
int2float,lr010,235,0.07166075466106364,0.15260664380619468,1.1624843239784242
int2float,lr001,236,0.06040010683408222,0.1126972575444154,1.8872857928276061
int2float,lr010,236,0.07175417623516783,0.1530219351561222,1.1503687739372253
int2float,lr001,237,0.06040717226106022,0.1127012806292943,1.8870603561401367
int2float,lr010,237,0.0718694412846392,0.15345859050844637,1.136759527772665
int2float,lr001,238,0.06041496584964481,0.11270446154588347,1.8867650866508483
int2float,lr010,238,0.07197882777087347,0.15395461323403944,1.1264190413057804
int2float,lr001,239,0.06042246937234432,0.11270788890382363,1.886537492275238
int2float,lr010,239,0.07209302692419925,0.15446322495837012,1.113869483023882
int2float,lr001,240,0.060430875248169744,0.11270921889917958,1.886247205734253
int2float,lr010,240,0.07221159008400882,0.15496698358889713,1.1010678626596928
int2float,lr001,241,0.06043833388352461,0.11271205821727981,1.8859967112541198
int2float,lr010,241,0.07232138744711328,0.1555101142281864,1.090875406563282
int2float,lr001,242,0.06044590521041955,0.1127179985207453,1.8855939984321595
int2float,lr010,242,0.07242837906544544,0.15603464760586952,1.0815758757293223
int2float,lr001,243,0.0604533120662268,0.11272456948837165,1.8852125763893128
int2float,lr010,243,0.07253356464429886,0.15652451684554733,1.0752951234579087
int2float,lr001,244,0.060460059053157225,0.11272994140528643,1.8849816560745238
int2float,lr010,244,0.07260859237587652,0.15694412120324272,1.0750457175076007
int2float,lr001,245,0.060466640780171346,0.112737714667605,1.8846913814544677
int2float,lr010,245,0.07267764361689656,0.15742470767638572,1.0758496142923832
int2float,lr001,246,0.060471667818639455,0.1127446628394699,1.8845266819000244
int2float,lr010,246,0.07274311126264205,0.157922612425243,1.0777078144252301
int2float,lr001,247,0.06047727377687574,0.11275045561721822,1.8842705607414245
int2float,lr010,247,0.0728087040155316,0.15839965289054986,1.078408955037594
int2float,lr001,248,0.060484530741952404,0.11275655719051289,1.883955180644989
int2float,lr010,248,0.07289471809439256,0.15883617966141397,1.0802751362323761
int2float,lr001,249,0.0604906375555563,0.11276507955581186,1.8837513327598572
int2float,lr010,249,0.07298002504566371,0.15926862497689115,1.0819674581289291
int2float,lr001,250,0.0604951136908237,0.1127741130330335,1.8836602330207826
int2float,lr010,250,0.07306776211066889,0.15979486446204327,1.0827386617660522
i2c,lr001,0,0.05981465507889203,0.1128440704541552,1.9137213706970215
i2c,lr010,0,0.05981465507889203,0.1128440704541552,1.9137213706970215
i2c,lr001,1,0.059817717681914975,0.11282331650330661,1.9138917207717896
i2c,lr010,1,0.05988025065749969,0.11267132652949867,1.911548626422882
i2c,lr001,2,0.0598187911308478,0.11280785945230316,1.9141162753105163
i2c,lr010,2,0.05993067570200829,0.11260889231622732,1.90754554271698
i2c,lr001,3,0.05981840606113755,0.11279851881112266,1.9143378615379334
i2c,lr010,3,0.05996885529050604,0.11259884564211893,1.9001375436782837
i2c,lr001,4,0.05981680134743435,0.11279059016191476,1.9144791126251222
i2c,lr010,4,0.059995064717461834,0.11265704481682182,1.8912798404693603
i2c,lr001,5,0.05981738768119534,0.11277967851461132,1.914633822441101
i2c,lr010,5,0.06005290053443672,0.11273871160821344,1.8817076086997986
i2c,lr001,6,0.05981613823542572,0.11276728268985785,1.9148927092552186
i2c,lr010,6,0.06010946178949683,0.11284275829073136,1.8745898127555847
i2c,lr001,7,0.05981566862275543,0.11275727712499165,1.9150972247123719
i2c,lr010,7,0.060154386771018656,0.11300999847951856,1.863198494911194
i2c,lr001,8,0.05981568999516779,0.11274917921837838,1.915157687664032
i2c,lr010,8,0.060214382894908366,0.11320746137861573,1.8508070468902589
i2c,lr001,9,0.059814996852941685,0.11274107147173487,1.9153100728988648
i2c,lr010,9,0.06025070720543109,0.11341542144425203,1.8403596043586732
i2c,lr001,10,0.05981429094635591,0.11273477267610421,1.9154383301734925
i2c,lr010,10,0.06027926300194739,0.1136560804584974,1.834395670890808
i2c,lr001,11,0.05981363611431946,0.11273086440604592,1.9154860854148865
i2c,lr010,11,0.06030783704516228,0.1139148293232938,1.8318041801452636
i2c,lr001,12,0.059813748422499716,0.11272877822139045,1.9154593825340271
i2c,lr010,12,0.060331023135641315,0.1141604208393265,1.8312966585159303
i2c,lr001,13,0.05981370421963794,0.11272926190072927,1.9154900908470154
i2c,lr010,13,0.06036726163164974,0.11443847562265477,1.829487144947052
i2c,lr001,14,0.05981287722965102,0.1127308423490135,1.9155684232711792
i2c,lr010,14,0.06040665171485664,0.11473460170847502,1.825314223766327
i2c,lr001,15,0.0598120494537195,0.11273283477245735,1.9156622529029845
i2c,lr010,15,0.06045096249357466,0.11501679676059343,1.8202375531196595
i2c,lr001,16,0.059811871427281026,0.11273639581460541,1.9157391309738159
i2c,lr010,16,0.06049313425502445,0.11531574712693801,1.8173593282699585
i2c,lr001,17,0.05981115030433829,0.11274023785525562,1.9158082604408264
i2c,lr010,17,0.06053665249596211,0.11559890315579191,1.8135203003883362
i2c,lr001,18,0.059811517775860426,0.11274520561860016,1.9157734632492065
i2c,lr010,18,0.06057225773460173,0.11587106723832916,1.812589156627655
i2c,lr001,19,0.05981096088680097,0.11275049195415499,1.9157824516296387
i2c,lr010,19,0.06059816327726077,0.11613228348404478,1.812760579586029
i2c,lr001,20,0.059810993933375155,0.11275263799014903,1.915766143798828
i2c,lr010,20,0.06064227266291579,0.11637578942451943,1.8103857636451721
i2c,lr001,21,0.05981150298150593,0.1127542326621743,1.9157652497291564
i2c,lr010,21,0.06069429739726172,0.11660506944915423,1.806846261024475
i2c,lr001,22,0.05981200381341943,0.1127547336307922,1.9157902359962464
i2c,lr010,22,0.06074027685276788,0.116876749377117,1.8040070295333863
i2c,lr001,23,0.05981264407776863,0.1127543754670414,1.9157743334770203
i2c,lr010,23,0.060785985543791145,0.11716301632107662,1.8002975940704347
i2c,lr001,24,0.0598126608699583,0.11275568071236866,1.9157602071762085
i2c,lr010,24,0.06082979060955518,0.11743634546940278,1.79677711725235
i2c,lr001,25,0.059813420963041944,0.11276008336087506,1.9157283186912537
i2c,lr010,25,0.060876894483069856,0.11772425777701823,1.7917088627815247
i2c,lr001,26,0.05981444166987739,0.11276607693316698,1.9156891465187074
i2c,lr010,26,0.060920297921253565,0.11802416260260344,1.7849435329437255
i2c,lr001,27,0.059815809402508566,0.11277181348818843,1.9156875252723693
i2c,lr010,27,0.060958049054534044,0.11835897178292236,1.7802883744239808
i2c,lr001,28,0.05981772644321052,0.11277648139730137,1.9156601786613465
i2c,lr010,28,0.06100415113390151,0.11875194988151898,1.7747256994247436
i2c,lr001,29,0.05981936501145918,0.11278018617675716,1.9156210660934447
i2c,lr010,29,0.06105317627305083,0.11915341086303624,1.7699231505393982
i2c,lr001,30,0.05982100457547294,0.1127841922603033,1.9155869126319884
i2c,lr010,30,0.061116536709393564,0.11956798962675039,1.7634102821350097
i2c,lr001,31,0.059822324441894704,0.11278988265009231,1.9155772805213929
i2c,lr010,31,0.0611756549003553,0.12001092437632724,1.7576083183288573
i2c,lr001,32,0.05982325204304184,0.11279718476885037,1.9155818223953247
i2c,lr010,32,0.06122465833192697,0.12044216823704676,1.7535327553749085
i2c,lr001,33,0.0598237898745569,0.11280519922699377,1.9156403183937072
i2c,lr010,33,0.061255470183616156,0.12087504406053835,1.7535942673683167
i2c,lr001,34,0.05982414034229764,0.1128145873222846,1.9157141208648683
i2c,lr010,34,0.0612875112411556,0.12129902552984564,1.7527626872062683
i2c,lr001,35,0.059823856588753166,0.11282400042198357,1.9158082485198975
i2c,lr010,35,0.0613396607771363,0.12170123874265311,1.7493180751800537
i2c,lr001,36,0.05982392144783483,0.11283438353753923,1.9159100770950317
i2c,lr010,36,0.061402378880023346,0.12208064909924979,1.742797029018402
i2c,lr001,37,0.05982339239108381,0.1128441080608548,1.9160463571548463
i2c,lr010,37,0.061465856330461796,0.12247362908120178,1.7380911350250243
i2c,lr001,38,0.05982353416781688,0.11285505180469177,1.916108989715576
i2c,lr010,38,0.06153023000438914,0.12288614113095145,1.734071636199951
i2c,lr001,39,0.0598241624707659,0.11286603285755567,1.9160879731178284
i2c,lr010,39,0.06158913881242092,0.12332013886543416,1.730881440639496
i2c,lr001,40,0.059823979501054614,0.11287629985259548,1.9161158323287963
i2c,lr010,40,0.061651949154935916,0.12377310479501775,1.7280178189277648
i2c,lr001,41,0.05982401370247716,0.11288738496883441,1.9161295533180236
i2c,lr010,41,0.06172533067228316,0.12421789837147383,1.7203259229660035
i2c,lr001,42,0.05982456149341954,0.11289852291926583,1.916048800945282
i2c,lr010,42,0.06181216850115477,0.12467214550579186,1.7098586797714233
i2c,lr001,43,0.059825530775550015,0.11290809913213151,1.9159161448478699
i2c,lr010,43,0.061901235445147106,0.1251217088721338,1.6983839392662048
i2c,lr001,44,0.05982618636194097,0.11291788582737435,1.9158042430877686
i2c,lr010,44,0.06199263748385385,0.1255313013870308,1.6853942155838013
i2c,lr001,45,0.05982613217312819,0.11292891297401822,1.915690052509308
i2c,lr010,45,0.06208287018254014,0.12593641178042714,1.6730398535728455
i2c,lr001,46,0.05982659090863927,0.11293960619736432,1.9155489087104798
i2c,lr010,46,0.06218078864794936,0.12630570499714927,1.6587675213813782
i2c,lr001,47,0.059826982945026884,0.11295038765726602,1.9153867959976196
i2c,lr010,47,0.062274380677819485,0.12671081514964264,1.6453643679618835
i2c,lr001,48,0.05982855388454818,0.1129612599004927,1.9151832103729247
i2c,lr010,48,0.06236311103137353,0.12710728685957914,1.6330311059951783
i2c,lr001,49,0.059829508744885726,0.11297388791630503,1.9150293231010438
i2c,lr010,49,0.062459883785717873,0.1275212291630671,1.6185209989547729
i2c,lr001,50,0.05983032248066915,0.11298671511456618,1.9148886799812317
i2c,lr010,50,0.06254414365533187,0.12795885667852142,1.6078568816184997
i2c,lr001,51,0.059831865388446,0.1130004617297486,1.914739465713501
i2c,lr010,51,0.0626070235713578,0.12840664136828797,1.6009264230728149
i2c,lr001,52,0.059833265933015634,0.11301493102968933,1.9145906567573547
i2c,lr010,52,0.06267254999242425,0.12890165450062502,1.5938838958740233
i2c,lr001,53,0.059835372222275154,0.11303152333423891,1.914373791217804
i2c,lr010,53,0.06274076613085325,0.12940139256878574,1.5836002230644226
i2c,lr001,54,0.05983713225581126,0.11304733068461473,1.914194929599762
i2c,lr010,54,0.06279232109300062,0.12988004565107375,1.5767664909362793
i2c,lr001,55,0.05983821600530505,0.1130639364984685,1.9140721917152406
i2c,lr010,55,0.06285715120960486,0.1303314178182328,1.5636638879776001
i2c,lr001,56,0.05983951282032544,0.11308208172358718,1.9139364957809448
i2c,lr010,56,0.06294383566557431,0.1308013264094854,1.5463648676872253
i2c,lr001,57,0.05984196125771325,0.11310030498645754,1.9137471318244934
i2c,lr010,57,0.06304275643172327,0.13129930746094032,1.5267958641052246
i2c,lr001,58,0.05984461691244473,0.11311965833511295,1.9135230660438538
i2c,lr010,58,0.0631414930848206,0.13180246410438848,1.5075277149677277
i2c,lr001,59,0.059847371043242704,0.11313903162223002,1.9133235335350036
i2c,lr010,59,0.06324007509673425,0.13231576048031649,1.4873004317283631
i2c,lr001,60,0.059849950561010036,0.11315883855911539,1.913152551651001
i2c,lr010,60,0.06334283966569568,0.1328770707746021,1.4675858974456788
i2c,lr001,61,0.059851584807330584,0.1131806387018395,1.9130725145339966
i2c,lr010,61,0.06341709638002942,0.13341125907253407,1.4545952439308167
i2c,lr001,62,0.05985340285882397,0.11320325850044761,1.912968063354492
i2c,lr010,62,0.06348344385474616,0.13394544425498675,1.444693821668625
i2c,lr001,63,0.059855391309142456,0.11322639191767028,1.9128257155418396
i2c,lr010,63,0.0635512130949931,0.134479950901299,1.4341489553451539
i2c,lr001,64,0.0598584510084599,0.1132500698593744,1.912606942653656
i2c,lr010,64,0.06361703072862117,0.13500113156404311,1.4229447662830352
i2c,lr001,65,0.05986025964834442,0.11327362127205438,1.912509822845459
i2c,lr010,65,0.06368503136527749,0.13554182613972082,1.4116143524646758
i2c,lr001,66,0.059862616561004556,0.11329673613361868,1.9123453140258788
i2c,lr010,66,0.06375473565044901,0.13607540769559856,1.3997591376304626
i2c,lr001,67,0.05986531399173971,0.11332183011544927,1.9121508836746215
i2c,lr010,67,0.06380862915609312,0.13659658367974664,1.3911181449890138
i2c,lr001,68,0.05986788420413973,0.11334726877971255,1.911975121498108
i2c,lr010,68,0.06383134901848835,0.13710027784789197,1.3851422727108003
i2c,lr001,69,0.05987068155077223,0.11337115335376743,1.9117148160934447
i2c,lr010,69,0.06385693150270126,0.13761964448743602,1.3797717273235321
i2c,lr001,70,0.059873792317970576,0.11339555889059114,1.9114136934280395
i2c,lr010,70,0.06387668281731115,0.1381068340205999,1.3770738244056702
i2c,lr001,71,0.059876644012224645,0.11341872113522293,1.9111546874046326
i2c,lr010,71,0.06389411279718263,0.1386563819393642,1.374570095539093
i2c,lr001,72,0.05987970533330047,0.11344175290889598,1.910951280593872
i2c,lr010,72,0.06390972501446883,0.13921515298542975,1.3727618932724
i2c,lr001,73,0.05988253207687141,0.11346325832668687,1.9107925295829773
i2c,lr010,73,0.06394184811312933,0.13976128236926474,1.3682680130004883
i2c,lr001,74,0.05988595906159068,0.1134847190207284,1.9105963468551637
i2c,lr010,74,0.06397282171651765,0.14034558342604014,1.3637050449848176
i2c,lr001,75,0.05988829553145116,0.11350504725922131,1.910524582862854
i2c,lr010,75,0.06399134363206363,0.14088112671294478,1.3623018443584443
i2c,lr001,76,0.05989072461243704,0.11352414398158153,1.9104166626930237
i2c,lr010,76,0.0640194022683422,0.14140044046068415,1.359837180376053
i2c,lr001,77,0.05989268672700911,0.11354220695501485,1.910300898551941
i2c,lr010,77,0.06404798057786745,0.1419645041781564,1.3570294797420501
i2c,lr001,78,0.05989554120338338,0.11356250594754755,1.9101857542991638
i2c,lr010,78,0.06410146076219658,0.142534752928897,1.3529218077659606
i2c,lr001,79,0.059897254047360925,0.11358357254090043,1.9100988388061524
i2c,lr010,79,0.06414357434135064,0.14311636461880356,1.3508581280708314
i2c,lr001,80,0.059899905351618654,0.1136038867483293,1.9099510788917542
i2c,lr010,80,0.06418486319955759,0.14370536357986413,1.3480953395366668
i2c,lr001,81,0.05990238372319638,0.11362503494503247,1.9098446726799012
i2c,lr010,81,0.06422513689547713,0.1442789127034385,1.3450043141841888
i2c,lr001,82,0.059903897663754646,0.11364793586843862,1.9098144173622131
i2c,lr010,82,0.06426863243800872,0.14481485991046833,1.340455949306488
i2c,lr001,83,0.05990470399131066,0.11367133995403766,1.9098205327987672
i2c,lr010,83,0.06432124910661767,0.14535977627729127,1.333516776561737
i2c,lr001,84,0.05990623542614941,0.11369469026099174,1.9098158836364747
i2c,lr010,84,0.06437102224424193,0.1458970319822152,1.326240885257721
i2c,lr001,85,0.059907592285920186,0.11371744228017144,1.9098705410957337
i2c,lr010,85,0.06441599965252369,0.1464213880050947,1.31959211230278
i2c,lr001,86,0.05990893981312917,0.11373868975245842,1.9099144339561462
i2c,lr010,86,0.06446349404562027,0.14694474727658702,1.3110687196254731
i2c,lr001,87,0.0599099864877496,0.11376240544497207,1.9099857687950135
i2c,lr010,87,0.06450522741985092,0.14747269845217054,1.3046822130680085
i2c,lr001,88,0.05991028618775031,0.11378635081183201,1.9100966930389405
i2c,lr010,88,0.064555771582881,0.14802584293159932,1.2972269713878632
i2c,lr001,89,0.05991077512479641,0.1138115445820435,1.9101513624191284
i2c,lr010,89,0.06459988413403803,0.14864555907017138,1.2902570247650147
i2c,lr001,90,0.05991106057488691,0.11383772968587688,1.9101730227470397
i2c,lr010,90,0.06464110356102065,0.1491831428994263,1.2862552106380463
i2c,lr001,91,0.05991143984338171,0.11386461814992217,1.910173201560974
i2c,lr010,91,0.06467125315240838,0.14973272108246588,1.2841319859027862
i2c,lr001,92,0.059912505605877985,0.11388977039589607,1.9101129412651061
i2c,lr010,92,0.06470385888465942,0.15024936703027045,1.280264776945114
i2c,lr001,93,0.05991425667368937,0.11391573299824956,1.9100061535835267
i2c,lr010,93,0.0647268484344077,0.15073427499670275,1.2772514462471007
i2c,lr001,94,0.05991637701545425,0.11394162372246516,1.9099605441093446
i2c,lr010,94,0.06474248231731225,0.15121578141502884,1.2752411663532257
i2c,lr001,95,0.059918475711326157,0.11396720482483406,1.9099090695381165
i2c,lr010,95,0.0647620640959069,0.15173645125443863,1.2724805355072022
i2c,lr001,96,0.05992031632278967,0.11399449199723048,1.9098430156707764
i2c,lr010,96,0.06478868893221737,0.15224744274862728,1.2692504048347473
i2c,lr001,97,0.05992174916476175,0.11402244615543815,1.9097917318344115
i2c,lr010,97,0.06481714927840146,0.15280747138330492,1.2674766898155212
i2c,lr001,98,0.0599236436196525,0.11404910293783235,1.909757149219513
i2c,lr010,98,0.06484899474232199,0.15332328252353666,1.2646674752235412
i2c,lr001,99,0.0599250126874928,0.11407457209524537,1.9097397923469543
i2c,lr010,99,0.06488608886748601,0.15381599114449812,1.257940399646759
i2c,lr001,100,0.05992638668206758,0.11409983399012769,1.909672164916992
i2c,lr010,100,0.06491733968847754,0.15425429649426775,1.2532503843307494
i2c,lr001,101,0.05992735865606952,0.1141260447894507,1.9096660494804383
i2c,lr010,101,0.06496269901852901,0.15467844088553567,1.2468387067317963
i2c,lr001,102,0.05992825636245608,0.11415311369349439,1.909639298915863
i2c,lr010,102,0.06500912019846751,0.15503712738723469,1.2404939591884614
i2c,lr001,103,0.05993058594340246,0.11417988604170101,1.909490966796875
i2c,lr010,103,0.06505182881748334,0.15535435463171118,1.2353121876716613
i2c,lr001,104,0.0599321196823259,0.11420614604979407,1.90938800573349
i2c,lr010,104,0.06509932144911021,0.15566145502359346,1.2274471700191498
i2c,lr001,105,0.059933806352971866,0.11423337494741245,1.9092300176620483
i2c,lr010,105,0.06514334876238273,0.15597198784680036,1.2185876429080964
i2c,lr001,106,0.05993588915030408,0.11426072311161906,1.9091280460357667
i2c,lr010,106,0.06517758587010732,0.1563087869270458,1.213387906551361
i2c,lr001,107,0.05993896883942168,0.11428811264923748,1.9089403867721557
i2c,lr010,107,0.06522175080652345,0.15666449896347068,1.2058868408203125
i2c,lr001,108,0.05994189909753332,0.11431573319633799,1.9087381958961487
i2c,lr010,108,0.06525992404532219,0.1569984995552422,1.2007607400417328
i2c,lr001,109,0.05994436055275413,0.11434317179662738,1.9085722088813781
i2c,lr010,109,0.06528734152670343,0.15740258748353247,1.1995659232139588
i2c,lr001,110,0.05994717759977408,0.11437196835340908,1.90843209028244
i2c,lr010,110,0.06531439672504614,0.15787001980147733,1.1997566223144531
i2c,lr001,111,0.059950328148782164,0.11440021135936522,1.908248484134674
i2c,lr010,111,0.0653711899254877,0.1583868023694436,1.1942057967185975
i2c,lr001,112,0.059952311541852175,0.11442797404245533,1.908120620250702
i2c,lr010,112,0.06543007673879211,0.15895896416653454,1.1877577900886536
i2c,lr001,113,0.05995474838094818,0.11445553051361552,1.9079161882400513
i2c,lr010,113,0.06545341937763366,0.15954808746051818,1.1884754121303558
i2c,lr001,114,0.059957222676378694,0.11448427453107576,1.9077427387237549
i2c,lr010,114,0.06549421591967791,0.16015026261486295,1.1855349600315095
i2c,lr001,115,0.05996022658292516,0.11451344272263113,1.9075341820716858
i2c,lr010,115,0.0655355540276056,0.16072799478781957,1.1830069959163665
i2c,lr001,116,0.05996310301189902,0.11454365049608395,1.9073453307151795
i2c,lr010,116,0.0655944252270842,0.16130991152623364,1.1778781950473785
i2c,lr001,117,0.05996668461214202,0.1145747058422687,1.907081949710846
i2c,lr010,117,0.06564559035447186,0.1619199645308105,1.1730076611042022
i2c,lr001,118,0.05997034303244884,0.11460661497554096,1.9067849516868591
i2c,lr010,118,0.06568795536268911,0.1625358988497384,1.1701899111270904
i2c,lr001,119,0.059973795259221016,0.11463773725688267,1.9065021276474
i2c,lr010,119,0.06573810040471231,0.16320580921121236,1.1668507874011993
i2c,lr001,120,0.059977494091610226,0.11466777914114587,1.9061807990074158
i2c,lr010,120,0.0658018195986935,0.16387541206409212,1.1600508391857147
i2c,lr001,121,0.05998148359819563,0.11469637459917315,1.905860686302185
i2c,lr010,121,0.06583867057189877,0.16454298530507167,1.1573758363723754
i2c,lr001,122,0.059983452904253796,0.11472662540397849,1.9056844353675841
i2c,lr010,122,0.06588143732533228,0.1653015036470605,1.154431051015854
i2c,lr001,123,0.05998507354083682,0.11475799188380106,1.905540108680725
i2c,lr010,123,0.0659075002333987,0.16608912198335615,1.1571451723575592
i2c,lr001,124,0.05998599385746015,0.11479003344665699,1.9054214000701903
i2c,lr010,124,0.06595157169688678,0.16693446630125242,1.1552189648151399
i2c,lr001,125,0.05998788398112146,0.11482244956445302,1.905203902721405
i2c,lr010,125,0.06603336138749293,0.16768802297855548,1.145376992225647
i2c,lr001,126,0.0599898926139321,0.11485498184856555,1.9049823880195618
i2c,lr010,126,0.06610375053202136,0.16834350368609832,1.1398789703845977
i2c,lr001,127,0.0599922096926375,0.11488832115960967,1.9047569990158082
i2c,lr010,127,0.06617576086787742,0.16888795675099466,1.1349967479705811
i2c,lr001,128,0.059995207618201554,0.11492234278138011,1.9046061754226684
i2c,lr010,128,0.06625426645779917,0.16935744873608444,1.1307674109935761
i2c,lr001,129,0.059997851231227195,0.11495556154662323,1.904491126537323
i2c,lr010,129,0.06632115309735238,0.16981072868840028,1.1290787637233735
i2c,lr001,130,0.060000711866472836,0.11498989953186418,1.9043575286865235
i2c,lr010,130,0.06640104471253341,0.17023252061176858,1.1243536114692687
i2c,lr001,131,0.06000346587821285,0.11502634295881817,1.9041900038719177
i2c,lr010,131,0.06648466031079614,0.17062538978332847,1.1194690108299254
i2c,lr001,132,0.06000653414130096,0.11506203456932337,1.9040312051773072
i2c,lr010,132,0.06657458037552122,0.1709738663655653,1.1152054786682128
i2c,lr001,133,0.06000954068064305,0.1150971873744872,1.9039073586463928
i2c,lr010,133,0.06666665451739895,0.17137491114436484,1.110159456729889
i2c,lr001,134,0.06001319990415047,0.11513305913581436,1.9036305665969848
i2c,lr010,134,0.06675830353341147,0.17178123240002774,1.101671576499939
i2c,lr001,135,0.060017093711546364,0.11516954508364945,1.9032698631286622
i2c,lr010,135,0.0668454232008077,0.17226233107309372,1.0907715499401092
i2c,lr001,136,0.06002110751782767,0.11520619848197708,1.9028641700744628
i2c,lr010,136,0.06692417837455863,0.17282817042096685,1.0818738788366318
i2c,lr001,137,0.06002495750022598,0.1152420881914833,1.902426278591156
i2c,lr010,137,0.06698567441842448,0.1733726377233178,1.0767670959234237
i2c,lr001,138,0.06002892707850167,0.1152785948038669,1.901983904838562
i2c,lr010,138,0.06704142301150501,0.17406585675523656,1.0735347986221313
i2c,lr001,139,0.06003331181724762,0.11531507081959942,1.9016069531440736
i2c,lr010,139,0.06708718638674178,0.17476648921227872,1.0715932071208953
i2c,lr001,140,0.060036169539882056,0.11534976100832876,1.9013631939888
i2c,lr010,140,0.06715176761741778,0.17539190469016983,1.0642527312040329
i2c,lr001,141,0.06003963364077407,0.1153827130116011,1.9010120511054993
i2c,lr010,141,0.06720974103500883,0.17596257669472998,1.0588638722896575
i2c,lr001,142,0.06004239515031255,0.11541836186227199,1.9006401777267456
i2c,lr010,142,0.06726900944620566,0.17661065067892656,1.0527221620082856
i2c,lr001,143,0.060044408685085426,0.11545286293879645,1.9003222584724426
i2c,lr010,143,0.06733407248229764,0.1772874265792218,1.0462577968835831
i2c,lr001,144,0.060046136027263754,0.11548786825569723,1.900085973739624
i2c,lr010,144,0.06739723215778368,0.1779252521757507,1.039622926712036
i2c,lr001,145,0.0600481797368998,0.1155228358105338,1.899820363521576
i2c,lr010,145,0.06746290091058635,0.17852329960350405,1.0311993271112443
i2c,lr001,146,0.06005085460989459,0.11555964138979831,1.8993817806243896
i2c,lr010,146,0.06750988977800693,0.17911876236182134,1.027288231253624
i2c,lr001,147,0.060053745104063125,0.11559554177112759,1.8990082621574402
i2c,lr010,147,0.06753503203116794,0.17970240074728344,1.0277857333421707
i2c,lr001,148,0.06005490073003759,0.11563231628990814,1.8987884521484375
i2c,lr010,148,0.06755495682599506,0.18029113998276958,1.0283164381980896
i2c,lr001,149,0.06005628072178095,0.11566912895750062,1.8984926462173461
i2c,lr010,149,0.0675787615307949,0.1809200013610433,1.027837520837784
i2c,lr001,150,0.06005798515506803,0.11570564386586593,1.8981106281280518
i2c,lr010,150,0.06761703556911103,0.18145793442398403,1.0239801377058029
i2c,lr001,151,0.06005950185681327,0.11574300337920862,1.8978221416473389
i2c,lr010,151,0.06765103622072396,0.18203359589584797,1.02309190928936
i2c,lr001,152,0.06006161361131599,0.11577833694698025,1.897419810295105
i2c,lr010,152,0.06768136224085772,0.1826408984517418,1.023905622959137
i2c,lr001,153,0.060063822308485657,0.11581461512608263,1.897040569782257
i2c,lr010,153,0.06772902544328296,0.18327733410406877,1.0224726706743241
i2c,lr001,154,0.060065359562388884,0.11585265962748847,1.8966525554656983
i2c,lr010,154,0.06778079645080154,0.18397092059665526,1.0197754621505737
i2c,lr001,155,0.06006699333554779,0.11589175941047689,1.896285629272461
i2c,lr010,155,0.06784684462467956,0.1845896183570604,1.0144760400056838
i2c,lr001,156,0.060068224526958744,0.11593104103423077,1.8959463834762573
i2c,lr010,156,0.06790174471350562,0.1852435646697545,1.0102820962667465
i2c,lr001,157,0.0600694055791949,0.11596973733994402,1.8955819010734558
i2c,lr010,157,0.06796113821013179,0.18588096303011897,1.0039959102869034
i2c,lr001,158,0.06006970346092862,0.11600798181789614,1.8952893376350404
i2c,lr010,158,0.06801810753247424,0.18656910108522978,1.0001412689685822
i2c,lr001,159,0.060071488495636906,0.11604557879478747,1.894871461391449
i2c,lr010,159,0.06807506261452737,0.1871318689162024,0.9963745176792145
i2c,lr001,160,0.0600739424290583,0.11608138125106038,1.8944910407066344
i2c,lr010,160,0.0681152927874771,0.1877077890282576,0.9962125867605209
i2c,lr001,161,0.06007606642786265,0.11611536345622933,1.8941311359405517
i2c,lr010,161,0.06813915561620563,0.1882261578043426,0.997476801276207
i2c,lr001,162,0.06007910357427604,0.11614951250107305,1.893790102005005
i2c,lr010,162,0.06817299392752077,0.1887949095491575,0.995244699716568
i2c,lr001,163,0.0600811546600021,0.11618332808579226,1.8935799956321717
i2c,lr010,163,0.06821978679926885,0.18947556626820655,0.9916463702917099
i2c,lr001,164,0.060083533970342495,0.11621728735803853,1.8933196067810059
i2c,lr010,164,0.0682607829283481,0.19016679496235578,0.9875921398401261
i2c,lr001,165,0.06008577434030436,0.11625165389194507,1.8930444836616516
i2c,lr010,165,0.06829723705686026,0.1908702790459331,0.9820984959602356
i2c,lr001,166,0.06008786808169653,0.11628668867877248,1.892781376838684
i2c,lr010,166,0.06833482496165567,0.1916277175288256,0.9761811256408691
i2c,lr001,167,0.060090416018981165,0.1163217726141206,1.8924891948699951
i2c,lr010,167,0.06837388499258695,0.19232371660827857,0.9695842176675796
i2c,lr001,168,0.06009306772924936,0.11635679169351973,1.8921275019645691
i2c,lr010,168,0.0683975810403026,0.1930308145232406,0.9653012543916702
i2c,lr001,169,0.06009525794087549,0.11638968457564063,1.891831886768341
i2c,lr010,169,0.06841925232537033,0.1936098189444723,0.9647579371929169
i2c,lr001,170,0.06009904808883697,0.11642259000739633,1.8914724349975587
i2c,lr010,170,0.06842329078435888,0.19416857455491626,0.9667066097259521
i2c,lr001,171,0.060101705810579796,0.11645532603771669,1.8912091493606566
i2c,lr010,171,0.06842116240965455,0.19471455360607354,0.9698112577199935
i2c,lr001,172,0.06010450470631985,0.11649017913648388,1.8909903526306153
i2c,lr010,172,0.06843566968622561,0.19524596432078178,0.9717641651630402
i2c,lr001,173,0.06010808251010309,0.1165226467187062,1.8907198905944824
i2c,lr010,173,0.0684581612308915,0.19571293228668468,0.9720420867204667
i2c,lr001,174,0.06011223249433807,0.11655860722691654,1.890378737449646
i2c,lr010,174,0.06848182297422163,0.19617311360401762,0.9724392712116241
i2c,lr001,175,0.060116695253144156,0.11659692643295047,1.8900210976600647
i2c,lr010,175,0.0685140962023859,0.19665200763797744,0.9709524840116501
i2c,lr001,176,0.06012044477577709,0.11663755405458347,1.8896396160125732
i2c,lr010,176,0.06854655455718571,0.19719075676090153,0.9682400077581406
i2c,lr001,177,0.06012448838940271,0.11667599793599186,1.8892997980117798
i2c,lr010,177,0.06855387274014321,0.19774198575086815,0.9687519639730453
i2c,lr001,178,0.060127896640035906,0.11671648172070126,1.8889795541763306
i2c,lr010,178,0.0685653623436037,0.1982890473119045,0.9681106269359588
i2c,lr001,179,0.06013165414408765,0.11675648379540668,1.888678288459778
i2c,lr010,179,0.06859644571870847,0.19883089604084814,0.9634289294481277
i2c,lr001,180,0.06013541549532479,0.11679774593192802,1.8884768724441527
i2c,lr010,180,0.0686576570923511,0.19937929410889993,0.9543675988912582
i2c,lr001,181,0.06013940926463145,0.11683609532624221,1.8882377028465271
i2c,lr010,181,0.06873807382836022,0.19991060500104896,0.9417668789625168
i2c,lr001,182,0.060143973100362326,0.11687522698483381,1.887924897670746
i2c,lr010,182,0.06881848611750072,0.2005457019592022,0.9293786019086838
i2c,lr001,183,0.06014786975492664,0.11691266487317271,1.8876330375671386
i2c,lr010,183,0.06891242918805578,0.20118197110053923,0.914854109287262
i2c,lr001,184,0.06015080770146386,0.11695293075666333,1.8873149633407593
i2c,lr010,184,0.06898975080573984,0.20198483277718488,0.9062416613101959
i2c,lr001,185,0.06015307827470534,0.11699324275621843,1.887099599838257
i2c,lr010,185,0.06907422257787431,0.20286832871239602,0.8956338375806808
i2c,lr001,186,0.0601543548017752,0.11703213916950157,1.8870186686515809
i2c,lr010,186,0.06913362465950038,0.2037204147713969,0.8895477801561356
i2c,lr001,187,0.06015603753472287,0.11707258991582219,1.8868971109390258
i2c,lr010,187,0.06918342036204628,0.20455988763510238,0.8849263459444046
i2c,lr001,188,0.06015712799458781,0.11711285422798286,1.8869369626045227
i2c,lr010,188,0.06921862562433392,0.2053336434217253,0.8836394339799881
i2c,lr001,189,0.06015758177150069,0.11715313581984536,1.8868736982345582
i2c,lr010,189,0.06925311657720515,0.20607998433881808,0.8837813675403595
i2c,lr001,190,0.06015879150384007,0.11719482330126155,1.8867109894752503
i2c,lr010,190,0.06928007607363756,0.20681744553154457,0.8836583644151688
i2c,lr001,191,0.06015994602792698,0.1172402167274128,1.8866195797920227
i2c,lr010,191,0.06930489246531187,0.20753277201954848,0.8832550793886185
i2c,lr001,192,0.06016219498345756,0.1172874978972824,1.8864999413490295
i2c,lr010,192,0.06931707857657236,0.20824071681002215,0.8861203879117966
i2c,lr001,193,0.06016546725833405,0.11733305037547359,1.8861690878868103
i2c,lr010,193,0.06933961801334344,0.20907203458538226,0.8874746799468994
i2c,lr001,194,0.06016781528524904,0.11737915397948336,1.8859139204025268
i2c,lr010,194,0.06935459039207816,0.20989753966354327,0.8898894131183624
i2c,lr001,195,0.06017106287119267,0.11742529475667687,1.885662281513214
i2c,lr010,195,0.06939569700848033,0.21068623883729937,0.888242918252945
i2c,lr001,196,0.0601733109260694,0.11746802076654039,1.8856083512306214
i2c,lr010,196,0.0694334061731104,0.21135366099456504,0.8874399960041046
i2c,lr001,197,0.06017570230855317,0.1175115474133297,1.8855588674545287
i2c,lr010,197,0.06947435881189981,0.21199633377595545,0.8865092873573304
i2c,lr001,198,0.06017926636559767,0.11755368137430047,1.8853718757629394
i2c,lr010,198,0.06952979488158273,0.21242305141379608,0.8835705250501633
i2c,lr001,199,0.06018142397660432,0.11759581892155094,1.8852694869041442
i2c,lr010,199,0.0695699875707585,0.21278825111079785,0.8806721568107605
i2c,lr001,200,0.0601833652489099,0.11763832415446045,1.8851436734199525
i2c,lr010,200,0.06958963009337317,0.21311968055958608,0.881317862868309
i2c,lr001,201,0.060186804432348494,0.1176808670914096,1.884884202480316
i2c,lr010,201,0.06958959579811747,0.21342833106766096,0.8822165668010712
i2c,lr001,202,0.06018981200407505,0.11772521648442354,1.884699285030365
i2c,lr010,202,0.06959680467345733,0.21378173221498858,0.8825807452201844
i2c,lr001,203,0.06019350540106209,0.11776847883067305,1.8843752861022949
i2c,lr010,203,0.06956910707691485,0.21420399422804967,0.8878512144088745
i2c,lr001,204,0.060195975235797936,0.11781165583640163,1.8842465281486511
i2c,lr010,204,0.06954409892266832,0.2147470079089883,0.8921380430459976
i2c,lr001,205,0.06019866846835108,0.11785667923608414,1.884074330329895
i2c,lr010,205,0.06952739624476248,0.21534850270111877,0.8947573781013489
i2c,lr001,206,0.06020081312635445,0.11790463898422818,1.8839053153991698
i2c,lr010,206,0.0695276336248018,0.21606319609653696,0.8965379297733307
i2c,lr001,207,0.060204179848726905,0.11795223832061286,1.883716082572937
i2c,lr010,207,0.0695503616245424,0.2167720291802251,0.8967251628637314
i2c,lr001,208,0.06020643093163379,0.1180012426656617,1.8837345123291016
i2c,lr010,208,0.06956759133148002,0.21758596942766412,0.8990341067314148
i2c,lr001,209,0.060208009507358995,0.11804896395853119,1.883815062046051
i2c,lr010,209,0.06957850547770499,0.2183705139272099,0.9014666855335236
i2c,lr001,210,0.06021025995247933,0.11809319552315385,1.8837207317352296
i2c,lr010,210,0.06959362207369507,0.21909598527195287,0.9046919912099838
i2c,lr001,211,0.06021214087841793,0.11813641007602001,1.883652126789093
i2c,lr010,211,0.06960640061273993,0.21976335629992003,0.9064386814832688
i2c,lr001,212,0.06021314515500621,0.11817955385682204,1.8835286617279052
i2c,lr010,212,0.06962465892978074,0.22039416089714847,0.9066946059465408
i2c,lr001,213,0.06021414080788258,0.11822301438261702,1.883514678478241
i2c,lr010,213,0.06966269257471946,0.22101311455424896,0.9044663846492768
i2c,lr001,214,0.06021604559297725,0.11826576999856572,1.8835354804992677
i2c,lr010,214,0.06969083678359575,0.22162048177785398,0.9052533149719239
i2c,lr001,215,0.06021744086453481,0.11830449185277554,1.8835529804229736
i2c,lr010,215,0.06975439106490885,0.22212491914787122,0.9034488707780838
i2c,lr001,216,0.06021971350688451,0.1183435359081578,1.8834933757781982
i2c,lr010,216,0.06981990235111826,0.2227019295735051,0.9015713810920716
i2c,lr001,217,0.060222765882925834,0.11838421855881565,1.8833067536354064
i2c,lr010,217,0.06990273952877979,0.22327956807439858,0.8960136204957962
i2c,lr001,218,0.060226534252585506,0.11842505867167719,1.8830219149589538
i2c,lr010,218,0.06998997424600481,0.22384887564456898,0.8903931319713593
i2c,lr001,219,0.060230274680735274,0.11846614429095706,1.8828250169754028
i2c,lr010,219,0.07006076304603824,0.22437841744059317,0.8880225151777268
i2c,lr001,220,0.06023351842887996,0.11850873263145105,1.882781994342804
i2c,lr010,220,0.07013471067923406,0.22500988511942652,0.884855455160141
i2c,lr001,221,0.06023744293581455,0.11855257998015918,1.8827428102493287
i2c,lr010,221,0.07020551697507493,0.2256320045856278,0.881394486129284
i2c,lr001,222,0.06024112550562631,0.11859809645738797,1.882783627510071
i2c,lr010,222,0.07028324868665241,0.22623234348531684,0.8771656394004822
i2c,lr001,223,0.06024632032943007,0.11863845668332926,1.882594347000122
i2c,lr010,223,0.07035040650296187,0.22682914449246372,0.8754451498389244
i2c,lr001,224,0.06025213449346597,0.11867848824702867,1.8823381304740905
i2c,lr010,224,0.07041115227340575,0.2274302393793155,0.8732785239815712
i2c,lr001,225,0.06025753954572122,0.11872042743127442,1.8820600628852844
i2c,lr010,225,0.07047527460257799,0.22806557154891882,0.8699008598923683
i2c,lr001,226,0.0602634451537581,0.11876227275343551,1.8817711472511292
i2c,lr010,226,0.07054686958224574,0.22872906490538977,0.8647461652755737
i2c,lr001,227,0.06026786355800399,0.1188032471621544,1.8816183447837829
i2c,lr010,227,0.07061020363583155,0.22941800802911624,0.8610944300889969
i2c,lr001,228,0.060273728449249074,0.11884143627248389,1.8812899470329285
i2c,lr010,228,0.07068958447924063,0.23004844626314158,0.8535730764269829
i2c,lr001,229,0.0602806888130598,0.11888082217610123,1.8808197736740113
i2c,lr010,229,0.0707373207197862,0.2306829539262883,0.8486669361591339
i2c,lr001,230,0.06028685152940222,0.11891912855877611,1.8802343368530274
i2c,lr010,230,0.07080218225727268,0.23127276033059224,0.8413735657930375
i2c,lr001,231,0.06029227056278121,0.1189571606832706,1.8797087669372559
i2c,lr010,231,0.07087488744790518,0.23185427162889488,0.831956361234188
i2c,lr001,232,0.06029806974691777,0.11899518408772736,1.8792139887809753
i2c,lr010,232,0.07094323558679053,0.23242649805938967,0.8245575055480003
i2c,lr001,233,0.06030384175150204,0.11903032838292191,1.878819191455841
i2c,lr010,233,0.07099886223941243,0.23304297333895602,0.8183809250593186
i2c,lr001,234,0.06031042754737755,0.11906601306506619,1.8783578276634216
i2c,lr010,234,0.07105124440406115,0.2337455081133894,0.8131422653794289
i2c,lr001,235,0.06031710692052235,0.11910286452205798,1.8778801560401917
i2c,lr010,235,0.07111394989873077,0.23439595286515588,0.8043499454855919
i2c,lr001,236,0.06032410921636024,0.11914200810351627,1.8774309873580932
i2c,lr010,236,0.07118022525482393,0.23511526078345976,0.7942852735519409
i2c,lr001,237,0.06033133811250946,0.11918062229346453,1.8770831942558288
i2c,lr010,237,0.07123888527843308,0.23587075607619817,0.7853118479251862
i2c,lr001,238,0.06033686118299906,0.11921991989016004,1.8767825722694398
i2c,lr010,238,0.07128812268905645,0.2367123665773215,0.7784288272261619
i2c,lr001,239,0.060342247366663646,0.11926012912475134,1.876530659198761
i2c,lr010,239,0.07133597743410806,0.2376230971541114,0.7702839210629463
i2c,lr001,240,0.06034732156709409,0.11929848694986997,1.8761872172355651
i2c,lr010,240,0.07137082841929997,0.23843549318405213,0.76595498919487
i2c,lr001,241,0.06035406609987877,0.11933652107908546,1.8756675124168396
i2c,lr010,241,0.07140605657341384,0.23921139214849152,0.7600282251834869
i2c,lr001,242,0.06036098895018531,0.11937338779058863,1.8750737309455872
i2c,lr010,242,0.0714399332202837,0.23990720096758783,0.7543181374669075
i2c,lr001,243,0.060367438818053495,0.11941532760888471,1.8745168089866637
i2c,lr010,243,0.07148613338402897,0.24064912466911018,0.7486836567521096
i2c,lr001,244,0.0603746128649296,0.1194577566205369,1.8738464713096619
i2c,lr010,244,0.07153098756100586,0.2414043821777375,0.7434021890163421
i2c,lr001,245,0.06038177218024281,0.11949939367790338,1.8732894659042358
i2c,lr010,245,0.07158008197095464,0.2422592853757768,0.7358092814683914
i2c,lr001,246,0.06038953480574895,0.11954321732609448,1.8727073550224305
i2c,lr010,246,0.07163985755821092,0.24320293520982847,0.7287283301353454
i2c,lr001,247,0.06039844356679865,0.1195902828181025,1.8721329689025878
i2c,lr010,247,0.07169442188857869,0.24418449365285996,0.7234113588929176
i2c,lr001,248,0.06040642546421804,0.11963391884902672,1.8717071652412414
i2c,lr010,248,0.07174760884086497,0.24511770570910807,0.7195074573159218
i2c,lr001,249,0.06041275956845053,0.1196773233094798,1.871483826637268
i2c,lr010,249,0.07180277106361405,0.24602806434001173,0.7158680647611618
i2c,lr001,250,0.060419758147486666,0.11972096872968516,1.8711647391319275
i2c,lr010,250,0.07187615486554669,0.24701143206014065,0.7120712831616401
max,lr001,0,0.05981465507889203,0.1128440704541552,1.9347594857215882
max,lr010,0,0.05981465507889203,0.1128440704541552,1.9347594857215882
max,lr001,1,0.059817126889835995,0.11283667546574787,1.9347298264503479
max,lr010,1,0.05986545251966854,0.1127920747745158,1.933845055103302
max,lr001,2,0.05982145266014523,0.11281718227982152,1.9346855282783508
max,lr010,2,0.05995827848291415,0.11266161238059338,1.9322630286216735
max,lr001,3,0.05982486641962794,0.11280275433527417,1.9346627712249755
max,lr010,3,0.06006667554534891,0.11260185326332353,1.9301082491874695
max,lr001,4,0.05982928156264178,0.11279246711457061,1.9346431732177733
max,lr010,4,0.06015770477496105,0.11260273314008944,1.928534197807312
max,lr001,5,0.059834604132695056,0.11278058192045907,1.9345728993415832
max,lr010,5,0.06027935476556238,0.11263596136335632,1.9263707160949708
max,lr001,6,0.05983736432193276,0.11277066467993366,1.93455308675766
max,lr010,6,0.06038509405040826,0.11272405286052896,1.9247365951538087
max,lr001,7,0.05984068107912516,0.11275944492356545,1.934541928768158
max,lr010,7,0.06048569783125647,0.11278823220990652,1.9232676029205322
max,lr001,8,0.05984314519897562,0.11275066130617246,1.934532678127289
max,lr010,8,0.06057357441649151,0.11291275125560107,1.9215662240982057
max,lr001,9,0.0598446925944643,0.11274184507414915,1.9345153450965882
max,lr010,9,0.06065618006034111,0.11305256561946671,1.9191447973251343
max,lr001,10,0.05984654375297531,0.11273137031217657,1.9344767093658448
max,lr010,10,0.06073423509060148,0.11317463459523029,1.9165460348129273
max,lr001,11,0.059849064723894216,0.11272328578087079,1.9344366073608399
max,lr010,11,0.060810081285539865,0.11332294303565829,1.9144683122634887
max,lr001,12,0.059852337459627224,0.1127156706152734,1.9343764543533326
max,lr010,12,0.06090216685954366,0.113470856760794,1.9118178844451905
max,lr001,13,0.0598562161222056,0.11270949889006263,1.9343146681785583
max,lr010,13,0.060990671953914874,0.11364099065423042,1.908948588371277
max,lr001,14,0.05986074680905958,0.11270631147652346,1.9342583179473878
max,lr010,14,0.06108698146183215,0.11383615650869465,1.905822741985321
max,lr001,15,0.05986415346930587,0.11270697745745939,1.9342227816581725
max,lr010,15,0.06116663579868492,0.11408800993706991,1.9027491331100463
max,lr001,16,0.05986631601015123,0.11270430198076124,1.9341961979866027
max,lr010,16,0.061234879584118405,0.11434045617409483,1.8991233229637146
max,lr001,17,0.05986779218017134,0.11270395553445478,1.9341914057731628
max,lr010,17,0.06130615095609708,0.11462366620155211,1.89552241563797
max,lr001,18,0.059869738325269616,0.11270567077786939,1.9341685771942139
max,lr010,18,0.06139408727785441,0.11493205491298605,1.890911090373993
max,lr001,19,0.059870562899410985,0.11270450195454647,1.9341474533081056
max,lr010,19,0.06148038893326624,0.11523196473378446,1.8857659220695495
max,lr001,20,0.059872146593612355,0.11270584334056395,1.934105670452118
max,lr010,20,0.06158320967228179,0.11553988196198672,1.8796330451965333
max,lr001,21,0.059874004262183776,0.1127071448046012,1.9340591073036193
max,lr010,21,0.06170410652865908,0.11584812041621473,1.8723462581634522
max,lr001,22,0.05987480540103024,0.1127094106921697,1.9340203404426575
max,lr010,22,0.06182886361649036,0.11619489799123528,1.8640286326408386
max,lr001,23,0.05987703755963555,0.11271140734104157,1.9339552640914917
max,lr010,23,0.06195622558991085,0.11654552672991114,1.8545270800590514
max,lr001,24,0.05987927164285611,0.11271454225010033,1.9338943004608153
max,lr010,24,0.06207344399700783,0.11687230337558371,1.845882523059845
max,lr001,25,0.05988090677930232,0.11272111459373453,1.9338523149490356
max,lr010,25,0.06221054097499229,0.11725581156667948,1.8362751364707948
max,lr001,26,0.059880858384145766,0.11273094619515626,1.9338474869728088
max,lr010,26,0.06234868276031953,0.11764140725523138,1.8270156621932983
max,lr001,27,0.05988124896766458,0.1127396736524084,1.9338282465934753
max,lr010,27,0.06250869722546847,0.11802286830471023,1.815160870552063
max,lr001,28,0.059882531653517646,0.112746326676227,1.933800256252289
max,lr010,28,0.06265960834374194,0.11843806410767968,1.8038439512252809
max,lr001,29,0.059884299598081,0.1127490333412727,1.9337712526321411
max,lr010,29,0.06280082322675197,0.11879630556050538,1.792231011390686
max,lr001,30,0.05988666576684841,0.11275169677983773,1.9337135076522827
max,lr010,30,0.06292868405148909,0.11916000918879632,1.7797714829444886
max,lr001,31,0.05988945620921219,0.11275468629827816,1.9336559176445007
max,lr010,31,0.06307355232370915,0.11954835752103524,1.7657223463058471
max,lr001,32,0.059891883283880634,0.1127568700258534,1.9335885047912598
max,lr010,32,0.06321205410772225,0.11994229801442242,1.7518860340118407
max,lr001,33,0.05989415445739395,0.11275973804041699,1.9335230112075805
max,lr010,33,0.06336673988993155,0.12034382059376407,1.7365506052970887
max,lr001,34,0.05989807829407452,0.11275796278864578,1.9334427118301392
max,lr010,34,0.06352764465117482,0.12074080085271806,1.7206860542297364
max,lr001,35,0.05990225100861799,0.1127555544087974,1.9333717346191406
max,lr010,35,0.06370213269203426,0.12109812294360042,1.7019764304161071
max,lr001,36,0.05990654886583761,0.11275827396978233,1.9333040118217468
max,lr010,36,0.06387868443103342,0.12148263401483146,1.6835739731788635
max,lr001,37,0.05991051999850211,0.11276468328981921,1.933252477645874
max,lr010,37,0.06404980931171793,0.12187390626124776,1.6642722010612487
max,lr001,38,0.059914945045052695,0.11277085695570732,1.9331789851188659
max,lr010,38,0.06423581458315959,0.12224233942373122,1.643421506881714
max,lr001,39,0.05991953497933816,0.1127783401422,1.9330800414085387
max,lr010,39,0.06440755857460936,0.12263304508901418,1.6233383059501647
max,lr001,40,0.059924372356031895,0.11278687332514056,1.932988977432251
max,lr010,40,0.06457234708580648,0.12303666168345137,1.603475683927536
max,lr001,41,0.05992999252182961,0.11279539564958982,1.932880449295044
max,lr010,41,0.06474374925210666,0.12346167479150463,1.5824908435344696
max,lr001,42,0.05993671758229281,0.11280124544047847,1.9327389240264892
max,lr010,42,0.06492845111838333,0.12388773756097182,1.5601755201816558
max,lr001,43,0.0599434754148974,0.11280875953244403,1.932586634159088
max,lr010,43,0.06510386273770304,0.12429025767188513,1.5391505539417267
max,lr001,44,0.059949652038741655,0.11281779826635319,1.9324413061141967
max,lr010,44,0.06528144736210773,0.1246926141093796,1.5176469802856445
max,lr001,45,0.05995610884376281,0.11282691411067577,1.9322906374931335
max,lr010,45,0.06546171971889572,0.12509249788518528,1.4961332380771637
max,lr001,46,0.05996257664416599,0.1128371702374423,1.9321566581726075
max,lr010,46,0.06564281158900373,0.12551343055501085,1.475228214263916
max,lr001,47,0.059968928199066206,0.11284860376431283,1.9320157408714294
max,lr010,47,0.06583015113030542,0.12592659866176445,1.452384454011917
max,lr001,48,0.059974261561692166,0.11286141275691093,1.9318930625915527
max,lr010,48,0.06602289550556308,0.12636033738432217,1.430776560306549
max,lr001,49,0.05997875146584534,0.11287602502714207,1.9317625284194946
max,lr010,49,0.06621872776045654,0.12677986499164712,1.4087661862373353
max,lr001,50,0.05998329723413144,0.11288824809442613,1.9316575407981873
max,lr010,50,0.0664108432991133,0.1272105372335904,1.3878254532814025
max,lr001,51,0.0599871921447524,0.11290140213793327,1.931553876399994
max,lr010,51,0.06660449279680761,0.1276441180470244,1.3683001399040222
max,lr001,52,0.05998984022616235,0.11291565458105499,1.9314586400985718
max,lr010,52,0.0667868586995499,0.12805747198016595,1.3516722917556763
max,lr001,53,0.059992811885297426,0.1129307359864836,1.931340253353119
max,lr010,53,0.06695409055567848,0.12851598401148506,1.3367116928100586
max,lr001,54,0.0599959638877076,0.11294621405053314,1.931215500831604
max,lr010,54,0.0671397112822479,0.12897392070550232,1.3200498282909394
max,lr001,55,0.059997616070412596,0.11296134661025485,1.9311283111572266
max,lr010,55,0.06731401693136091,0.12943871947803215,1.3030941903591156
max,lr001,56,0.06000025296476145,0.1129766666051645,1.9310378313064576
max,lr010,56,0.06748810850823404,0.1299103469529283,1.2825355589389802
max,lr001,57,0.06000335262832268,0.1129913410730022,1.9309550642967224
max,lr010,57,0.06765675314855205,0.1304330628854866,1.2643669247627258
max,lr001,58,0.06000547462470096,0.11300614608685844,1.930874800682068
max,lr010,58,0.06782793370143647,0.13095379266548451,1.2461680829524995
max,lr001,59,0.060008021991545465,0.11302349484237977,1.9307908773422242
max,lr010,59,0.06799267212580482,0.13145993057828015,1.2298741698265077
max,lr001,60,0.06001061063415308,0.11304212303085634,1.9307197451591491
max,lr010,60,0.0681363632364141,0.13197161023333143,1.2154859274625778
max,lr001,61,0.06001415374069472,0.11306060885107616,1.930631983280182
max,lr010,61,0.06829511243022314,0.13245498876373296,1.1994955480098723
max,lr001,62,0.06001736660094418,0.11307789547266997,1.9305492997169496
max,lr010,62,0.0684664075953399,0.1329644926651017,1.18000470995903
max,lr001,63,0.060020269987037154,0.11309673316740043,1.9304529190063477
max,lr010,63,0.06863884597288543,0.13349833108696957,1.1615239202976226
max,lr001,64,0.06002483217105453,0.11311441933323922,1.9303354382514955
max,lr010,64,0.06881691523358555,0.13403963532825647,1.1413117885589599
max,lr001,65,0.06002865127777675,0.11312986289042115,1.9302293300628661
max,lr010,65,0.06900350102631576,0.13456562638317543,1.1185382843017577
max,lr001,66,0.060032715802169546,0.11314417013533222,1.9301047801971436
max,lr010,66,0.06918855345389865,0.13510818278419673,1.0945069372653962
max,lr001,67,0.06003778343555094,0.11316021567595151,1.9299562335014344
max,lr010,67,0.06938310623986063,0.13560526415690935,1.0685166150331498
max,lr001,68,0.060043203393782454,0.11317859787088744,1.929802453517914
max,lr010,68,0.06952461906965254,0.13604508175644958,1.0519687056541442
max,lr001,69,0.06004862478071572,0.11319748945333355,1.9296188831329346
max,lr010,69,0.06965947949096063,0.13645280507740035,1.0362287670373918
max,lr001,70,0.0600545256587238,0.1132138520723966,1.9294224977493286
max,lr010,70,0.06979773914443688,0.1369027974910275,1.0202457636594773
max,lr001,71,0.06006128287645218,0.11322973371803184,1.929178786277771
max,lr010,71,0.06993229768375679,0.13732557351474206,1.0057176887989043
max,lr001,72,0.06006942218326813,0.11324650803195316,1.9289225101470948
max,lr010,72,0.07007214619038557,0.13775204063248297,0.9903709888458252
max,lr001,73,0.06007728972848173,0.11326352106437669,1.928661334514618
max,lr010,73,0.07020761277969914,0.13819126108007057,0.9748318076133728
max,lr001,74,0.060086100041214154,0.11327923251876808,1.92839674949646
max,lr010,74,0.0703405648789423,0.13862867047906996,0.9609956115484237
max,lr001,75,0.0600939686530107,0.11329194984385911,1.9281605005264282
max,lr010,75,0.07046262927382635,0.13906046142426554,0.9486902222037316
max,lr001,76,0.06010120948766362,0.11330572193171078,1.927951443195343
max,lr010,76,0.07057165478734787,0.139492551331521,0.9370179206132889
max,lr001,77,0.06010780230546755,0.11332004189608944,1.9277626276016235
max,lr010,77,0.0706858041930538,0.1399432126376839,0.9251395344734192
max,lr001,78,0.060115246467785086,0.11333409603772546,1.9275473952293396
max,lr010,78,0.07081569924557143,0.14038888011539513,0.913485698401928
max,lr001,79,0.06012343830527306,0.1133489695096109,1.9273406386375427
max,lr010,79,0.07094173223156411,0.14079560311352718,0.899085845053196
max,lr001,80,0.06013220133822413,0.11336378932237794,1.9271066427230834
max,lr010,80,0.07105967995036691,0.1412377554923118,0.8861359745264054
max,lr001,81,0.06014063060615443,0.1133787768844415,1.9269173741340637
max,lr010,81,0.07118995617517823,0.14164886387570996,0.8735784530639649
max,lr001,82,0.0601483459300244,0.11339280417021558,1.9267311811447143
max,lr010,82,0.07130873285655988,0.1420306598465428,0.8646330952644348
max,lr001,83,0.06015531125580783,0.11340624507104206,1.9265523433685303
max,lr010,83,0.07142118527246408,0.1424082647487011,0.8563280150294303
max,lr001,84,0.06016333679105333,0.11341707238898584,1.9263436436653136
max,lr010,84,0.07155640238324128,0.14271445931040883,0.8435405761003494
max,lr001,85,0.06017155910651796,0.11342819720773793,1.9261244058609008
max,lr010,85,0.07170953555802809,0.1430378189758182,0.829262013733387
max,lr001,86,0.060179947602976756,0.11343929632104735,1.9259030938148498
max,lr010,86,0.07186490172638114,0.14338254044796175,0.81474269926548
max,lr001,87,0.060186072860499505,0.113451708752823,1.925753664970398
max,lr010,87,0.0720146124326013,0.1436916558470081,0.8021438494324684
max,lr001,88,0.06019182664360283,0.11346445402589814,1.9256108283996582
max,lr010,88,0.07217111138754358,0.14403272215389734,0.7874127589166164
max,lr001,89,0.06019834700579278,0.11347858436640845,1.9254140496253966
max,lr010,89,0.0723119197841113,0.14438779471644367,0.7739747151732445
max,lr001,90,0.0602049118528197,0.1134944960667565,1.9252113342285155
max,lr010,90,0.07244921207564889,0.14470100173002168,0.7619842126965523
max,lr001,91,0.060211617160624786,0.11351157240345655,1.9250102400779725
max,lr010,91,0.07259535986873783,0.14500806153386012,0.7492466673254967
max,lr001,92,0.060219100431932106,0.11353125077694934,1.9248439192771911
max,lr010,92,0.07275436454651749,0.14529300987692428,0.7343608073890209
max,lr001,93,0.06022670646019261,0.11355199272694083,1.9246907949447631
max,lr010,93,0.07290762415844387,0.1455939539524502,0.7209570616483688
max,lr001,94,0.06023377265322245,0.11357504390747968,1.9245696902275085
max,lr010,94,0.0730662453988118,0.14592185127567464,0.7058075964450836
max,lr001,95,0.06024025276094989,0.11359723044949291,1.924426794052124
max,lr010,95,0.07321956304574359,0.14626914115711825,0.6885838799178601
max,lr001,96,0.060245847995869906,0.11361840447898022,1.9243037223815918
max,lr010,96,0.07335775386748664,0.1466354589800415,0.6738230817019939
max,lr001,97,0.0602509895010514,0.11364065214180293,1.9241949796676636
max,lr010,97,0.0735011961997952,0.14700054862577167,0.6589063629508018
max,lr001,98,0.06025621860712267,0.11366057554039496,1.9240766167640686
max,lr010,98,0.07363826161916329,0.14733597355525646,0.6457109473645687
max,lr001,99,0.060263195679980196,0.11368045603111662,1.9239180207252502
max,lr010,99,0.07376448300039296,0.14766788967977135,0.6334563076496125
max,lr001,100,0.06027089065210646,0.11370122904916213,1.9237443566322328
max,lr010,100,0.07389158572536274,0.14802265531618888,0.6216789677739143
max,lr001,101,0.06027779397482819,0.11372494427882822,1.9235759973526
max,lr010,101,0.07400829259204708,0.1483686812425526,0.611762498319149
max,lr001,102,0.06028549637050111,0.11374857687743636,1.9233556389808655
max,lr010,102,0.07412537154843,0.14871646535125205,0.6010987736284733
max,lr001,103,0.06029317002335397,0.113772928428719,1.9231470942497253
max,lr010,103,0.07423741752619069,0.1490170817897192,0.5935548596084118
max,lr001,104,0.06030030236663514,0.11379859928187466,1.9229279518127442
max,lr010,104,0.0743363342436199,0.14928021592852111,0.5890597432851792
max,lr001,105,0.06030765298815529,0.11382409970460372,1.9226985216140746
max,lr010,105,0.07442297789160808,0.14956764466556136,0.5861821122467518
max,lr001,106,0.06031514280407625,0.1138470702258384,1.9224553465843202
max,lr010,106,0.07452087587313236,0.14984607234842987,0.5839376501739025
max,lr001,107,0.06032279934280403,0.11386963934059598,1.9222046375274657
max,lr010,107,0.07461654586228827,0.1501490993806262,0.5798917971551418
max,lr001,108,0.06033080436976328,0.11389433357405065,1.9219563603401184
max,lr010,108,0.07471870775501033,0.1504480968704121,0.5759022459387779
max,lr001,109,0.06033928682449193,0.11392138359421577,1.9216694116592408
max,lr010,109,0.07482195505969201,0.15074114310424247,0.5727225989103317
max,lr001,110,0.06034805027934589,0.11394883348985366,1.9213999152183532
max,lr010,110,0.07491800675353183,0.15105479304976405,0.5696633093059063
max,lr001,111,0.06035684213577226,0.11397383844062711,1.9211243510246276
max,lr010,111,0.07500597880226058,0.15134092139893515,0.5673858493566513
max,lr001,112,0.06036658879580511,0.11399946286980098,1.9208229541778565
max,lr010,112,0.07509002192148348,0.15159858924829125,0.5659850977361203
max,lr001,113,0.060376069063771076,0.11402552190850616,1.920522105693817
max,lr010,113,0.07515749626791923,0.15184253413270582,0.5660057060420514
max,lr001,114,0.06038615884299934,0.11404783805371803,1.9202139616012572
max,lr010,114,0.0752211449395705,0.15206153879225798,0.5653146393597126
max,lr001,115,0.0603969330878598,0.11406732676172002,1.919876503944397
max,lr010,115,0.07527763630140154,0.15224274036279448,0.5669210340827704
max,lr001,116,0.06040874769375941,0.11408957120457308,1.9195091128349304
max,lr010,116,0.07534268113111814,0.15242572225251402,0.564140297099948
max,lr001,117,0.06042039096058911,0.11411051794753742,1.919138503074646
max,lr010,117,0.0754076297464183,0.15259807427514782,0.5625075832009315
max,lr001,118,0.06043131553186508,0.11413149395356781,1.9188092350959778
max,lr010,118,0.07546368764778058,0.1527562597078863,0.5596376936882734
max,lr001,119,0.06044295253372238,0.11415284717469595,1.918433940410614
max,lr010,119,0.0755134710808958,0.15291523891545467,0.558556542545557
max,lr001,120,0.06045593975671052,0.11417790049896966,1.9180194020271302
max,lr010,120,0.07558762274964351,0.15309071036252928,0.5541579507291317
max,lr001,121,0.06046889995327297,0.11420141208396513,1.9175999999046325
max,lr010,121,0.07564076095099734,0.15325336418026936,0.5508980501443148
max,lr001,122,0.06048220776747112,0.11422656500721032,1.9171681642532348
max,lr010,122,0.07568389386701266,0.15342697432062474,0.545976423099637
max,lr001,123,0.06049510101152816,0.11425268316213968,1.9167695879936217
max,lr010,123,0.07573751926135992,0.15362256388833814,0.5404328003525734
max,lr001,124,0.06050855441630877,0.1142759486075732,1.9163590908050536
max,lr010,124,0.07578610551015857,0.15384746404000443,0.5348036140203476
max,lr001,125,0.06052107774394779,0.11429924803577922,1.915920913219452
max,lr010,125,0.07583765663822088,0.15408171753050706,0.5274610292166472
max,lr001,126,0.06053353962440159,0.11432220166628541,1.9154934406280517
max,lr010,126,0.07589299501578897,0.15431265553134885,0.522324499860406
max,lr001,127,0.060546039196311144,0.11434551758629168,1.9150583386421203
max,lr010,127,0.07594340442792069,0.15455992840430655,0.517468174174428
max,lr001,128,0.0605581151088993,0.11436820129535112,1.914673638343811
max,lr010,128,0.07600073333793973,0.15480202281333627,0.5117146775126458
max,lr001,129,0.0605697228605831,0.11438937222025955,1.9143149733543396
max,lr010,129,0.07606117253850034,0.15505446030677592,0.5040792483836413
max,lr001,130,0.06058253099997707,0.1144084181599262,1.913880431652069
max,lr010,130,0.07614076298640085,0.15531441413058808,0.4964799419045448
max,lr001,131,0.06059604147403711,0.11442836498738373,1.9134060740470886
max,lr010,131,0.0762275104543073,0.1555736243664858,0.48925764225423335
max,lr001,132,0.06060935926080587,0.1144490208530626,1.9128902792930602
max,lr010,132,0.07631300005109529,0.1557881004990214,0.4843460816890001
max,lr001,133,0.06062220277859354,0.11447156730307137,1.9124009966850282
max,lr010,133,0.07640010250152433,0.1559717356092431,0.4760121554136276
max,lr001,134,0.060634541351250196,0.11449408646355294,1.9119171738624572
max,lr010,134,0.07648012546055569,0.1561533202287061,0.4661898210644722
max,lr001,135,0.060644933458803174,0.11451281692738857,1.9114537954330444
max,lr010,135,0.07656333117108607,0.1562859698297754,0.4551202613860369
max,lr001,136,0.06065635086221869,0.1145317571386072,1.9109856605529785
max,lr010,136,0.07664271010704904,0.15640173200527108,0.4452017661184072
max,lr001,137,0.06066590310977386,0.11455275274798349,1.9105781435966491
max,lr010,137,0.0767141350804876,0.15653813530843058,0.4365522027015686
max,lr001,138,0.06067552702137684,0.11457096770696899,1.910173273086548
max,lr010,138,0.0767884628724665,0.1566618111977726,0.4293116573244333
max,lr001,139,0.060686189377781544,0.11458791324482558,1.9097367644309997
max,lr010,139,0.07686984971695018,0.1568088175644788,0.42095760367810725
max,lr001,140,0.060698946166606996,0.1146060842497989,1.9092588901519776
max,lr010,140,0.07693464079371776,0.1569319229787818,0.41614784821867945
max,lr001,141,0.06071023546483413,0.11462568391730495,1.908844816684723
max,lr010,141,0.07699705821529293,0.1570675020007904,0.41231058686971667
max,lr001,142,0.06072320850622862,0.114648895370504,1.908377480506897
max,lr010,142,0.07704390506131517,0.1572307544307408,0.4113488238304853
max,lr001,143,0.06073652178921803,0.11467249265081776,1.9078964352607728
max,lr010,143,0.0770882113819543,0.157417290878054,0.41098364964127543
max,lr001,144,0.06075032758060125,0.11469953466793595,1.9073864340782165
max,lr010,144,0.07713472849541002,0.157614701598476,0.4094681695103645
max,lr001,145,0.060764750723182194,0.11472482909444917,1.9068387985229491
max,lr010,145,0.07717059290298507,0.1578139503490824,0.40984764583408834
max,lr001,146,0.0607802044196323,0.11474872754127201,1.9062116861343383
max,lr010,146,0.07719857778580813,0.15801382444282347,0.4114496771246195
max,lr001,147,0.060796181449623156,0.11477450153253539,1.9055630564689636
max,lr010,147,0.0772181719982545,0.1582165745598974,0.4142918273806572
max,lr001,148,0.060812662502610526,0.11480142538560831,1.9048678040504456
max,lr010,148,0.07723745810311548,0.15842298660340154,0.41545881927013395
max,lr001,149,0.06082882125881125,0.11482928304704665,1.9041278958320618
max,lr010,149,0.07725690937694821,0.15862747259430024,0.4173584520816803
max,lr001,150,0.06084615381026855,0.11485943560188443,1.9034029245376587
max,lr010,150,0.07727508363195282,0.1587972229825429,0.41979166232049464
max,lr001,151,0.060863616954719,0.11488792013469877,1.9026307702064513
max,lr010,151,0.07729830667236355,0.1589587277471772,0.421552674472332
max,lr001,152,0.060880846384938694,0.11491906559297813,1.9018110752105712
max,lr010,152,0.077326437243284,0.15912091872951106,0.4217205196619034
max,lr001,153,0.060897814829906416,0.11494982192603416,1.900994896888733
max,lr010,153,0.07736560207735284,0.1592912830812148,0.41994112469255923
max,lr001,154,0.0609157015608513,0.11498073976037007,1.900101637840271
max,lr010,154,0.07739588033731723,0.15944913384410436,0.4190809018909931
max,lr001,155,0.06093429566526802,0.11500819497239742,1.8991513848304749
max,lr010,155,0.0774495615147772,0.15959595567881496,0.41434341445565226
max,lr001,156,0.060952679761046624,0.11503478145768613,1.8982054591178894
max,lr010,156,0.07749113248647609,0.1597191860838426,0.4103981513530016
max,lr001,157,0.06097034998363497,0.11505981711767262,1.8972754955291748
max,lr010,157,0.07752441425804266,0.1598340382205485,0.410187079757452
max,lr001,158,0.060987437315580914,0.11508599004362188,1.8963568329811096
max,lr010,158,0.07753732839331191,0.15992754234355688,0.40825219005346297
max,lr001,159,0.061005368438375875,0.11511364862443112,1.8953962206840516
max,lr010,159,0.07755354241268124,0.1600333817032617,0.4056313559412956
max,lr001,160,0.061022755762406435,0.11513987359499941,1.8944785714149475
max,lr010,160,0.07757795411174914,0.16011891442614762,0.4018126863986254
max,lr001,161,0.06103950495289773,0.11516624652106913,1.8935477137565613
max,lr010,161,0.07761677983283637,0.16020590851670208,0.39621280916035173
max,lr001,162,0.06105577178843068,0.11518983803949386,1.8925902843475342
max,lr010,162,0.07764818733749596,0.16028773127217208,0.3899220671504736
max,lr001,163,0.06107413139531627,0.11521214713759934,1.8915756464004516
max,lr010,163,0.0776941876778316,0.16035037548396675,0.3846949964761734
max,lr001,164,0.06109140881950649,0.11523579876232279,1.890599536895752
max,lr010,164,0.07774021972146239,0.16045347421378825,0.3804910443723202
max,lr001,165,0.06110952809545149,0.11526188145753061,1.889628517627716
max,lr010,165,0.07778272696836375,0.16059629706994977,0.37482537515461445
max,lr001,166,0.061126178044977775,0.11528619419904429,1.8886585354804992
max,lr010,166,0.07782659900906744,0.16073134825305319,0.3720685005187988
max,lr001,167,0.061143591483917306,0.11530933893443154,1.8877312183380126
max,lr010,167,0.0778583677332447,0.1608759163500964,0.36992895379662516
max,lr001,168,0.06115990852540829,0.11533319810726868,1.8868953227996825
max,lr010,168,0.07788427728003106,0.1610177178023839,0.37065101489424707
max,lr001,169,0.06117536386846134,0.11536191732569037,1.8860368132591248
max,lr010,169,0.07791610913085045,0.16116955837984112,0.3705263201147318
max,lr001,170,0.06119042499378784,0.11539258719877032,1.8851006984710694
max,lr010,170,0.07793598880574369,0.1613247830031717,0.3705925278365612
max,lr001,171,0.0612062081486575,0.11542604418649147,1.8840776443481446
max,lr010,171,0.07798063863244598,0.16152137532435165,0.3705679129809141
max,lr001,172,0.061220606211919784,0.11546070730678026,1.8831205725669862
max,lr010,172,0.07801997466346201,0.1616835783294555,0.37090259194374087
max,lr001,173,0.06123552565270337,0.11549705612425802,1.8821919322013856
max,lr010,173,0.07805643499186596,0.1618288576985228,0.3697450652718544
max,lr001,174,0.06125071406290809,0.11553375065076946,1.881191372871399
max,lr010,174,0.07813421411764575,0.16197208014171843,0.36845159344375134
max,lr001,175,0.06126677622429957,0.11557010497998285,1.880144226551056
max,lr010,175,0.07818595795887436,0.16212416279016478,0.3664257977157831
max,lr001,176,0.06128401900628376,0.1156046417020977,1.879007339477539
max,lr010,176,0.07824844539412237,0.16225095209882104,0.36248958073556425
max,lr001,177,0.06130089667928411,0.11564047975385583,1.8778423070907593
max,lr010,177,0.07833731784496654,0.16239910915130643,0.35834107622504235
max,lr001,178,0.06131874118882071,0.11567501871074101,1.8766387343406676
max,lr010,178,0.07842041727382297,0.16253938983919838,0.3541556216776371
max,lr001,179,0.06133759732885717,0.11570785333153055,1.8754470944404602
max,lr010,179,0.07854823429393507,0.16262509646556292,0.3492704268544912
max,lr001,180,0.06135787679109365,0.11574023908913589,1.8741740465164185
max,lr010,180,0.07866659833400058,0.16269830550248848,0.34506926983594893
max,lr001,181,0.06137810545489776,0.11577256408495666,1.8728769898414612
max,lr010,181,0.07877812895319336,0.16271122848521546,0.34136726018041375
max,lr001,182,0.06139786126208154,0.1158085153592524,1.8716578006744384
max,lr010,182,0.07889188020216051,0.16271066176364682,0.3366167865693569
max,lr001,183,0.06141746434205838,0.11584484562784285,1.8703924059867858
max,lr010,183,0.0789975757446986,0.16273112495938105,0.33282400816679003
max,lr001,184,0.06143696635142999,0.1158821873417675,1.8690953731536866
max,lr010,184,0.07909610465860582,0.16277144159631823,0.3282441971823573
max,lr001,185,0.06145578161877576,0.11591640054233861,1.867816948890686
max,lr010,185,0.07918607741371357,0.16281434931902683,0.32353117782622576
max,lr001,186,0.0614751686322109,0.11594964908284108,1.86645268201828
max,lr010,186,0.07926487514375677,0.1628775953324258,0.3199878543615341
max,lr001,187,0.06149609095485725,0.11598323897578786,1.864962875843048
max,lr010,187,0.07933080511982242,0.1629456914674831,0.3183112969622016
max,lr001,188,0.0615178405511206,0.11601217026341179,1.8634212255477904
max,lr010,188,0.0793968787390984,0.16298765346931915,0.3164373001083732
max,lr001,189,0.061540080103411034,0.1160435578727919,1.8618369460105897
max,lr010,189,0.07946964609438492,0.16302324796129136,0.31390298809856176
max,lr001,190,0.061562781502695264,0.11607294466502704,1.8602905988693237
max,lr010,190,0.07954386010778178,0.16300687261440167,0.311185297369957
max,lr001,191,0.06158530701159467,0.11610246765845005,1.858708918094635
max,lr010,191,0.07961377912269163,0.1630249793819336,0.30831498485058545
max,lr001,192,0.06160755904705763,0.11613305753834884,1.8570777654647828
max,lr010,192,0.0796766938163475,0.16305556707247137,0.30509336283430455
max,lr001,193,0.061630324144529944,0.11616592455047962,1.8553768754005433
max,lr010,193,0.07974146900573145,0.16308239644555955,0.30071676671504977
max,lr001,194,0.06165192710168667,0.11620121263659662,1.8536800622940064
max,lr010,194,0.07979508983455552,0.1630883785890947,0.2973127042409033
max,lr001,195,0.061673109130066225,0.11623654074597507,1.8520658016204834
max,lr010,195,0.07984594920170239,0.16313842061140618,0.2948851366061717
max,lr001,196,0.061694483246130485,0.1162738118124003,1.8504087567329406
max,lr010,196,0.07989783794405554,0.16321433062582064,0.29166697557084265
max,lr001,197,0.06171689980022249,0.11631267056116903,1.8486788034439088
max,lr010,197,0.07995230732813051,0.1633121096432466,0.2883221974596381
max,lr001,198,0.06173865381021561,0.1163528930824446,1.84701806306839
max,lr010,198,0.07999855333899285,0.1634333780178583,0.2857711705844849
max,lr001,199,0.061760997889202474,0.11639472856535989,1.8453214526176454
max,lr010,199,0.08004188928193423,0.1635565758584399,0.28419855842366815
max,lr001,200,0.06178227165573822,0.1164338912881107,1.8437267303466798
max,lr010,200,0.0800813652276252,0.16369123860759155,0.28233612310141326
max,lr001,201,0.06180344429891469,0.11647300863789731,1.842094850540161
max,lr010,201,0.08010636406078797,0.1638515052689578,0.28195353648625315
max,lr001,202,0.06182740714855846,0.11650958192858443,1.8403237462043762
max,lr010,202,0.0801291481497316,0.16403250801944438,0.2821651755599305
max,lr001,203,0.0618514384966257,0.1165492040697842,1.8385191798210143
max,lr010,203,0.08015222602408642,0.1642219026302591,0.28209725115448236
max,lr001,204,0.06187499437559389,0.11659285987625294,1.836665892601013
max,lr010,204,0.08016799788417842,0.16440469900649693,0.2837696922011673
max,lr001,205,0.06189986979518859,0.116632750040112,1.8347092151641846
max,lr010,205,0.08018206070560285,0.16459014771567843,0.2855921389302239
max,lr001,206,0.06192489421257773,0.1166725129494135,1.832633948326111
max,lr010,206,0.08019758205064287,0.16478017390537855,0.2868697750847787
max,lr001,207,0.06194956568135175,0.11671199413012381,1.8304943919181824
max,lr010,207,0.0802178085346805,0.1649345481293904,0.2886782692279667
max,lr001,208,0.06197232897460357,0.11675093429904985,1.8284894824028015
max,lr010,208,0.08023146255547108,0.16506831785549778,0.2916196810314432
max,lr001,209,0.06199329707782999,0.11679084952502741,1.8265806555747985
max,lr010,209,0.08023900063222814,0.1651970071707524,0.29427387251053005
max,lr001,210,0.06201483184605988,0.11682762440488267,1.824653947353363
max,lr010,210,0.0802220240814565,0.16528774720079428,0.29653817624785006
max,lr001,211,0.06203612880522201,0.11686549999968399,1.8226383090019227
max,lr010,211,0.08021026994953596,0.1653787679202265,0.29843256236054005
max,lr001,212,0.06205944427697737,0.11690707833086875,1.8205886960029602
max,lr010,212,0.08019970157508552,0.1654779661438529,0.30022871317341926
max,lr001,213,0.06208265118548488,0.1169473617621996,1.8185543060302733
max,lr010,213,0.08020048394836364,0.16557324836243054,0.30100700436159966
max,lr001,214,0.06210551584427744,0.11698834745039118,1.8165246844291687
max,lr010,214,0.08020160312478762,0.16567090203952228,0.3013980412390083
max,lr001,215,0.06212791082943259,0.11702777041971227,1.8145902633666993
max,lr010,215,0.0802210206673477,0.16576288085313137,0.2995175153948367
max,lr001,216,0.062152766135461425,0.11706867335656648,1.8124356150627137
max,lr010,216,0.08023845212797374,0.16587810854724103,0.2959856675937772
max,lr001,217,0.062177266712309755,0.11710887582071598,1.8102949023246766
max,lr010,217,0.08026248819468766,0.16601643310064168,0.2915684069041163
max,lr001,218,0.06220205587647264,0.11715174285826202,1.8082549929618836
max,lr010,218,0.08027669878341018,0.16611048652310184,0.2890104133635759
max,lr001,219,0.06222615110277564,0.11719348301329238,1.8062235593795777
max,lr010,219,0.08028934407267777,0.1661968406207027,0.28674045877996834
max,lr001,220,0.06224967859783197,0.1172364340318988,1.8041702032089233
max,lr010,220,0.0803020869858663,0.1662509040060857,0.284964843117632
max,lr001,221,0.062272989801895884,0.1172778656814408,1.8021451354026794
max,lr010,221,0.08031999122395113,0.1663181327079247,0.28302438859827816
max,lr001,222,0.06229485435338185,0.11731803003239856,1.8001423478126526
max,lr010,222,0.08033265192435027,0.16637711057217291,0.2830568878678605
max,lr001,223,0.06231690436958979,0.11735918100106493,1.7981870412826537
max,lr010,223,0.08034342456260338,0.16644469978921664,0.28289818069897593
max,lr001,224,0.06233947672982448,0.11739884837392775,1.7961264848709106
max,lr010,224,0.08035339054556682,0.16653775307010205,0.2831054838839918
max,lr001,225,0.06236198508626032,0.1174399059063046,1.7940352439880372
max,lr010,225,0.08036249516675194,0.16664701673164012,0.28288231836631894
max,lr001,226,0.062384552695351515,0.11747813080304328,1.7919493317604065
max,lr010,226,0.08037587668517698,0.1667224274418555,0.2814857271499932
max,lr001,227,0.0624067214020798,0.11751694911563718,1.7897568464279174
max,lr010,227,0.08039880216187359,0.16679928258941473,0.2797126649180427
max,lr001,228,0.062427809951117755,0.11755743450556635,1.7875150203704835
max,lr010,228,0.08041439894934248,0.16686493432082428,0.2786246194737032
max,lr001,229,0.06244887057651689,0.11759738560412596,1.7852839231491089
max,lr010,229,0.08040456384259137,0.1669515616408362,0.2790452475193888
max,lr001,230,0.0624690296314673,0.11763793261974223,1.7831309676170348
max,lr010,230,0.08040873748059622,0.16705187821878179,0.2788681042846292
max,lr001,231,0.06249184526806213,0.11767819920247351,1.780663049221039
max,lr010,231,0.08042384452161858,0.16713138137548103,0.27807961832731964
max,lr001,232,0.06251505856427762,0.11771914815109183,1.7781752824783326
max,lr010,232,0.08045656307279325,0.16721590956405646,0.27819632831960917
max,lr001,233,0.06253627105162807,0.11776369288287487,1.775883400440216
max,lr010,233,0.08049264263548749,0.16730683583819023,0.2769645245745778
max,lr001,234,0.06255862335163276,0.11780773618709402,1.7734329223632812
max,lr010,234,0.08052581745264568,0.1673900843502328,0.27695890858303757
max,lr001,235,0.06258179681816571,0.11784931455178918,1.7709253072738647
max,lr010,235,0.08057246014023672,0.16749248118057236,0.2745641974266618
max,lr001,236,0.06260599438282924,0.11789165397698324,1.7682426810264587
max,lr010,236,0.08061941586122895,0.16761003396416105,0.2725785750662908
max,lr001,237,0.06263140836346304,0.11793814911780998,1.765452492237091
max,lr010,237,0.0806634372728339,0.16772400591823816,0.27131043050903825
max,lr001,238,0.06265566139908488,0.1179838649138966,1.7628552198410035
max,lr010,238,0.08070913423878974,0.16784350636572237,0.2682096727658063
max,lr001,239,0.06267906343804118,0.11803176116279793,1.7602926969528199
max,lr010,239,0.08075242948191311,0.16796667939141396,0.2648026743205264
max,lr001,240,0.06270228832092725,0.11807686937299669,1.7576673865318297
max,lr010,240,0.08080553704162671,0.16803450553060248,0.25914255359675736
max,lr001,241,0.0627263307849181,0.11812215424534042,1.7551102995872498
max,lr010,241,0.0808541303617898,0.16811340423882687,0.2544853409519419
max,lr001,242,0.06275066476411424,0.11816882533543631,1.7524533152580262
max,lr010,242,0.08090949274906031,0.1681589327735415,0.24982305392622947
max,lr001,243,0.06277692456913661,0.11821277818836184,1.7496574759483337
max,lr010,243,0.0809584529053871,0.16821176238106114,0.24604617308359594
max,lr001,244,0.06280164369318067,0.11825622852682949,1.7469741582870484
max,lr010,244,0.08100929885186128,0.1682826305880906,0.24298177962191403
max,lr001,245,0.06282782682667122,0.11829843165394782,1.7441075563430786
max,lr010,245,0.08105445746042675,0.16835928826562027,0.24071410442702473
max,lr001,246,0.06285513863307347,0.11833767502269144,1.7410535573959351
max,lr010,246,0.0811137324428167,0.16845235599365863,0.23616933065932244
max,lr001,247,0.0628806093695497,0.11837750425789202,1.7381474852561951
max,lr010,247,0.08116674583604964,0.1685428191811444,0.23277108138427138
max,lr001,248,0.06290627549252781,0.11841570818218525,1.7353242754936218
max,lr010,248,0.08121366235633418,0.16862288610916099,0.23039251521695406
max,lr001,249,0.06292986570766716,0.11845436937446743,1.73272647857666
max,lr010,249,0.08125213645725983,0.16870719613177765,0.22945581732783465
max,lr001,250,0.06295408163683515,0.11849461760008359,1.7300519585609435
max,lr010,250,0.08127944770076379,0.16880048492038224,0.2309654386714101
