circuit,group,seed,calls,best_luts,best_levels,best_feasible
max,reward,0,11,786,41,True
max,reward,0,22,786,41,True
max,reward,0,33,786,41,True
max,reward,0,44,786,41,True
max,reward,0,55,786,41,True
max,reward,0,66,775,41,True
max,reward,0,77,775,41,True
max,reward,0,88,775,41,True
max,reward,0,99,775,41,True
max,reward,0,110,775,41,True
max,reward,0,121,775,41,True
max,reward,0,132,775,41,True
max,reward,0,143,775,41,True
max,reward,0,154,775,41,True
max,reward,0,165,772,41,True
max,reward,0,176,772,41,True
max,reward,0,187,772,41,True
max,reward,0,198,772,41,True
max,reward,0,209,772,41,True
max,reward,0,220,772,41,True
max,reward,0,231,772,41,True
max,reward,0,242,772,41,True
max,reward,0,253,772,41,True
max,reward,0,264,772,41,True
max,reward,0,275,772,41,True
max,reward,0,286,772,41,True
max,reward,0,297,772,41,True
max,reward,0,308,772,41,True
max,reward,0,319,772,41,True
max,reward,0,330,772,41,True
max,reward,0,341,772,41,True
max,reward,0,352,772,41,True
max,reward,0,363,772,41,True
max,reward,0,374,772,41,True
max,reward,0,385,772,41,True
max,reward,0,396,772,41,True
max,reward,0,407,772,41,True
max,reward,0,418,772,41,True
max,reward,0,429,772,41,True
max,reward,0,440,772,41,True
max,reward,0,451,772,41,True
max,reward,0,462,772,41,True
max,reward,0,473,772,41,True
max,reward,0,484,772,41,True
max,reward,0,495,772,41,True
max,reward,0,506,772,41,True
max,reward,0,517,772,41,True
max,reward,0,528,764,41,True
max,reward,0,539,764,41,True
max,reward,0,550,764,41,True
max,reward,0,561,764,41,True
max,reward,0,572,764,41,True
max,reward,0,583,764,41,True
max,reward,0,594,764,41,True
max,reward,0,605,764,41,True
max,reward,0,616,764,41,True
max,reward,0,627,764,41,True
max,reward,0,638,764,41,True
max,reward,0,649,764,41,True
max,reward,0,660,764,41,True
max,reward,0,671,764,41,True
max,reward,0,682,764,41,True
max,reward,0,693,764,41,True
max,reward,0,704,764,41,True
max,reward,0,715,764,41,True
max,reward,0,726,764,41,True
max,reward,0,737,764,41,True
max,reward,0,748,764,41,True
max,reward,0,759,764,41,True
max,reward,0,770,764,41,True
max,reward,0,781,764,41,True
max,reward,0,792,764,41,True
max,reward,0,803,764,41,True
max,reward,0,814,764,41,True
max,reward,0,825,764,41,True
max,reward,0,836,764,41,True
max,reward,0,847,764,41,True
max,reward,0,858,764,41,True
max,reward,0,869,764,41,True
max,reward,0,880,764,41,True
max,reward,0,891,764,41,True
max,reward,0,902,764,41,True
max,reward,0,913,764,41,True
max,reward,0,924,764,41,True
max,reward,0,935,764,41,True
max,reward,0,946,764,41,True
max,reward,0,957,764,41,True
max,reward,0,968,764,41,True
max,reward,0,979,764,41,True
max,reward,0,990,764,41,True
max,reward,0,1001,764,41,True
max,reward,0,1012,764,41,True
max,reward,0,1023,764,41,True
max,reward,0,1034,764,41,True
max,reward,0,1045,764,41,True
max,reward,0,1056,764,41,True
max,reward,0,1067,764,41,True
max,reward,0,1078,764,41,True
max,reward,0,1089,764,41,True
max,reward,0,1100,764,41,True
max,reward,1,11,,42,False
max,reward,1,22,,42,False
max,reward,1,33,,42,False
max,reward,1,44,,42,False
max,reward,1,55,,42,False
max,reward,1,66,,42,False
max,reward,1,77,,42,False
max,reward,1,88,,42,False
max,reward,1,99,,42,False
max,reward,1,110,,42,False
max,reward,1,121,,42,False
max,reward,1,132,,42,False
max,reward,1,143,,42,False
max,reward,1,154,,42,False
max,reward,1,165,808,40,True
max,reward,1,176,808,40,True
max,reward,1,187,808,40,True
max,reward,1,198,808,40,True
max,reward,1,209,808,40,True
max,reward,1,220,808,40,True
max,reward,1,231,801,41,True
max,reward,1,242,801,41,True
max,reward,1,253,801,41,True
max,reward,1,264,801,41,True
max,reward,1,275,801,41,True
max,reward,1,286,801,41,True
max,reward,1,297,801,41,True
max,reward,1,308,801,41,True
max,reward,1,319,801,41,True
max,reward,1,330,793,41,True
max,reward,1,341,793,41,True
max,reward,1,352,793,41,True
max,reward,1,363,793,41,True
max,reward,1,374,793,41,True
max,reward,1,385,793,41,True
max,reward,1,396,793,41,True
max,reward,1,407,793,41,True
max,reward,1,418,793,41,True
max,reward,1,429,793,41,True
max,reward,1,440,793,41,True
max,reward,1,451,781,41,True
max,reward,1,462,781,41,True
max,reward,1,473,781,41,True
max,reward,1,484,781,41,True
max,reward,1,495,781,41,True
max,reward,1,506,781,41,True
max,reward,1,517,781,41,True
max,reward,1,528,781,41,True
max,reward,1,539,781,41,True
max,reward,1,550,781,41,True
max,reward,1,561,781,41,True
max,reward,1,572,781,41,True
max,reward,1,583,781,41,True
max,reward,1,594,781,41,True
max,reward,1,605,781,41,True
max,reward,1,616,781,41,True
max,reward,1,627,781,41,True
max,reward,1,638,781,41,True
max,reward,1,649,781,41,True
max,reward,1,660,781,41,True
max,reward,1,671,781,41,True
max,reward,1,682,781,41,True
max,reward,1,693,781,41,True
max,reward,1,704,781,41,True
max,reward,1,715,781,41,True
max,reward,1,726,781,41,True
max,reward,1,737,781,41,True
max,reward,1,748,781,41,True
max,reward,1,759,781,41,True
max,reward,1,770,777,41,True
max,reward,1,781,777,41,True
max,reward,1,792,777,41,True
max,reward,1,803,777,41,True
max,reward,1,814,777,41,True
max,reward,1,825,777,41,True
max,reward,1,836,772,41,True
max,reward,1,847,772,41,True
max,reward,1,858,772,41,True
max,reward,1,869,772,41,True
max,reward,1,880,772,41,True
max,reward,1,891,772,41,True
max,reward,1,902,772,41,True
max,reward,1,913,772,41,True
max,reward,1,924,772,41,True
max,reward,1,935,772,41,True
max,reward,1,946,772,41,True
max,reward,1,957,772,41,True
max,reward,1,968,772,41,True
max,reward,1,979,772,41,True
max,reward,1,990,772,41,True
max,reward,1,1001,772,41,True
max,reward,1,1012,772,41,True
max,reward,1,1023,772,41,True
max,reward,1,1034,772,41,True
max,reward,1,1045,772,41,True
max,reward,1,1056,772,41,True
max,reward,1,1067,772,41,True
max,reward,1,1078,772,41,True
max,reward,1,1089,772,41,True
max,reward,1,1100,772,41,True
max,reward,2,11,,42,False
max,reward,2,22,,42,False
max,reward,2,33,777,41,True
max,reward,2,44,777,41,True
max,reward,2,55,777,41,True
max,reward,2,66,777,41,True
max,reward,2,77,777,41,True
max,reward,2,88,777,41,True
max,reward,2,99,777,41,True
max,reward,2,110,777,41,True
max,reward,2,121,777,41,True
max,reward,2,132,777,41,True
max,reward,2,143,777,41,True
max,reward,2,154,777,41,True
max,reward,2,165,777,41,True
max,reward,2,176,777,41,True
max,reward,2,187,777,41,True
max,reward,2,198,777,41,True
max,reward,2,209,777,41,True
max,reward,2,220,777,41,True
max,reward,2,231,777,41,True
max,reward,2,242,777,41,True
max,reward,2,253,773,41,True
max,reward,2,264,771,41,True
max,reward,2,275,771,41,True
max,reward,2,286,771,41,True
max,reward,2,297,771,41,True
max,reward,2,308,771,41,True
max,reward,2,319,771,41,True
max,reward,2,330,771,41,True
max,reward,2,341,771,41,True
max,reward,2,352,771,41,True
max,reward,2,363,771,41,True
max,reward,2,374,771,41,True
max,reward,2,385,770,41,True
max,reward,2,396,770,41,True
max,reward,2,407,770,41,True
max,reward,2,418,770,41,True
max,reward,2,429,770,41,True
max,reward,2,440,770,41,True
max,reward,2,451,770,41,True
max,reward,2,462,770,41,True
max,reward,2,473,770,41,True
max,reward,2,484,770,41,True
max,reward,2,495,770,41,True
max,reward,2,506,770,41,True
max,reward,2,517,770,41,True
max,reward,2,528,770,41,True
max,reward,2,539,770,41,True
max,reward,2,550,770,41,True
max,reward,2,561,770,41,True
max,reward,2,572,760,40,True
max,reward,2,583,760,40,True
max,reward,2,594,760,40,True
max,reward,2,605,760,40,True
max,reward,2,616,760,40,True
max,reward,2,627,760,40,True
max,reward,2,638,760,40,True
max,reward,2,649,760,40,True
max,reward,2,660,760,40,True
max,reward,2,671,760,40,True
max,reward,2,682,760,40,True
max,reward,2,693,760,40,True
max,reward,2,704,760,40,True
max,reward,2,715,760,40,True
max,reward,2,726,760,40,True
max,reward,2,737,760,40,True
max,reward,2,748,760,40,True
max,reward,2,759,760,40,True
max,reward,2,770,760,40,True
max,reward,2,781,760,40,True
max,reward,2,792,760,40,True
max,reward,2,803,760,40,True
max,reward,2,814,760,40,True
max,reward,2,825,760,40,True
max,reward,2,836,760,40,True
max,reward,2,847,760,40,True
max,reward,2,858,760,40,True
max,reward,2,869,760,40,True
max,reward,2,880,760,40,True
max,reward,2,891,760,40,True
max,reward,2,902,760,40,True
max,reward,2,913,760,40,True
max,reward,2,924,760,40,True
max,reward,2,935,760,40,True
max,reward,2,946,760,40,True
max,reward,2,957,760,40,True
max,reward,2,968,760,40,True
max,reward,2,979,760,40,True
max,reward,2,990,760,40,True
max,reward,2,1001,760,40,True
max,reward,2,1012,760,40,True
max,reward,2,1023,760,40,True
max,reward,2,1034,760,40,True
max,reward,2,1045,760,40,True
max,reward,2,1056,760,40,True
max,reward,2,1067,760,40,True
max,reward,2,1078,760,40,True
max,reward,2,1089,760,40,True
max,reward,2,1100,760,40,True
max,reward,3,11,787,41,True
max,reward,3,22,787,41,True
max,reward,3,33,787,41,True
max,reward,3,44,787,41,True
max,reward,3,55,787,41,True
max,reward,3,66,787,41,True
max,reward,3,77,778,41,True
max,reward,3,88,778,41,True
max,reward,3,99,778,41,True
max,reward,3,110,778,41,True
max,reward,3,121,778,41,True
max,reward,3,132,778,41,True
max,reward,3,143,778,41,True
max,reward,3,154,778,41,True
max,reward,3,165,778,41,True
max,reward,3,176,778,41,True
max,reward,3,187,778,41,True
max,reward,3,198,776,41,True
max,reward,3,209,776,41,True
max,reward,3,220,776,41,True
max,reward,3,231,776,41,True
max,reward,3,242,776,41,True
max,reward,3,253,776,41,True
max,reward,3,264,776,41,True
max,reward,3,275,776,41,True
max,reward,3,286,776,41,True
max,reward,3,297,776,41,True
max,reward,3,308,776,41,True
max,reward,3,319,776,41,True
max,reward,3,330,776,41,True
max,reward,3,341,776,41,True
max,reward,3,352,767,41,True
max,reward,3,363,767,41,True
max,reward,3,374,767,41,True
max,reward,3,385,767,41,True
max,reward,3,396,767,41,True
max,reward,3,407,767,41,True
max,reward,3,418,767,41,True
max,reward,3,429,767,41,True
max,reward,3,440,767,41,True
max,reward,3,451,767,41,True
max,reward,3,462,767,41,True
max,reward,3,473,767,41,True
max,reward,3,484,767,41,True
max,reward,3,495,767,41,True
max,reward,3,506,767,41,True
max,reward,3,517,767,41,True
max,reward,3,528,767,41,True
max,reward,3,539,767,41,True
max,reward,3,550,767,41,True
max,reward,3,561,767,41,True
max,reward,3,572,767,41,True
max,reward,3,583,767,41,True
max,reward,3,594,767,41,True
max,reward,3,605,767,41,True
max,reward,3,616,767,41,True
max,reward,3,627,767,41,True
max,reward,3,638,767,41,True
max,reward,3,649,767,41,True
max,reward,3,660,767,41,True
max,reward,3,671,767,41,True
max,reward,3,682,767,41,True
max,reward,3,693,767,41,True
max,reward,3,704,767,41,True
max,reward,3,715,767,41,True
max,reward,3,726,767,41,True
max,reward,3,737,767,41,True
max,reward,3,748,767,41,True
max,reward,3,759,767,41,True
max,reward,3,770,767,41,True
max,reward,3,781,767,41,True
max,reward,3,792,767,41,True
max,reward,3,803,767,41,True
max,reward,3,814,767,41,True
max,reward,3,825,767,41,True
max,reward,3,836,767,41,True
max,reward,3,847,767,41,True
max,reward,3,858,767,41,True
max,reward,3,869,767,41,True
max,reward,3,880,767,41,True
max,reward,3,891,767,41,True
max,reward,3,902,767,41,True
max,reward,3,913,767,41,True
max,reward,3,924,767,41,True
max,reward,3,935,767,41,True
max,reward,3,946,767,41,True
max,reward,3,957,767,41,True
max,reward,3,968,767,41,True
max,reward,3,979,767,41,True
max,reward,3,990,767,41,True
max,reward,3,1001,767,41,True
max,reward,3,1012,767,41,True
max,reward,3,1023,767,41,True
max,reward,3,1034,767,41,True
max,reward,3,1045,767,41,True
max,reward,3,1056,767,41,True
max,reward,3,1067,767,41,True
max,reward,3,1078,767,41,True
max,reward,3,1089,767,41,True
max,reward,3,1100,767,41,True
max,reward,4,11,,42,False
max,reward,4,22,,42,False
max,reward,4,33,,42,False
max,reward,4,44,,42,False
max,reward,4,55,,42,False
max,reward,4,66,796,41,True
max,reward,4,77,796,41,True
max,reward,4,88,796,41,True
max,reward,4,99,796,41,True
max,reward,4,110,796,41,True
max,reward,4,121,796,41,True
max,reward,4,132,796,41,True
max,reward,4,143,781,41,True
max,reward,4,154,781,41,True
max,reward,4,165,781,41,True
max,reward,4,176,781,41,True
max,reward,4,187,781,41,True
max,reward,4,198,781,41,True
max,reward,4,209,781,41,True
max,reward,4,220,781,41,True
max,reward,4,231,781,41,True
max,reward,4,242,781,41,True
max,reward,4,253,781,41,True
max,reward,4,264,781,41,True
max,reward,4,275,781,41,True
max,reward,4,286,781,41,True
max,reward,4,297,781,41,True
max,reward,4,308,768,41,True
max,reward,4,319,768,41,True
max,reward,4,330,768,41,True
max,reward,4,341,768,41,True
max,reward,4,352,768,41,True
max,reward,4,363,768,41,True
max,reward,4,374,768,41,True
max,reward,4,385,768,41,True
max,reward,4,396,768,41,True
max,reward,4,407,768,41,True
max,reward,4,418,768,41,True
max,reward,4,429,768,41,True
max,reward,4,440,768,41,True
max,reward,4,451,768,41,True
max,reward,4,462,768,41,True
max,reward,4,473,768,41,True
max,reward,4,484,768,41,True
max,reward,4,495,768,41,True
max,reward,4,506,768,41,True
max,reward,4,517,768,41,True
max,reward,4,528,768,41,True
max,reward,4,539,768,41,True
max,reward,4,550,768,41,True
max,reward,4,561,768,41,True
max,reward,4,572,768,41,True
max,reward,4,583,768,41,True
max,reward,4,594,768,41,True
max,reward,4,605,768,41,True
max,reward,4,616,768,41,True
max,reward,4,627,768,41,True
max,reward,4,638,768,41,True
max,reward,4,649,768,41,True
max,reward,4,660,768,41,True
max,reward,4,671,768,41,True
max,reward,4,682,768,41,True
max,reward,4,693,768,41,True
max,reward,4,704,768,41,True
max,reward,4,715,768,41,True
max,reward,4,726,768,41,True
max,reward,4,737,768,41,True
max,reward,4,748,768,41,True
max,reward,4,759,768,41,True
max,reward,4,770,768,41,True
max,reward,4,781,768,41,True
max,reward,4,792,768,41,True
max,reward,4,803,768,41,True
max,reward,4,814,768,41,True
max,reward,4,825,768,41,True
max,reward,4,836,768,41,True
max,reward,4,847,768,41,True
max,reward,4,858,768,41,True
max,reward,4,869,768,41,True
max,reward,4,880,768,41,True
max,reward,4,891,768,41,True
max,reward,4,902,768,41,True
max,reward,4,913,768,41,True
max,reward,4,924,768,41,True
max,reward,4,935,768,41,True
max,reward,4,946,768,41,True
max,reward,4,957,768,41,True
max,reward,4,968,768,41,True
max,reward,4,979,768,41,True
max,reward,4,990,768,41,True
max,reward,4,1001,768,41,True
max,reward,4,1012,768,41,True
max,reward,4,1023,768,41,True
max,reward,4,1034,768,41,True
max,reward,4,1045,768,41,True
max,reward,4,1056,768,41,True
max,reward,4,1067,768,41,True
max,reward,4,1078,768,41,True
max,reward,4,1089,768,41,True
max,reward,4,1100,768,41,True
max,frozen,0,11,786,41,True
max,frozen,0,22,786,41,True
max,frozen,0,33,786,41,True
max,frozen,0,44,786,41,True
max,frozen,0,55,786,41,True
max,frozen,0,66,786,41,True
max,frozen,0,77,786,41,True
max,frozen,0,88,786,41,True
max,frozen,0,99,781,41,True
max,frozen,0,110,781,41,True
max,frozen,0,121,781,41,True
max,frozen,0,132,781,41,True
max,frozen,0,143,781,41,True
max,frozen,0,154,781,41,True
max,frozen,0,165,781,41,True
max,frozen,0,176,781,41,True
max,frozen,0,187,781,41,True
max,frozen,0,198,781,41,True
max,frozen,0,209,781,41,True
max,frozen,0,220,781,41,True
max,frozen,0,231,781,41,True
max,frozen,0,242,781,41,True
max,frozen,0,253,781,41,True
max,frozen,0,264,781,41,True
max,frozen,0,275,781,41,True
max,frozen,0,286,781,41,True
max,frozen,0,297,781,41,True
max,frozen,0,308,769,41,True
max,frozen,0,319,769,41,True
max,frozen,0,330,769,41,True
max,frozen,0,341,769,41,True
max,frozen,0,352,769,41,True
max,frozen,0,363,769,41,True
max,frozen,0,374,769,41,True
max,frozen,0,385,769,41,True
max,frozen,0,396,769,41,True
max,frozen,0,407,769,41,True
max,frozen,0,418,769,41,True
max,frozen,0,429,769,41,True
max,frozen,0,440,769,41,True
max,frozen,0,451,769,41,True
max,frozen,0,462,769,41,True
max,frozen,0,473,769,41,True
max,frozen,0,484,769,41,True
max,frozen,0,495,769,41,True
max,frozen,0,506,769,41,True
max,frozen,0,517,769,41,True
max,frozen,0,528,763,41,True
max,frozen,0,539,763,41,True
max,frozen,0,550,763,41,True
max,frozen,0,561,763,41,True
max,frozen,0,572,763,41,True
max,frozen,0,583,763,41,True
max,frozen,0,594,763,41,True
max,frozen,0,605,763,41,True
max,frozen,0,616,763,41,True
max,frozen,0,627,763,41,True
max,frozen,0,638,763,41,True
max,frozen,0,649,763,41,True
max,frozen,0,660,763,41,True
max,frozen,0,671,763,41,True
max,frozen,0,682,763,41,True
max,frozen,0,693,763,41,True
max,frozen,0,704,763,41,True
max,frozen,0,715,763,41,True
max,frozen,0,726,763,41,True
max,frozen,0,737,763,41,True
max,frozen,0,748,763,41,True
max,frozen,0,759,763,41,True
max,frozen,0,770,763,41,True
max,frozen,0,781,763,41,True
max,frozen,0,792,763,41,True
max,frozen,0,803,763,41,True
max,frozen,0,814,763,41,True
max,frozen,0,825,763,41,True
max,frozen,0,836,763,41,True
max,frozen,0,847,763,41,True
max,frozen,0,858,763,41,True
max,frozen,0,869,763,41,True
max,frozen,0,880,763,41,True
max,frozen,0,891,763,41,True
max,frozen,0,902,763,41,True
max,frozen,0,913,763,41,True
max,frozen,0,924,763,41,True
max,frozen,0,935,763,41,True
max,frozen,0,946,763,41,True
max,frozen,0,957,763,41,True
max,frozen,0,968,763,41,True
max,frozen,0,979,763,41,True
max,frozen,0,990,763,41,True
max,frozen,0,1001,763,41,True
max,frozen,0,1012,763,41,True
max,frozen,0,1023,763,41,True
max,frozen,0,1034,763,41,True
max,frozen,0,1045,763,41,True
max,frozen,0,1056,763,41,True
max,frozen,0,1067,763,41,True
max,frozen,0,1078,763,41,True
max,frozen,0,1089,763,41,True
max,frozen,0,1100,763,41,True
max,frozen,1,11,,42,False
max,frozen,1,22,,42,False
max,frozen,1,33,,42,False
max,frozen,1,44,,42,False
max,frozen,1,55,785,41,True
max,frozen,1,66,785,41,True
max,frozen,1,77,775,41,True
max,frozen,1,88,775,41,True
max,frozen,1,99,775,41,True
max,frozen,1,110,775,41,True
max,frozen,1,121,775,41,True
max,frozen,1,132,775,41,True
max,frozen,1,143,775,41,True
max,frozen,1,154,775,41,True
max,frozen,1,165,775,41,True
max,frozen,1,176,775,41,True
max,frozen,1,187,775,41,True
max,frozen,1,198,775,41,True
max,frozen,1,209,775,41,True
max,frozen,1,220,775,41,True
max,frozen,1,231,775,41,True
max,frozen,1,242,775,41,True
max,frozen,1,253,775,41,True
max,frozen,1,264,775,41,True
max,frozen,1,275,775,41,True
max,frozen,1,286,775,41,True
max,frozen,1,297,775,41,True
max,frozen,1,308,775,41,True
max,frozen,1,319,775,41,True
max,frozen,1,330,775,41,True
max,frozen,1,341,775,41,True
max,frozen,1,352,775,41,True
max,frozen,1,363,775,41,True
max,frozen,1,374,775,41,True
max,frozen,1,385,775,41,True
max,frozen,1,396,775,41,True
max,frozen,1,407,775,41,True
max,frozen,1,418,775,41,True
max,frozen,1,429,775,41,True
max,frozen,1,440,775,41,True
max,frozen,1,451,775,41,True
max,frozen,1,462,775,41,True
max,frozen,1,473,775,41,True
max,frozen,1,484,775,41,True
max,frozen,1,495,775,41,True
max,frozen,1,506,775,41,True
max,frozen,1,517,775,41,True
max,frozen,1,528,775,41,True
max,frozen,1,539,775,41,True
max,frozen,1,550,775,41,True
max,frozen,1,561,775,41,True
max,frozen,1,572,775,41,True
max,frozen,1,583,775,41,True
max,frozen,1,594,775,41,True
max,frozen,1,605,775,41,True
max,frozen,1,616,775,41,True
max,frozen,1,627,775,41,True
max,frozen,1,638,775,41,True
max,frozen,1,649,775,41,True
max,frozen,1,660,775,41,True
max,frozen,1,671,775,41,True
max,frozen,1,682,775,41,True
max,frozen,1,693,775,41,True
max,frozen,1,704,775,41,True
max,frozen,1,715,775,41,True
max,frozen,1,726,775,41,True
max,frozen,1,737,775,41,True
max,frozen,1,748,775,41,True
max,frozen,1,759,775,41,True
max,frozen,1,770,775,41,True
max,frozen,1,781,775,41,True
max,frozen,1,792,775,41,True
max,frozen,1,803,775,41,True
max,frozen,1,814,775,41,True
max,frozen,1,825,775,41,True
max,frozen,1,836,775,41,True
max,frozen,1,847,775,41,True
max,frozen,1,858,775,41,True
max,frozen,1,869,775,41,True
max,frozen,1,880,775,41,True
max,frozen,1,891,775,41,True
max,frozen,1,902,775,41,True
max,frozen,1,913,775,41,True
max,frozen,1,924,775,41,True
max,frozen,1,935,775,41,True
max,frozen,1,946,775,41,True
max,frozen,1,957,775,41,True
max,frozen,1,968,775,41,True
max,frozen,1,979,775,41,True
max,frozen,1,990,775,41,True
max,frozen,1,1001,775,41,True
max,frozen,1,1012,775,41,True
max,frozen,1,1023,775,41,True
max,frozen,1,1034,775,41,True
max,frozen,1,1045,775,41,True
max,frozen,1,1056,775,41,True
max,frozen,1,1067,775,41,True
max,frozen,1,1078,775,41,True
max,frozen,1,1089,775,41,True
max,frozen,1,1100,775,41,True
max,frozen,2,11,,42,False
max,frozen,2,22,,42,False
max,frozen,2,33,777,41,True
max,frozen,2,44,777,41,True
max,frozen,2,55,777,41,True
max,frozen,2,66,777,41,True
max,frozen,2,77,777,41,True
max,frozen,2,88,777,41,True
max,frozen,2,99,777,41,True
max,frozen,2,110,777,41,True
max,frozen,2,121,777,41,True
max,frozen,2,132,777,41,True
max,frozen,2,143,777,41,True
max,frozen,2,154,777,41,True
max,frozen,2,165,777,41,True
max,frozen,2,176,777,41,True
max,frozen,2,187,777,41,True
max,frozen,2,198,777,41,True
max,frozen,2,209,777,41,True
max,frozen,2,220,777,41,True
max,frozen,2,231,777,41,True
max,frozen,2,242,777,41,True
max,frozen,2,253,777,41,True
max,frozen,2,264,777,41,True
max,frozen,2,275,777,41,True
max,frozen,2,286,777,41,True
max,frozen,2,297,777,41,True
max,frozen,2,308,777,41,True
max,frozen,2,319,777,41,True
max,frozen,2,330,777,41,True
max,frozen,2,341,777,41,True
max,frozen,2,352,777,41,True
max,frozen,2,363,777,41,True
max,frozen,2,374,777,41,True
max,frozen,2,385,777,41,True
max,frozen,2,396,777,41,True
max,frozen,2,407,777,41,True
max,frozen,2,418,777,41,True
max,frozen,2,429,777,41,True
max,frozen,2,440,777,41,True
max,frozen,2,451,777,41,True
max,frozen,2,462,777,41,True
max,frozen,2,473,777,41,True
max,frozen,2,484,777,41,True
max,frozen,2,495,777,41,True
max,frozen,2,506,777,41,True
max,frozen,2,517,777,41,True
max,frozen,2,528,777,41,True
max,frozen,2,539,777,41,True
max,frozen,2,550,777,41,True
max,frozen,2,561,777,41,True
max,frozen,2,572,777,41,True
max,frozen,2,583,777,41,True
max,frozen,2,594,777,41,True
max,frozen,2,605,777,41,True
max,frozen,2,616,777,41,True
max,frozen,2,627,777,41,True
max,frozen,2,638,777,41,True
max,frozen,2,649,777,41,True
max,frozen,2,660,777,41,True
max,frozen,2,671,777,41,True
max,frozen,2,682,774,41,True
max,frozen,2,693,774,41,True
max,frozen,2,704,774,41,True
max,frozen,2,715,774,41,True
max,frozen,2,726,774,41,True
max,frozen,2,737,774,41,True
max,frozen,2,748,774,41,True
max,frozen,2,759,774,41,True
max,frozen,2,770,774,41,True
max,frozen,2,781,774,41,True
max,frozen,2,792,774,41,True
max,frozen,2,803,774,41,True
max,frozen,2,814,774,41,True
max,frozen,2,825,774,41,True
max,frozen,2,836,774,41,True
max,frozen,2,847,774,41,True
max,frozen,2,858,774,41,True
max,frozen,2,869,774,41,True
max,frozen,2,880,774,41,True
max,frozen,2,891,774,41,True
max,frozen,2,902,774,41,True
max,frozen,2,913,774,41,True
max,frozen,2,924,774,41,True
max,frozen,2,935,774,41,True
max,frozen,2,946,774,41,True
max,frozen,2,957,774,41,True
max,frozen,2,968,774,41,True
max,frozen,2,979,774,41,True
max,frozen,2,990,774,41,True
max,frozen,2,1001,774,41,True
max,frozen,2,1012,774,41,True
max,frozen,2,1023,774,41,True
max,frozen,2,1034,774,41,True
max,frozen,2,1045,774,41,True
max,frozen,2,1056,774,41,True
max,frozen,2,1067,774,41,True
max,frozen,2,1078,774,41,True
max,frozen,2,1089,774,41,True
max,frozen,2,1100,773,41,True
max,frozen,3,11,787,41,True
max,frozen,3,22,787,41,True
max,frozen,3,33,787,41,True
max,frozen,3,44,787,41,True
max,frozen,3,55,787,41,True
max,frozen,3,66,787,41,True
max,frozen,3,77,787,41,True
max,frozen,3,88,787,41,True
max,frozen,3,99,787,41,True
max,frozen,3,110,787,41,True
max,frozen,3,121,782,41,True
max,frozen,3,132,782,41,True
max,frozen,3,143,782,41,True
max,frozen,3,154,782,41,True
max,frozen,3,165,782,41,True
max,frozen,3,176,782,41,True
max,frozen,3,187,782,41,True
max,frozen,3,198,782,41,True
max,frozen,3,209,782,41,True
max,frozen,3,220,782,41,True
max,frozen,3,231,782,41,True
max,frozen,3,242,782,41,True
max,frozen,3,253,782,41,True
max,frozen,3,264,782,41,True
max,frozen,3,275,782,41,True
max,frozen,3,286,782,41,True
max,frozen,3,297,782,41,True
max,frozen,3,308,782,41,True
max,frozen,3,319,782,41,True
max,frozen,3,330,782,41,True
max,frozen,3,341,782,41,True
max,frozen,3,352,769,41,True
max,frozen,3,363,769,41,True
max,frozen,3,374,769,41,True
max,frozen,3,385,769,41,True
max,frozen,3,396,769,41,True
max,frozen,3,407,769,41,True
max,frozen,3,418,769,41,True
max,frozen,3,429,769,41,True
max,frozen,3,440,769,41,True
max,frozen,3,451,769,41,True
max,frozen,3,462,769,41,True
max,frozen,3,473,769,41,True
max,frozen,3,484,769,41,True
max,frozen,3,495,769,41,True
max,frozen,3,506,769,41,True
max,frozen,3,517,769,41,True
max,frozen,3,528,769,41,True
max,frozen,3,539,769,41,True
max,frozen,3,550,769,41,True
max,frozen,3,561,769,41,True
max,frozen,3,572,769,41,True
max,frozen,3,583,769,41,True
max,frozen,3,594,769,41,True
max,frozen,3,605,769,41,True
max,frozen,3,616,769,41,True
max,frozen,3,627,769,41,True
max,frozen,3,638,769,41,True
max,frozen,3,649,769,41,True
max,frozen,3,660,769,41,True
max,frozen,3,671,769,41,True
max,frozen,3,682,769,41,True
max,frozen,3,693,769,41,True
max,frozen,3,704,769,41,True
max,frozen,3,715,769,41,True
max,frozen,3,726,769,41,True
max,frozen,3,737,769,41,True
max,frozen,3,748,769,41,True
max,frozen,3,759,769,41,True
max,frozen,3,770,769,41,True
max,frozen,3,781,769,41,True
max,frozen,3,792,769,41,True
max,frozen,3,803,769,41,True
max,frozen,3,814,769,41,True
max,frozen,3,825,769,41,True
max,frozen,3,836,769,41,True
max,frozen,3,847,769,41,True
max,frozen,3,858,769,41,True
max,frozen,3,869,769,41,True
max,frozen,3,880,769,41,True
max,frozen,3,891,769,41,True
max,frozen,3,902,769,41,True
max,frozen,3,913,769,41,True
max,frozen,3,924,769,41,True
max,frozen,3,935,769,41,True
max,frozen,3,946,769,41,True
max,frozen,3,957,769,41,True
max,frozen,3,968,769,41,True
max,frozen,3,979,769,41,True
max,frozen,3,990,769,41,True
max,frozen,3,1001,769,41,True
max,frozen,3,1012,769,41,True
max,frozen,3,1023,769,41,True
max,frozen,3,1034,769,41,True
max,frozen,3,1045,769,41,True
max,frozen,3,1056,769,41,True
max,frozen,3,1067,769,41,True
max,frozen,3,1078,769,41,True
max,frozen,3,1089,769,41,True
max,frozen,3,1100,769,41,True
max,frozen,4,11,,42,False
max,frozen,4,22,,42,False
max,frozen,4,33,,42,False
max,frozen,4,44,,42,False
max,frozen,4,55,,42,False
max,frozen,4,66,796,41,True
max,frozen,4,77,796,41,True
max,frozen,4,88,796,41,True
max,frozen,4,99,796,41,True
max,frozen,4,110,790,41,True
max,frozen,4,121,790,41,True
max,frozen,4,132,790,41,True
max,frozen,4,143,790,41,True
max,frozen,4,154,790,41,True
max,frozen,4,165,790,40,True
max,frozen,4,176,790,40,True
max,frozen,4,187,790,40,True
max,frozen,4,198,788,41,True
max,frozen,4,209,788,41,True
max,frozen,4,220,781,41,True
max,frozen,4,231,781,41,True
max,frozen,4,242,781,41,True
max,frozen,4,253,781,41,True
max,frozen,4,264,781,41,True
max,frozen,4,275,781,41,True
max,frozen,4,286,781,41,True
max,frozen,4,297,781,41,True
max,frozen,4,308,781,41,True
max,frozen,4,319,781,41,True
max,frozen,4,330,781,41,True
max,frozen,4,341,781,41,True
max,frozen,4,352,781,41,True
max,frozen,4,363,781,41,True
max,frozen,4,374,781,41,True
max,frozen,4,385,781,41,True
max,frozen,4,396,781,41,True
max,frozen,4,407,781,41,True
max,frozen,4,418,781,41,True
max,frozen,4,429,781,41,True
max,frozen,4,440,781,41,True
max,frozen,4,451,781,41,True
max,frozen,4,462,781,41,True
max,frozen,4,473,781,41,True
max,frozen,4,484,781,41,True
max,frozen,4,495,781,41,True
max,frozen,4,506,781,41,True
max,frozen,4,517,781,41,True
max,frozen,4,528,781,41,True
max,frozen,4,539,781,41,True
max,frozen,4,550,781,41,True
max,frozen,4,561,781,41,True
max,frozen,4,572,781,41,True
max,frozen,4,583,781,41,True
max,frozen,4,594,781,41,True
max,frozen,4,605,781,41,True
max,frozen,4,616,781,41,True
max,frozen,4,627,781,41,True
max,frozen,4,638,781,41,True
max,frozen,4,649,781,41,True
max,frozen,4,660,781,41,True
max,frozen,4,671,781,41,True
max,frozen,4,682,781,41,True
max,frozen,4,693,781,41,True
max,frozen,4,704,770,41,True
max,frozen,4,715,770,41,True
max,frozen,4,726,770,41,True
max,frozen,4,737,770,41,True
max,frozen,4,748,770,41,True
max,frozen,4,759,770,41,True
max,frozen,4,770,770,41,True
max,frozen,4,781,770,41,True
max,frozen,4,792,770,41,True
max,frozen,4,803,770,41,True
max,frozen,4,814,770,41,True
max,frozen,4,825,770,41,True
max,frozen,4,836,770,41,True
max,frozen,4,847,770,41,True
max,frozen,4,858,770,41,True
max,frozen,4,869,770,41,True
max,frozen,4,880,770,41,True
max,frozen,4,891,770,41,True
max,frozen,4,902,770,41,True
max,frozen,4,913,770,41,True
max,frozen,4,924,770,41,True
max,frozen,4,935,770,41,True
max,frozen,4,946,770,41,True
max,frozen,4,957,770,41,True
max,frozen,4,968,770,41,True
max,frozen,4,979,770,41,True
max,frozen,4,990,770,41,True
max,frozen,4,1001,770,41,True
max,frozen,4,1012,770,41,True
max,frozen,4,1023,770,41,True
max,frozen,4,1034,770,41,True
max,frozen,4,1045,770,41,True
max,frozen,4,1056,770,41,True
max,frozen,4,1067,770,41,True
max,frozen,4,1078,770,41,True
max,frozen,4,1089,770,41,True
max,frozen,4,1100,770,41,True
max,uniform,0,11,792,41,True
max,uniform,0,22,792,41,True
max,uniform,0,33,792,41,True
max,uniform,0,44,792,41,True
max,uniform,0,55,792,41,True
max,uniform,0,66,792,41,True
max,uniform,0,77,792,41,True
max,uniform,0,88,792,41,True
max,uniform,0,99,792,41,True
max,uniform,0,110,777,41,True
max,uniform,0,121,777,41,True
max,uniform,0,132,777,41,True
max,uniform,0,143,777,41,True
max,uniform,0,154,777,41,True
max,uniform,0,165,777,41,True
max,uniform,0,176,777,41,True
max,uniform,0,187,777,41,True
max,uniform,0,198,777,41,True
max,uniform,0,209,777,41,True
max,uniform,0,220,777,41,True
max,uniform,0,231,777,41,True
max,uniform,0,242,777,41,True
max,uniform,0,253,777,41,True
max,uniform,0,264,777,41,True
max,uniform,0,275,777,41,True
max,uniform,0,286,777,41,True
max,uniform,0,297,777,41,True
max,uniform,0,308,769,41,True
max,uniform,0,319,769,41,True
max,uniform,0,330,769,41,True
max,uniform,0,341,769,41,True
max,uniform,0,352,769,41,True
max,uniform,0,363,769,41,True
max,uniform,0,374,769,41,True
max,uniform,0,385,769,41,True
max,uniform,0,396,769,41,True
max,uniform,0,407,769,41,True
max,uniform,0,418,769,41,True
max,uniform,0,429,769,41,True
max,uniform,0,440,769,41,True
max,uniform,0,451,769,41,True
max,uniform,0,462,769,41,True
max,uniform,0,473,769,41,True
max,uniform,0,484,769,41,True
max,uniform,0,495,769,41,True
max,uniform,0,506,769,41,True
max,uniform,0,517,769,41,True
max,uniform,0,528,769,41,True
max,uniform,0,539,769,41,True
max,uniform,0,550,769,41,True
max,uniform,0,561,769,41,True
max,uniform,0,572,769,41,True
max,uniform,0,583,769,41,True
max,uniform,0,594,769,41,True
max,uniform,0,605,769,41,True
max,uniform,0,616,769,41,True
max,uniform,0,627,769,41,True
max,uniform,0,638,769,41,True
max,uniform,0,649,769,41,True
max,uniform,0,660,769,41,True
max,uniform,0,671,769,41,True
max,uniform,0,682,769,41,True
max,uniform,0,693,769,41,True
max,uniform,0,704,769,41,True
max,uniform,0,715,769,41,True
max,uniform,0,726,769,41,True
max,uniform,0,737,769,41,True
max,uniform,0,748,769,41,True
max,uniform,0,759,769,41,True
max,uniform,0,770,769,41,True
max,uniform,0,781,769,41,True
max,uniform,0,792,769,41,True
max,uniform,0,803,769,41,True
max,uniform,0,814,769,41,True
max,uniform,0,825,769,41,True
max,uniform,0,836,769,41,True
max,uniform,0,847,769,41,True
max,uniform,0,858,769,41,True
max,uniform,0,869,769,41,True
max,uniform,0,880,769,41,True
max,uniform,0,891,769,41,True
max,uniform,0,902,769,41,True
max,uniform,0,913,769,41,True
max,uniform,0,924,769,41,True
max,uniform,0,935,769,41,True
max,uniform,0,946,769,41,True
max,uniform,0,957,769,41,True
max,uniform,0,968,769,41,True
max,uniform,0,979,769,41,True
max,uniform,0,990,769,41,True
max,uniform,0,1001,769,41,True
max,uniform,0,1012,769,41,True
max,uniform,0,1023,769,41,True
max,uniform,0,1034,769,41,True
max,uniform,0,1045,769,41,True
max,uniform,0,1056,769,41,True
max,uniform,0,1067,769,41,True
max,uniform,0,1078,769,41,True
max,uniform,0,1089,769,41,True
max,uniform,0,1100,769,41,True
max,uniform,1,11,,46,False
max,uniform,1,22,790,41,True
max,uniform,1,33,790,41,True
max,uniform,1,44,790,41,True
max,uniform,1,55,783,41,True
max,uniform,1,66,783,41,True
max,uniform,1,77,783,41,True
max,uniform,1,88,783,41,True
max,uniform,1,99,783,41,True
max,uniform,1,110,783,41,True
max,uniform,1,121,783,41,True
max,uniform,1,132,783,41,True
max,uniform,1,143,783,41,True
max,uniform,1,154,783,41,True
max,uniform,1,165,783,41,True
max,uniform,1,176,783,41,True
max,uniform,1,187,783,41,True
max,uniform,1,198,783,41,True
max,uniform,1,209,783,41,True
max,uniform,1,220,783,41,True
max,uniform,1,231,783,41,True
max,uniform,1,242,783,41,True
max,uniform,1,253,783,41,True
max,uniform,1,264,783,41,True
max,uniform,1,275,783,41,True
max,uniform,1,286,783,41,True
max,uniform,1,297,783,41,True
max,uniform,1,308,783,41,True
max,uniform,1,319,783,41,True
max,uniform,1,330,783,41,True
max,uniform,1,341,783,41,True
max,uniform,1,352,783,41,True
max,uniform,1,363,783,41,True
max,uniform,1,374,783,41,True
max,uniform,1,385,783,41,True
max,uniform,1,396,783,41,True
max,uniform,1,407,783,41,True
max,uniform,1,418,783,41,True
max,uniform,1,429,778,41,True
max,uniform,1,440,778,41,True
max,uniform,1,451,778,41,True
max,uniform,1,462,778,41,True
max,uniform,1,473,778,41,True
max,uniform,1,484,778,41,True
max,uniform,1,495,778,41,True
max,uniform,1,506,778,41,True
max,uniform,1,517,778,41,True
max,uniform,1,528,778,41,True
max,uniform,1,539,778,41,True
max,uniform,1,550,778,41,True
max,uniform,1,561,778,41,True
max,uniform,1,572,778,41,True
max,uniform,1,583,778,41,True
max,uniform,1,594,778,41,True
max,uniform,1,605,778,41,True
max,uniform,1,616,778,41,True
max,uniform,1,627,778,41,True
max,uniform,1,638,778,41,True
max,uniform,1,649,778,41,True
max,uniform,1,660,778,41,True
max,uniform,1,671,778,41,True
max,uniform,1,682,778,41,True
max,uniform,1,693,778,41,True
max,uniform,1,704,778,41,True
max,uniform,1,715,778,41,True
max,uniform,1,726,778,41,True
max,uniform,1,737,778,41,True
max,uniform,1,748,778,41,True
max,uniform,1,759,778,41,True
max,uniform,1,770,778,41,True
max,uniform,1,781,778,41,True
max,uniform,1,792,778,41,True
max,uniform,1,803,778,41,True
max,uniform,1,814,778,41,True
max,uniform,1,825,778,41,True
max,uniform,1,836,778,41,True
max,uniform,1,847,778,41,True
max,uniform,1,858,778,41,True
max,uniform,1,869,778,41,True
max,uniform,1,880,778,41,True
max,uniform,1,891,778,41,True
max,uniform,1,902,778,41,True
max,uniform,1,913,778,41,True
max,uniform,1,924,778,41,True
max,uniform,1,935,778,41,True
max,uniform,1,946,778,41,True
max,uniform,1,957,778,41,True
max,uniform,1,968,778,41,True
max,uniform,1,979,778,41,True
max,uniform,1,990,778,41,True
max,uniform,1,1001,778,41,True
max,uniform,1,1012,778,41,True
max,uniform,1,1023,778,41,True
max,uniform,1,1034,778,41,True
max,uniform,1,1045,778,41,True
max,uniform,1,1056,778,41,True
max,uniform,1,1067,778,41,True
max,uniform,1,1078,778,41,True
max,uniform,1,1089,778,41,True
max,uniform,1,1100,778,41,True
max,uniform,2,11,,42,False
max,uniform,2,22,,42,False
max,uniform,2,33,777,41,True
max,uniform,2,44,777,41,True
max,uniform,2,55,777,41,True
max,uniform,2,66,777,41,True
max,uniform,2,77,777,41,True
max,uniform,2,88,777,41,True
max,uniform,2,99,777,41,True
max,uniform,2,110,777,41,True
max,uniform,2,121,777,41,True
max,uniform,2,132,777,41,True
max,uniform,2,143,777,41,True
max,uniform,2,154,777,41,True
max,uniform,2,165,777,41,True
max,uniform,2,176,777,41,True
max,uniform,2,187,777,41,True
max,uniform,2,198,777,41,True
max,uniform,2,209,777,41,True
max,uniform,2,220,777,41,True
max,uniform,2,231,777,41,True
max,uniform,2,242,777,41,True
max,uniform,2,253,777,41,True
max,uniform,2,264,777,41,True
max,uniform,2,275,777,41,True
max,uniform,2,286,777,41,True
max,uniform,2,297,777,41,True
max,uniform,2,308,777,41,True
max,uniform,2,319,777,41,True
max,uniform,2,330,777,41,True
max,uniform,2,341,777,41,True
max,uniform,2,352,777,41,True
max,uniform,2,363,777,41,True
max,uniform,2,374,777,41,True
max,uniform,2,385,777,41,True
max,uniform,2,396,777,41,True
max,uniform,2,407,777,41,True
max,uniform,2,418,777,41,True
max,uniform,2,429,777,41,True
max,uniform,2,440,777,41,True
max,uniform,2,451,777,41,True
max,uniform,2,462,777,41,True
max,uniform,2,473,777,41,True
max,uniform,2,484,777,41,True
max,uniform,2,495,777,41,True
max,uniform,2,506,777,41,True
max,uniform,2,517,777,41,True
max,uniform,2,528,777,41,True
max,uniform,2,539,777,41,True
max,uniform,2,550,777,41,True
max,uniform,2,561,777,41,True
max,uniform,2,572,777,41,True
max,uniform,2,583,777,41,True
max,uniform,2,594,777,41,True
max,uniform,2,605,777,41,True
max,uniform,2,616,777,41,True
max,uniform,2,627,777,41,True
max,uniform,2,638,777,41,True
max,uniform,2,649,777,41,True
max,uniform,2,660,777,41,True
max,uniform,2,671,777,41,True
max,uniform,2,682,777,41,True
max,uniform,2,693,777,41,True
max,uniform,2,704,777,41,True
max,uniform,2,715,777,41,True
max,uniform,2,726,777,41,True
max,uniform,2,737,777,41,True
max,uniform,2,748,777,41,True
max,uniform,2,759,777,41,True
max,uniform,2,770,777,41,True
max,uniform,2,781,777,41,True
max,uniform,2,792,777,41,True
max,uniform,2,803,777,41,True
max,uniform,2,814,777,41,True
max,uniform,2,825,777,41,True
max,uniform,2,836,777,41,True
max,uniform,2,847,777,41,True
max,uniform,2,858,777,41,True
max,uniform,2,869,777,41,True
max,uniform,2,880,777,41,True
max,uniform,2,891,777,41,True
max,uniform,2,902,777,41,True
max,uniform,2,913,777,41,True
max,uniform,2,924,777,41,True
max,uniform,2,935,777,41,True
max,uniform,2,946,777,41,True
max,uniform,2,957,777,41,True
max,uniform,2,968,777,41,True
max,uniform,2,979,777,41,True
max,uniform,2,990,777,41,True
max,uniform,2,1001,777,41,True
max,uniform,2,1012,777,41,True
max,uniform,2,1023,777,41,True
max,uniform,2,1034,777,41,True
max,uniform,2,1045,777,41,True
max,uniform,2,1056,777,41,True
max,uniform,2,1067,777,41,True
max,uniform,2,1078,777,41,True
max,uniform,2,1089,777,41,True
max,uniform,2,1100,777,41,True
max,uniform,3,11,787,41,True
max,uniform,3,22,787,41,True
max,uniform,3,33,787,41,True
max,uniform,3,44,787,41,True
max,uniform,3,55,787,41,True
max,uniform,3,66,787,41,True
max,uniform,3,77,781,41,True
max,uniform,3,88,781,41,True
max,uniform,3,99,781,41,True
max,uniform,3,110,781,41,True
max,uniform,3,121,781,41,True
max,uniform,3,132,781,41,True
max,uniform,3,143,781,41,True
max,uniform,3,154,781,41,True
max,uniform,3,165,781,41,True
max,uniform,3,176,781,41,True
max,uniform,3,187,781,41,True
max,uniform,3,198,781,41,True
max,uniform,3,209,781,41,True
max,uniform,3,220,781,41,True
max,uniform,3,231,781,41,True
max,uniform,3,242,781,41,True
max,uniform,3,253,781,41,True
max,uniform,3,264,781,41,True
max,uniform,3,275,781,41,True
max,uniform,3,286,781,41,True
max,uniform,3,297,781,41,True
max,uniform,3,308,781,41,True
max,uniform,3,319,781,41,True
max,uniform,3,330,781,41,True
max,uniform,3,341,781,41,True
max,uniform,3,352,769,41,True
max,uniform,3,363,769,41,True
max,uniform,3,374,769,41,True
max,uniform,3,385,769,41,True
max,uniform,3,396,769,41,True
max,uniform,3,407,769,41,True
max,uniform,3,418,769,41,True
max,uniform,3,429,769,41,True
max,uniform,3,440,769,41,True
max,uniform,3,451,769,41,True
max,uniform,3,462,769,41,True
max,uniform,3,473,769,41,True
max,uniform,3,484,769,41,True
max,uniform,3,495,769,41,True
max,uniform,3,506,769,41,True
max,uniform,3,517,769,41,True
max,uniform,3,528,769,41,True
max,uniform,3,539,769,41,True
max,uniform,3,550,769,41,True
max,uniform,3,561,769,41,True
max,uniform,3,572,769,41,True
max,uniform,3,583,769,41,True
max,uniform,3,594,769,41,True
max,uniform,3,605,769,41,True
max,uniform,3,616,769,41,True
max,uniform,3,627,769,41,True
max,uniform,3,638,769,41,True
max,uniform,3,649,769,41,True
max,uniform,3,660,769,41,True
max,uniform,3,671,769,41,True
max,uniform,3,682,769,41,True
max,uniform,3,693,769,41,True
max,uniform,3,704,769,41,True
max,uniform,3,715,769,41,True
max,uniform,3,726,769,41,True
max,uniform,3,737,769,41,True
max,uniform,3,748,769,41,True
max,uniform,3,759,769,41,True
max,uniform,3,770,769,41,True
max,uniform,3,781,769,41,True
max,uniform,3,792,769,41,True
max,uniform,3,803,769,41,True
max,uniform,3,814,769,41,True
max,uniform,3,825,769,41,True
max,uniform,3,836,769,41,True
max,uniform,3,847,769,41,True
max,uniform,3,858,769,41,True
max,uniform,3,869,769,41,True
max,uniform,3,880,769,41,True
max,uniform,3,891,769,41,True
max,uniform,3,902,769,41,True
max,uniform,3,913,769,41,True
max,uniform,3,924,769,41,True
max,uniform,3,935,769,41,True
max,uniform,3,946,769,41,True
max,uniform,3,957,769,41,True
max,uniform,3,968,769,41,True
max,uniform,3,979,769,41,True
max,uniform,3,990,769,41,True
max,uniform,3,1001,769,41,True
max,uniform,3,1012,769,41,True
max,uniform,3,1023,769,41,True
max,uniform,3,1034,769,41,True
max,uniform,3,1045,769,41,True
max,uniform,3,1056,769,41,True
max,uniform,3,1067,769,41,True
max,uniform,3,1078,769,41,True
max,uniform,3,1089,769,41,True
max,uniform,3,1100,769,41,True
max,uniform,4,11,,42,False
max,uniform,4,22,,42,False
max,uniform,4,33,781,41,True
max,uniform,4,44,781,41,True
max,uniform,4,55,781,41,True
max,uniform,4,66,781,41,True
max,uniform,4,77,781,41,True
max,uniform,4,88,781,41,True
max,uniform,4,99,781,41,True
max,uniform,4,110,781,41,True
max,uniform,4,121,781,41,True
max,uniform,4,132,781,41,True
max,uniform,4,143,781,41,True
max,uniform,4,154,781,41,True
max,uniform,4,165,781,41,True
max,uniform,4,176,781,41,True
max,uniform,4,187,781,41,True
max,uniform,4,198,781,41,True
max,uniform,4,209,781,41,True
max,uniform,4,220,781,41,True
max,uniform,4,231,781,41,True
max,uniform,4,242,781,41,True
max,uniform,4,253,781,41,True
max,uniform,4,264,781,41,True
max,uniform,4,275,781,41,True
max,uniform,4,286,781,41,True
max,uniform,4,297,781,41,True
max,uniform,4,308,781,41,True
max,uniform,4,319,781,41,True
max,uniform,4,330,781,41,True
max,uniform,4,341,781,41,True
max,uniform,4,352,781,41,True
max,uniform,4,363,781,41,True
max,uniform,4,374,781,41,True
max,uniform,4,385,781,41,True
max,uniform,4,396,781,41,True
max,uniform,4,407,781,41,True
max,uniform,4,418,781,41,True
max,uniform,4,429,781,41,True
max,uniform,4,440,781,41,True
max,uniform,4,451,781,41,True
max,uniform,4,462,781,41,True
max,uniform,4,473,781,41,True
max,uniform,4,484,781,41,True
max,uniform,4,495,781,41,True
max,uniform,4,506,781,41,True
max,uniform,4,517,781,41,True
max,uniform,4,528,781,41,True
max,uniform,4,539,781,41,True
max,uniform,4,550,781,41,True
max,uniform,4,561,781,41,True
max,uniform,4,572,781,41,True
max,uniform,4,583,781,41,True
max,uniform,4,594,781,41,True
max,uniform,4,605,781,41,True
max,uniform,4,616,781,41,True
max,uniform,4,627,781,41,True
max,uniform,4,638,781,41,True
max,uniform,4,649,781,41,True
max,uniform,4,660,781,41,True
max,uniform,4,671,781,41,True
max,uniform,4,682,781,41,True
max,uniform,4,693,781,41,True
max,uniform,4,704,770,41,True
max,uniform,4,715,770,41,True
max,uniform,4,726,770,41,True
max,uniform,4,737,770,41,True
max,uniform,4,748,770,41,True
max,uniform,4,759,770,41,True
max,uniform,4,770,770,41,True
max,uniform,4,781,770,41,True
max,uniform,4,792,770,41,True
max,uniform,4,803,770,41,True
max,uniform,4,814,770,41,True
max,uniform,4,825,770,41,True
max,uniform,4,836,770,41,True
max,uniform,4,847,770,41,True
max,uniform,4,858,770,41,True
max,uniform,4,869,770,41,True
max,uniform,4,880,770,41,True
max,uniform,4,891,770,41,True
max,uniform,4,902,770,41,True
max,uniform,4,913,770,41,True
max,uniform,4,924,770,41,True
max,uniform,4,935,770,41,True
max,uniform,4,946,770,41,True
max,uniform,4,957,770,41,True
max,uniform,4,968,770,41,True
max,uniform,4,979,770,41,True
max,uniform,4,990,770,41,True
max,uniform,4,1001,770,41,True
max,uniform,4,1012,770,41,True
max,uniform,4,1023,770,41,True
max,uniform,4,1034,770,41,True
max,uniform,4,1045,770,41,True
max,uniform,4,1056,770,41,True
max,uniform,4,1067,770,41,True
max,uniform,4,1078,770,41,True
max,uniform,4,1089,770,41,True
max,uniform,4,1100,770,41,True
max,greedy,0,11,,44,False
max,greedy,0,22,,44,False
max,greedy,0,33,,44,False
max,greedy,0,44,,44,False
max,greedy,0,55,,44,False
max,greedy,0,66,,44,False
max,greedy,0,77,,44,False
max,greedy,0,88,,44,False
max,greedy,0,99,,44,False
max,greedy,0,110,,44,False
max,greedy,0,121,,44,False
max,greedy,0,132,,44,False
max,greedy,0,143,,44,False
max,greedy,0,154,,44,False
max,greedy,0,165,,44,False
max,greedy,0,176,,44,False
max,greedy,0,187,,44,False
max,greedy,0,198,,44,False
max,greedy,0,209,,44,False
max,greedy,0,220,,44,False
max,greedy,0,231,,44,False
max,greedy,0,242,,44,False
max,greedy,0,253,,44,False
max,greedy,0,264,,44,False
max,greedy,0,275,,44,False
max,greedy,0,286,,44,False
max,greedy,0,297,,44,False
max,greedy,0,308,,44,False
max,greedy,0,319,,44,False
max,greedy,0,330,,44,False
max,greedy,0,341,,44,False
max,greedy,0,352,,44,False
max,greedy,0,363,,44,False
max,greedy,0,374,,44,False
max,greedy,0,385,,44,False
max,greedy,0,396,,44,False
max,greedy,0,407,,44,False
max,greedy,0,418,,44,False
max,greedy,0,429,,44,False
max,greedy,0,440,,44,False
max,greedy,0,451,,44,False
max,greedy,0,462,,44,False
max,greedy,0,473,,44,False
max,greedy,0,484,,44,False
max,greedy,0,495,,44,False
max,greedy,0,506,,44,False
max,greedy,0,517,,44,False
max,greedy,0,528,,44,False
max,greedy,0,539,,44,False
max,greedy,0,550,,44,False
max,greedy,0,561,,44,False
max,greedy,0,572,,44,False
max,greedy,0,583,,44,False
max,greedy,0,594,,44,False
max,greedy,0,605,,44,False
max,greedy,0,616,,44,False
max,greedy,0,627,,44,False
max,greedy,0,638,,44,False
max,greedy,0,649,,44,False
max,greedy,0,660,,44,False
max,greedy,0,671,,44,False
max,greedy,0,682,,44,False
max,greedy,0,693,,44,False
max,greedy,0,704,,44,False
max,greedy,0,715,,44,False
max,greedy,0,726,,44,False
max,greedy,0,737,,44,False
max,greedy,0,748,,44,False
max,greedy,0,759,,44,False
max,greedy,0,770,,44,False
max,greedy,0,781,,44,False
max,greedy,0,792,,44,False
max,greedy,0,803,,44,False
max,greedy,0,814,,44,False
max,greedy,0,825,,44,False
max,greedy,0,836,,44,False
max,greedy,0,847,,44,False
max,greedy,0,858,,44,False
max,greedy,0,869,,44,False
max,greedy,0,880,,44,False
max,greedy,0,891,,44,False
max,greedy,0,902,,44,False
max,greedy,0,913,,44,False
max,greedy,0,924,,44,False
max,greedy,0,935,,44,False
max,greedy,0,946,,44,False
max,greedy,0,957,,44,False
max,greedy,0,968,,44,False
max,greedy,0,979,,44,False
max,greedy,0,990,,44,False
max,greedy,0,1001,,44,False
max,greedy,0,1012,,44,False
max,greedy,0,1023,,44,False
max,greedy,0,1034,,44,False
max,greedy,0,1045,,44,False
max,greedy,0,1056,,44,False
max,greedy,0,1067,,44,False
max,greedy,0,1078,,44,False
max,greedy,0,1089,,44,False
max,greedy,0,1100,,44,False
max,greedy,1,11,767,41,True
max,greedy,1,22,767,41,True
max,greedy,1,33,767,41,True
max,greedy,1,44,767,41,True
max,greedy,1,55,767,41,True
max,greedy,1,66,767,41,True
max,greedy,1,77,767,41,True
max,greedy,1,88,767,41,True
max,greedy,1,99,767,41,True
max,greedy,1,110,767,41,True
max,greedy,1,121,767,41,True
max,greedy,1,132,767,41,True
max,greedy,1,143,767,41,True
max,greedy,1,154,767,41,True
max,greedy,1,165,767,41,True
max,greedy,1,176,767,41,True
max,greedy,1,187,767,41,True
max,greedy,1,198,767,41,True
max,greedy,1,209,767,41,True
max,greedy,1,220,767,41,True
max,greedy,1,231,767,41,True
max,greedy,1,242,767,41,True
max,greedy,1,253,767,41,True
max,greedy,1,264,767,41,True
max,greedy,1,275,767,41,True
max,greedy,1,286,767,41,True
max,greedy,1,297,767,41,True
max,greedy,1,308,767,41,True
max,greedy,1,319,767,41,True
max,greedy,1,330,767,41,True
max,greedy,1,341,767,41,True
max,greedy,1,352,767,41,True
max,greedy,1,363,767,41,True
max,greedy,1,374,767,41,True
max,greedy,1,385,767,41,True
max,greedy,1,396,767,41,True
max,greedy,1,407,767,41,True
max,greedy,1,418,767,41,True
max,greedy,1,429,767,41,True
max,greedy,1,440,767,41,True
max,greedy,1,451,767,41,True
max,greedy,1,462,767,41,True
max,greedy,1,473,767,41,True
max,greedy,1,484,767,41,True
max,greedy,1,495,767,41,True
max,greedy,1,506,767,41,True
max,greedy,1,517,767,41,True
max,greedy,1,528,767,41,True
max,greedy,1,539,767,41,True
max,greedy,1,550,767,41,True
max,greedy,1,561,767,41,True
max,greedy,1,572,767,41,True
max,greedy,1,583,767,41,True
max,greedy,1,594,767,41,True
max,greedy,1,605,767,41,True
max,greedy,1,616,767,41,True
max,greedy,1,627,767,41,True
max,greedy,1,638,767,41,True
max,greedy,1,649,767,41,True
max,greedy,1,660,767,41,True
max,greedy,1,671,767,41,True
max,greedy,1,682,767,41,True
max,greedy,1,693,767,41,True
max,greedy,1,704,767,41,True
max,greedy,1,715,767,41,True
max,greedy,1,726,767,41,True
max,greedy,1,737,767,41,True
max,greedy,1,748,767,41,True
max,greedy,1,759,767,41,True
max,greedy,1,770,767,41,True
max,greedy,1,781,767,41,True
max,greedy,1,792,767,41,True
max,greedy,1,803,767,41,True
max,greedy,1,814,767,41,True
max,greedy,1,825,767,41,True
max,greedy,1,836,767,41,True
max,greedy,1,847,767,41,True
max,greedy,1,858,767,41,True
max,greedy,1,869,767,41,True
max,greedy,1,880,767,41,True
max,greedy,1,891,767,41,True
max,greedy,1,902,767,41,True
max,greedy,1,913,767,41,True
max,greedy,1,924,767,41,True
max,greedy,1,935,767,41,True
max,greedy,1,946,767,41,True
max,greedy,1,957,767,41,True
max,greedy,1,968,767,41,True
max,greedy,1,979,767,41,True
max,greedy,1,990,767,41,True
max,greedy,1,1001,767,41,True
max,greedy,1,1012,767,41,True
max,greedy,1,1023,767,41,True
max,greedy,1,1034,767,41,True
max,greedy,1,1045,767,41,True
max,greedy,1,1056,767,41,True
max,greedy,1,1067,767,41,True
max,greedy,1,1078,767,41,True
max,greedy,1,1089,767,41,True
max,greedy,1,1100,767,41,True
max,greedy,2,11,779,41,True
max,greedy,2,22,779,41,True
max,greedy,2,33,779,41,True
max,greedy,2,44,779,41,True
max,greedy,2,55,779,41,True
max,greedy,2,66,779,41,True
max,greedy,2,77,779,41,True
max,greedy,2,88,779,41,True
max,greedy,2,99,779,41,True
max,greedy,2,110,779,41,True
max,greedy,2,121,779,41,True
max,greedy,2,132,779,41,True
max,greedy,2,143,779,41,True
max,greedy,2,154,779,41,True
max,greedy,2,165,779,41,True
max,greedy,2,176,779,41,True
max,greedy,2,187,779,41,True
max,greedy,2,198,779,41,True
max,greedy,2,209,779,41,True
max,greedy,2,220,779,41,True
max,greedy,2,231,779,41,True
max,greedy,2,242,779,41,True
max,greedy,2,253,779,41,True
max,greedy,2,264,779,41,True
max,greedy,2,275,779,41,True
max,greedy,2,286,779,41,True
max,greedy,2,297,779,41,True
max,greedy,2,308,779,41,True
max,greedy,2,319,779,41,True
max,greedy,2,330,779,41,True
max,greedy,2,341,779,41,True
max,greedy,2,352,779,41,True
max,greedy,2,363,779,41,True
max,greedy,2,374,779,41,True
max,greedy,2,385,779,41,True
max,greedy,2,396,779,41,True
max,greedy,2,407,779,41,True
max,greedy,2,418,779,41,True
max,greedy,2,429,779,41,True
max,greedy,2,440,779,41,True
max,greedy,2,451,779,41,True
max,greedy,2,462,779,41,True
max,greedy,2,473,779,41,True
max,greedy,2,484,779,41,True
max,greedy,2,495,779,41,True
max,greedy,2,506,779,41,True
max,greedy,2,517,779,41,True
max,greedy,2,528,779,41,True
max,greedy,2,539,779,41,True
max,greedy,2,550,779,41,True
max,greedy,2,561,779,41,True
max,greedy,2,572,779,41,True
max,greedy,2,583,779,41,True
max,greedy,2,594,779,41,True
max,greedy,2,605,779,41,True
max,greedy,2,616,779,41,True
max,greedy,2,627,779,41,True
max,greedy,2,638,779,41,True
max,greedy,2,649,779,41,True
max,greedy,2,660,779,41,True
max,greedy,2,671,779,41,True
max,greedy,2,682,779,41,True
max,greedy,2,693,779,41,True
max,greedy,2,704,779,41,True
max,greedy,2,715,779,41,True
max,greedy,2,726,779,41,True
max,greedy,2,737,779,41,True
max,greedy,2,748,779,41,True
max,greedy,2,759,779,41,True
max,greedy,2,770,779,41,True
max,greedy,2,781,779,41,True
max,greedy,2,792,779,41,True
max,greedy,2,803,779,41,True
max,greedy,2,814,779,41,True
max,greedy,2,825,779,41,True
max,greedy,2,836,779,41,True
max,greedy,2,847,779,41,True
max,greedy,2,858,779,41,True
max,greedy,2,869,779,41,True
max,greedy,2,880,779,41,True
max,greedy,2,891,779,41,True
max,greedy,2,902,779,41,True
max,greedy,2,913,779,41,True
max,greedy,2,924,779,41,True
max,greedy,2,935,779,41,True
max,greedy,2,946,779,41,True
max,greedy,2,957,779,41,True
max,greedy,2,968,779,41,True
max,greedy,2,979,779,41,True
max,greedy,2,990,779,41,True
max,greedy,2,1001,779,41,True
max,greedy,2,1012,779,41,True
max,greedy,2,1023,779,41,True
max,greedy,2,1034,779,41,True
max,greedy,2,1045,779,41,True
max,greedy,2,1056,779,41,True
max,greedy,2,1067,779,41,True
max,greedy,2,1078,779,41,True
max,greedy,2,1089,779,41,True
max,greedy,2,1100,779,41,True
max,greedy,3,11,,44,False
max,greedy,3,22,,44,False
max,greedy,3,33,,44,False
max,greedy,3,44,,44,False
max,greedy,3,55,,44,False
max,greedy,3,66,,44,False
max,greedy,3,77,,44,False
max,greedy,3,88,,44,False
max,greedy,3,99,,44,False
max,greedy,3,110,,44,False
max,greedy,3,121,,44,False
max,greedy,3,132,,44,False
max,greedy,3,143,,44,False
max,greedy,3,154,,44,False
max,greedy,3,165,,44,False
max,greedy,3,176,,44,False
max,greedy,3,187,,44,False
max,greedy,3,198,,44,False
max,greedy,3,209,,44,False
max,greedy,3,220,,44,False
max,greedy,3,231,,44,False
max,greedy,3,242,,44,False
max,greedy,3,253,,44,False
max,greedy,3,264,,44,False
max,greedy,3,275,,44,False
max,greedy,3,286,,44,False
max,greedy,3,297,,44,False
max,greedy,3,308,,44,False
max,greedy,3,319,,44,False
max,greedy,3,330,,44,False
max,greedy,3,341,,44,False
max,greedy,3,352,,44,False
max,greedy,3,363,,44,False
max,greedy,3,374,,44,False
max,greedy,3,385,,44,False
max,greedy,3,396,,44,False
max,greedy,3,407,,44,False
max,greedy,3,418,,44,False
max,greedy,3,429,,44,False
max,greedy,3,440,,44,False
max,greedy,3,451,,44,False
max,greedy,3,462,,44,False
max,greedy,3,473,,44,False
max,greedy,3,484,,44,False
max,greedy,3,495,,44,False
max,greedy,3,506,,44,False
max,greedy,3,517,,44,False
max,greedy,3,528,,44,False
max,greedy,3,539,,44,False
max,greedy,3,550,,44,False
max,greedy,3,561,,44,False
max,greedy,3,572,,44,False
max,greedy,3,583,,44,False
max,greedy,3,594,,44,False
max,greedy,3,605,,44,False
max,greedy,3,616,,44,False
max,greedy,3,627,,44,False
max,greedy,3,638,,44,False
max,greedy,3,649,,44,False
max,greedy,3,660,,44,False
max,greedy,3,671,,44,False
max,greedy,3,682,,44,False
max,greedy,3,693,,44,False
max,greedy,3,704,,44,False
max,greedy,3,715,,44,False
max,greedy,3,726,,44,False
max,greedy,3,737,,44,False
max,greedy,3,748,,44,False
max,greedy,3,759,,44,False
max,greedy,3,770,,44,False
max,greedy,3,781,,44,False
max,greedy,3,792,,44,False
max,greedy,3,803,,44,False
max,greedy,3,814,,44,False
max,greedy,3,825,,44,False
max,greedy,3,836,,44,False
max,greedy,3,847,,44,False
max,greedy,3,858,,44,False
max,greedy,3,869,,44,False
max,greedy,3,880,,44,False
max,greedy,3,891,,44,False
max,greedy,3,902,,44,False
max,greedy,3,913,,44,False
max,greedy,3,924,,44,False
max,greedy,3,935,,44,False
max,greedy,3,946,,44,False
max,greedy,3,957,,44,False
max,greedy,3,968,,44,False
max,greedy,3,979,,44,False
max,greedy,3,990,,44,False
max,greedy,3,1001,,44,False
max,greedy,3,1012,,44,False
max,greedy,3,1023,,44,False
max,greedy,3,1034,,44,False
max,greedy,3,1045,,44,False
max,greedy,3,1056,,44,False
max,greedy,3,1067,,44,False
max,greedy,3,1078,,44,False
max,greedy,3,1089,,44,False
max,greedy,3,1100,,44,False
max,greedy,4,11,,44,False
max,greedy,4,22,,44,False
max,greedy,4,33,,44,False
max,greedy,4,44,,44,False
max,greedy,4,55,,44,False
max,greedy,4,66,,44,False
max,greedy,4,77,,44,False
max,greedy,4,88,,44,False
max,greedy,4,99,,44,False
max,greedy,4,110,,44,False
max,greedy,4,121,,44,False
max,greedy,4,132,,44,False
max,greedy,4,143,,44,False
max,greedy,4,154,,44,False
max,greedy,4,165,,44,False
max,greedy,4,176,,44,False
max,greedy,4,187,,44,False
max,greedy,4,198,,44,False
max,greedy,4,209,,44,False
max,greedy,4,220,,44,False
max,greedy,4,231,,44,False
max,greedy,4,242,,44,False
max,greedy,4,253,,44,False
max,greedy,4,264,,44,False
max,greedy,4,275,,44,False
max,greedy,4,286,,44,False
max,greedy,4,297,,44,False
max,greedy,4,308,,44,False
max,greedy,4,319,,44,False
max,greedy,4,330,,44,False
max,greedy,4,341,,44,False
max,greedy,4,352,,44,False
max,greedy,4,363,,44,False
max,greedy,4,374,,44,False
max,greedy,4,385,,44,False
max,greedy,4,396,,44,False
max,greedy,4,407,,44,False
max,greedy,4,418,,44,False
max,greedy,4,429,,44,False
max,greedy,4,440,,44,False
max,greedy,4,451,,44,False
max,greedy,4,462,,44,False
max,greedy,4,473,,44,False
max,greedy,4,484,,44,False
max,greedy,4,495,,44,False
max,greedy,4,506,,44,False
max,greedy,4,517,,44,False
max,greedy,4,528,,44,False
max,greedy,4,539,,44,False
max,greedy,4,550,,44,False
max,greedy,4,561,,44,False
max,greedy,4,572,,44,False
max,greedy,4,583,,44,False
max,greedy,4,594,,44,False
max,greedy,4,605,,44,False
max,greedy,4,616,,44,False
max,greedy,4,627,,44,False
max,greedy,4,638,,44,False
max,greedy,4,649,,44,False
max,greedy,4,660,,44,False
max,greedy,4,671,,44,False
max,greedy,4,682,,44,False
max,greedy,4,693,,44,False
max,greedy,4,704,,44,False
max,greedy,4,715,,44,False
max,greedy,4,726,,44,False
max,greedy,4,737,,44,False
max,greedy,4,748,,44,False
max,greedy,4,759,,44,False
max,greedy,4,770,,44,False
max,greedy,4,781,,44,False
max,greedy,4,792,,44,False
max,greedy,4,803,,44,False
max,greedy,4,814,,44,False
max,greedy,4,825,,44,False
max,greedy,4,836,,44,False
max,greedy,4,847,,44,False
max,greedy,4,858,,44,False
max,greedy,4,869,,44,False
max,greedy,4,880,,44,False
max,greedy,4,891,,44,False
max,greedy,4,902,,44,False
max,greedy,4,913,,44,False
max,greedy,4,924,,44,False
max,greedy,4,935,,44,False
max,greedy,4,946,,44,False
max,greedy,4,957,,44,False
max,greedy,4,968,,44,False
max,greedy,4,979,,44,False
max,greedy,4,990,,44,False
max,greedy,4,1001,,44,False
max,greedy,4,1012,,44,False
max,greedy,4,1023,,44,False
max,greedy,4,1034,,44,False
max,greedy,4,1045,,44,False
max,greedy,4,1056,,44,False
max,greedy,4,1067,,44,False
max,greedy,4,1078,,44,False
max,greedy,4,1089,,44,False
max,greedy,4,1100,,44,False
i2c,reward,0,11,317,4,True
i2c,reward,0,22,317,4,True
i2c,reward,0,33,317,4,True
i2c,reward,0,44,315,4,True
i2c,reward,0,55,315,4,True
i2c,reward,0,66,303,4,True
i2c,reward,0,77,303,4,True
i2c,reward,0,88,303,4,True
i2c,reward,0,99,303,4,True
i2c,reward,0,110,303,4,True
i2c,reward,0,121,303,4,True
i2c,reward,0,132,303,4,True
i2c,reward,0,143,303,4,True
i2c,reward,0,154,303,4,True
i2c,reward,0,165,303,4,True
i2c,reward,0,176,303,4,True
i2c,reward,0,187,303,4,True
i2c,reward,0,198,303,4,True
i2c,reward,0,209,303,4,True
i2c,reward,0,220,303,4,True
i2c,reward,0,231,303,4,True
i2c,reward,0,242,303,4,True
i2c,reward,0,253,303,4,True
i2c,reward,0,264,303,4,True
i2c,reward,0,275,303,4,True
i2c,reward,0,286,303,4,True
i2c,reward,0,297,303,4,True
i2c,reward,0,308,303,4,True
i2c,reward,0,319,303,4,True
i2c,reward,0,330,303,4,True
i2c,reward,0,341,303,4,True
i2c,reward,0,352,303,4,True
i2c,reward,0,363,303,4,True
i2c,reward,0,374,303,4,True
i2c,reward,0,385,303,4,True
i2c,reward,0,396,303,4,True
i2c,reward,0,407,303,4,True
i2c,reward,0,418,303,4,True
i2c,reward,0,429,303,4,True
i2c,reward,0,440,303,4,True
i2c,reward,0,451,303,4,True
i2c,reward,0,462,303,4,True
i2c,reward,0,473,303,4,True
i2c,reward,0,484,303,4,True
i2c,reward,0,495,303,4,True
i2c,reward,0,506,302,4,True
i2c,reward,0,517,301,4,True
i2c,reward,0,528,301,4,True
i2c,reward,0,539,301,4,True
i2c,reward,0,550,301,4,True
i2c,reward,0,561,300,4,True
i2c,reward,0,572,300,4,True
i2c,reward,0,583,300,4,True
i2c,reward,0,594,300,4,True
i2c,reward,0,605,300,4,True
i2c,reward,0,616,300,4,True
i2c,reward,0,627,300,4,True
i2c,reward,0,638,300,4,True
i2c,reward,0,649,300,4,True
i2c,reward,0,660,300,4,True
i2c,reward,0,671,300,4,True
i2c,reward,0,682,300,4,True
i2c,reward,0,693,300,4,True
i2c,reward,0,704,299,4,True
i2c,reward,0,715,299,4,True
i2c,reward,0,726,299,4,True
i2c,reward,0,737,299,4,True
i2c,reward,0,748,299,4,True
i2c,reward,0,759,299,4,True
i2c,reward,0,770,298,4,True
i2c,reward,0,781,298,4,True
i2c,reward,0,792,298,4,True
i2c,reward,0,803,298,4,True
i2c,reward,0,814,298,4,True
i2c,reward,0,825,298,4,True
i2c,reward,0,836,298,4,True
i2c,reward,0,847,298,4,True
i2c,reward,0,858,298,4,True
i2c,reward,0,869,298,4,True
i2c,reward,0,880,298,4,True
i2c,reward,0,891,298,4,True
i2c,reward,0,902,298,4,True
i2c,reward,0,913,298,4,True
i2c,reward,0,924,298,4,True
i2c,reward,0,935,298,4,True
i2c,reward,0,946,298,4,True
i2c,reward,0,957,298,4,True
i2c,reward,0,968,298,4,True
i2c,reward,0,979,298,4,True
i2c,reward,0,990,298,4,True
i2c,reward,0,1001,298,4,True
i2c,reward,0,1012,298,4,True
i2c,reward,0,1023,298,4,True
i2c,reward,0,1034,298,4,True
i2c,reward,0,1045,298,4,True
i2c,reward,0,1056,298,4,True
i2c,reward,0,1067,298,4,True
i2c,reward,0,1078,298,4,True
i2c,reward,0,1089,298,4,True
i2c,reward,0,1100,298,4,True
i2c,reward,1,11,330,4,True
i2c,reward,1,22,330,4,True
i2c,reward,1,33,318,4,True
i2c,reward,1,44,318,4,True
i2c,reward,1,55,311,4,True
i2c,reward,1,66,311,4,True
i2c,reward,1,77,311,4,True
i2c,reward,1,88,311,4,True
i2c,reward,1,99,311,4,True
i2c,reward,1,110,311,4,True
i2c,reward,1,121,311,4,True
i2c,reward,1,132,311,4,True
i2c,reward,1,143,311,4,True
i2c,reward,1,154,311,4,True
i2c,reward,1,165,311,4,True
i2c,reward,1,176,311,4,True
i2c,reward,1,187,311,4,True
i2c,reward,1,198,311,4,True
i2c,reward,1,209,311,4,True
i2c,reward,1,220,311,4,True
i2c,reward,1,231,311,4,True
i2c,reward,1,242,311,4,True
i2c,reward,1,253,311,4,True
i2c,reward,1,264,311,4,True
i2c,reward,1,275,311,4,True
i2c,reward,1,286,311,4,True
i2c,reward,1,297,311,4,True
i2c,reward,1,308,305,4,True
i2c,reward,1,319,305,4,True
i2c,reward,1,330,305,4,True
i2c,reward,1,341,305,4,True
i2c,reward,1,352,305,4,True
i2c,reward,1,363,305,4,True
i2c,reward,1,374,305,4,True
i2c,reward,1,385,305,4,True
i2c,reward,1,396,305,4,True
i2c,reward,1,407,305,4,True
i2c,reward,1,418,305,4,True
i2c,reward,1,429,305,4,True
i2c,reward,1,440,305,4,True
i2c,reward,1,451,305,4,True
i2c,reward,1,462,305,4,True
i2c,reward,1,473,305,4,True
i2c,reward,1,484,305,4,True
i2c,reward,1,495,305,4,True
i2c,reward,1,506,305,4,True
i2c,reward,1,517,305,4,True
i2c,reward,1,528,305,4,True
i2c,reward,1,539,305,4,True
i2c,reward,1,550,305,4,True
i2c,reward,1,561,305,4,True
i2c,reward,1,572,305,4,True
i2c,reward,1,583,305,4,True
i2c,reward,1,594,305,4,True
i2c,reward,1,605,305,4,True
i2c,reward,1,616,299,4,True
i2c,reward,1,627,299,4,True
i2c,reward,1,638,299,4,True
i2c,reward,1,649,299,4,True
i2c,reward,1,660,299,4,True
i2c,reward,1,671,299,4,True
i2c,reward,1,682,299,4,True
i2c,reward,1,693,299,4,True
i2c,reward,1,704,299,4,True
i2c,reward,1,715,299,4,True
i2c,reward,1,726,299,4,True
i2c,reward,1,737,299,4,True
i2c,reward,1,748,299,4,True
i2c,reward,1,759,299,4,True
i2c,reward,1,770,299,4,True
i2c,reward,1,781,299,4,True
i2c,reward,1,792,299,4,True
i2c,reward,1,803,299,4,True
i2c,reward,1,814,299,4,True
i2c,reward,1,825,299,4,True
i2c,reward,1,836,299,4,True
i2c,reward,1,847,299,4,True
i2c,reward,1,858,299,4,True
i2c,reward,1,869,299,4,True
i2c,reward,1,880,299,4,True
i2c,reward,1,891,299,4,True
i2c,reward,1,902,299,4,True
i2c,reward,1,913,299,4,True
i2c,reward,1,924,299,4,True
i2c,reward,1,935,299,4,True
i2c,reward,1,946,299,4,True
i2c,reward,1,957,299,4,True
i2c,reward,1,968,299,4,True
i2c,reward,1,979,299,4,True
i2c,reward,1,990,299,4,True
i2c,reward,1,1001,299,4,True
i2c,reward,1,1012,299,4,True
i2c,reward,1,1023,299,4,True
i2c,reward,1,1034,299,4,True
i2c,reward,1,1045,299,4,True
i2c,reward,1,1056,299,4,True
i2c,reward,1,1067,299,4,True
i2c,reward,1,1078,299,4,True
i2c,reward,1,1089,299,4,True
i2c,reward,1,1100,299,4,True
i2c,reward,2,11,323,4,True
i2c,reward,2,22,310,4,True
i2c,reward,2,33,310,4,True
i2c,reward,2,44,310,4,True
i2c,reward,2,55,310,4,True
i2c,reward,2,66,310,4,True
i2c,reward,2,77,310,4,True
i2c,reward,2,88,310,4,True
i2c,reward,2,99,310,4,True
i2c,reward,2,110,310,4,True
i2c,reward,2,121,301,4,True
i2c,reward,2,132,301,4,True
i2c,reward,2,143,301,4,True
i2c,reward,2,154,301,4,True
i2c,reward,2,165,301,4,True
i2c,reward,2,176,301,4,True
i2c,reward,2,187,301,4,True
i2c,reward,2,198,301,4,True
i2c,reward,2,209,301,4,True
i2c,reward,2,220,301,4,True
i2c,reward,2,231,301,4,True
i2c,reward,2,242,301,4,True
i2c,reward,2,253,301,4,True
i2c,reward,2,264,301,4,True
i2c,reward,2,275,301,4,True
i2c,reward,2,286,301,4,True
i2c,reward,2,297,301,4,True
i2c,reward,2,308,301,4,True
i2c,reward,2,319,301,4,True
i2c,reward,2,330,301,4,True
i2c,reward,2,341,301,4,True
i2c,reward,2,352,301,4,True
i2c,reward,2,363,301,4,True
i2c,reward,2,374,301,4,True
i2c,reward,2,385,301,4,True
i2c,reward,2,396,301,4,True
i2c,reward,2,407,301,4,True
i2c,reward,2,418,301,4,True
i2c,reward,2,429,301,4,True
i2c,reward,2,440,301,4,True
i2c,reward,2,451,301,4,True
i2c,reward,2,462,300,4,True
i2c,reward,2,473,300,4,True
i2c,reward,2,484,300,4,True
i2c,reward,2,495,300,4,True
i2c,reward,2,506,300,4,True
i2c,reward,2,517,300,4,True
i2c,reward,2,528,300,4,True
i2c,reward,2,539,300,4,True
i2c,reward,2,550,300,4,True
i2c,reward,2,561,300,4,True
i2c,reward,2,572,300,4,True
i2c,reward,2,583,300,4,True
i2c,reward,2,594,300,4,True
i2c,reward,2,605,300,4,True
i2c,reward,2,616,300,4,True
i2c,reward,2,627,300,4,True
i2c,reward,2,638,300,4,True
i2c,reward,2,649,300,4,True
i2c,reward,2,660,300,4,True
i2c,reward,2,671,300,4,True
i2c,reward,2,682,300,4,True
i2c,reward,2,693,300,4,True
i2c,reward,2,704,300,4,True
i2c,reward,2,715,300,4,True
i2c,reward,2,726,300,4,True
i2c,reward,2,737,300,4,True
i2c,reward,2,748,300,4,True
i2c,reward,2,759,300,4,True
i2c,reward,2,770,300,4,True
i2c,reward,2,781,300,4,True
i2c,reward,2,792,300,4,True
i2c,reward,2,803,300,4,True
i2c,reward,2,814,300,4,True
i2c,reward,2,825,300,4,True
i2c,reward,2,836,300,4,True
i2c,reward,2,847,300,4,True
i2c,reward,2,858,299,4,True
i2c,reward,2,869,299,4,True
i2c,reward,2,880,299,4,True
i2c,reward,2,891,299,4,True
i2c,reward,2,902,299,4,True
i2c,reward,2,913,299,4,True
i2c,reward,2,924,299,4,True
i2c,reward,2,935,299,4,True
i2c,reward,2,946,299,4,True
i2c,reward,2,957,299,4,True
i2c,reward,2,968,299,4,True
i2c,reward,2,979,299,4,True
i2c,reward,2,990,299,4,True
i2c,reward,2,1001,299,4,True
i2c,reward,2,1012,297,4,True
i2c,reward,2,1023,297,4,True
i2c,reward,2,1034,297,4,True
i2c,reward,2,1045,297,4,True
i2c,reward,2,1056,297,4,True
i2c,reward,2,1067,297,4,True
i2c,reward,2,1078,297,4,True
i2c,reward,2,1089,297,4,True
i2c,reward,2,1100,297,4,True
i2c,reward,3,11,315,4,True
i2c,reward,3,22,314,4,True
i2c,reward,3,33,314,4,True
i2c,reward,3,44,308,4,True
i2c,reward,3,55,308,4,True
i2c,reward,3,66,308,4,True
i2c,reward,3,77,308,4,True
i2c,reward,3,88,305,4,True
i2c,reward,3,99,305,4,True
i2c,reward,3,110,305,4,True
i2c,reward,3,121,305,4,True
i2c,reward,3,132,305,4,True
i2c,reward,3,143,305,4,True
i2c,reward,3,154,305,4,True
i2c,reward,3,165,300,4,True
i2c,reward,3,176,300,4,True
i2c,reward,3,187,300,4,True
i2c,reward,3,198,300,4,True
i2c,reward,3,209,300,4,True
i2c,reward,3,220,300,4,True
i2c,reward,3,231,300,4,True
i2c,reward,3,242,300,4,True
i2c,reward,3,253,300,4,True
i2c,reward,3,264,300,4,True
i2c,reward,3,275,300,4,True
i2c,reward,3,286,300,4,True
i2c,reward,3,297,300,4,True
i2c,reward,3,308,300,4,True
i2c,reward,3,319,300,4,True
i2c,reward,3,330,300,4,True
i2c,reward,3,341,300,4,True
i2c,reward,3,352,300,4,True
i2c,reward,3,363,300,4,True
i2c,reward,3,374,300,4,True
i2c,reward,3,385,300,4,True
i2c,reward,3,396,300,4,True
i2c,reward,3,407,300,4,True
i2c,reward,3,418,300,4,True
i2c,reward,3,429,300,4,True
i2c,reward,3,440,300,4,True
i2c,reward,3,451,300,4,True
i2c,reward,3,462,300,4,True
i2c,reward,3,473,300,4,True
i2c,reward,3,484,300,4,True
i2c,reward,3,495,300,4,True
i2c,reward,3,506,298,4,True
i2c,reward,3,517,298,4,True
i2c,reward,3,528,298,4,True
i2c,reward,3,539,298,4,True
i2c,reward,3,550,298,4,True
i2c,reward,3,561,298,4,True
i2c,reward,3,572,298,4,True
i2c,reward,3,583,298,4,True
i2c,reward,3,594,298,4,True
i2c,reward,3,605,298,4,True
i2c,reward,3,616,298,4,True
i2c,reward,3,627,298,4,True
i2c,reward,3,638,298,4,True
i2c,reward,3,649,298,4,True
i2c,reward,3,660,298,4,True
i2c,reward,3,671,298,4,True
i2c,reward,3,682,298,4,True
i2c,reward,3,693,298,4,True
i2c,reward,3,704,298,4,True
i2c,reward,3,715,298,4,True
i2c,reward,3,726,298,4,True
i2c,reward,3,737,298,4,True
i2c,reward,3,748,298,4,True
i2c,reward,3,759,298,4,True
i2c,reward,3,770,297,4,True
i2c,reward,3,781,297,4,True
i2c,reward,3,792,297,4,True
i2c,reward,3,803,297,4,True
i2c,reward,3,814,297,4,True
i2c,reward,3,825,297,4,True
i2c,reward,3,836,297,4,True
i2c,reward,3,847,297,4,True
i2c,reward,3,858,297,4,True
i2c,reward,3,869,297,4,True
i2c,reward,3,880,297,4,True
i2c,reward,3,891,297,4,True
i2c,reward,3,902,297,4,True
i2c,reward,3,913,297,4,True
i2c,reward,3,924,297,4,True
i2c,reward,3,935,297,4,True
i2c,reward,3,946,297,4,True
i2c,reward,3,957,297,4,True
i2c,reward,3,968,297,4,True
i2c,reward,3,979,297,4,True
i2c,reward,3,990,297,4,True
i2c,reward,3,1001,297,4,True
i2c,reward,3,1012,297,4,True
i2c,reward,3,1023,297,4,True
i2c,reward,3,1034,297,4,True
i2c,reward,3,1045,297,4,True
i2c,reward,3,1056,297,4,True
i2c,reward,3,1067,297,4,True
i2c,reward,3,1078,297,4,True
i2c,reward,3,1089,297,4,True
i2c,reward,3,1100,297,4,True
i2c,reward,4,11,326,4,True
i2c,reward,4,22,319,4,True
i2c,reward,4,33,319,4,True
i2c,reward,4,44,319,4,True
i2c,reward,4,55,317,4,True
i2c,reward,4,66,317,4,True
i2c,reward,4,77,305,4,True
i2c,reward,4,88,305,4,True
i2c,reward,4,99,305,4,True
i2c,reward,4,110,305,4,True
i2c,reward,4,121,305,4,True
i2c,reward,4,132,305,4,True
i2c,reward,4,143,305,4,True
i2c,reward,4,154,305,4,True
i2c,reward,4,165,305,4,True
i2c,reward,4,176,305,4,True
i2c,reward,4,187,305,4,True
i2c,reward,4,198,305,4,True
i2c,reward,4,209,305,4,True
i2c,reward,4,220,305,4,True
i2c,reward,4,231,305,4,True
i2c,reward,4,242,305,4,True
i2c,reward,4,253,305,4,True
i2c,reward,4,264,305,4,True
i2c,reward,4,275,305,4,True
i2c,reward,4,286,305,4,True
i2c,reward,4,297,305,4,True
i2c,reward,4,308,301,4,True
i2c,reward,4,319,301,4,True
i2c,reward,4,330,301,4,True
i2c,reward,4,341,301,4,True
i2c,reward,4,352,301,4,True
i2c,reward,4,363,301,4,True
i2c,reward,4,374,301,4,True
i2c,reward,4,385,301,4,True
i2c,reward,4,396,301,4,True
i2c,reward,4,407,301,4,True
i2c,reward,4,418,301,4,True
i2c,reward,4,429,301,4,True
i2c,reward,4,440,301,4,True
i2c,reward,4,451,301,4,True
i2c,reward,4,462,301,4,True
i2c,reward,4,473,301,4,True
i2c,reward,4,484,301,4,True
i2c,reward,4,495,301,4,True
i2c,reward,4,506,301,4,True
i2c,reward,4,517,301,4,True
i2c,reward,4,528,301,4,True
i2c,reward,4,539,301,4,True
i2c,reward,4,550,301,4,True
i2c,reward,4,561,301,4,True
i2c,reward,4,572,301,4,True
i2c,reward,4,583,301,4,True
i2c,reward,4,594,301,4,True
i2c,reward,4,605,301,4,True
i2c,reward,4,616,301,4,True
i2c,reward,4,627,301,4,True
i2c,reward,4,638,301,4,True
i2c,reward,4,649,301,4,True
i2c,reward,4,660,301,4,True
i2c,reward,4,671,301,4,True
i2c,reward,4,682,301,4,True
i2c,reward,4,693,301,4,True
i2c,reward,4,704,301,4,True
i2c,reward,4,715,301,4,True
i2c,reward,4,726,301,4,True
i2c,reward,4,737,301,4,True
i2c,reward,4,748,301,4,True
i2c,reward,4,759,297,4,True
i2c,reward,4,770,297,4,True
i2c,reward,4,781,297,4,True
i2c,reward,4,792,297,4,True
i2c,reward,4,803,297,4,True
i2c,reward,4,814,295,4,True
i2c,reward,4,825,295,4,True
i2c,reward,4,836,295,4,True
i2c,reward,4,847,295,4,True
i2c,reward,4,858,295,4,True
i2c,reward,4,869,295,4,True
i2c,reward,4,880,295,4,True
i2c,reward,4,891,295,4,True
i2c,reward,4,902,295,4,True
i2c,reward,4,913,295,4,True
i2c,reward,4,924,295,4,True
i2c,reward,4,935,295,4,True
i2c,reward,4,946,295,4,True
i2c,reward,4,957,295,4,True
i2c,reward,4,968,295,4,True
i2c,reward,4,979,295,4,True
i2c,reward,4,990,295,4,True
i2c,reward,4,1001,295,4,True
i2c,reward,4,1012,295,4,True
i2c,reward,4,1023,295,4,True
i2c,reward,4,1034,295,4,True
i2c,reward,4,1045,295,4,True
i2c,reward,4,1056,295,4,True
i2c,reward,4,1067,295,4,True
i2c,reward,4,1078,295,4,True
i2c,reward,4,1089,295,4,True
i2c,reward,4,1100,295,4,True
i2c,frozen,0,11,317,4,True
i2c,frozen,0,22,317,4,True
i2c,frozen,0,33,317,4,True
i2c,frozen,0,44,317,4,True
i2c,frozen,0,55,317,4,True
i2c,frozen,0,66,309,4,True
i2c,frozen,0,77,307,4,True
i2c,frozen,0,88,307,4,True
i2c,frozen,0,99,307,4,True
i2c,frozen,0,110,307,4,True
i2c,frozen,0,121,307,4,True
i2c,frozen,0,132,307,4,True
i2c,frozen,0,143,307,4,True
i2c,frozen,0,154,307,4,True
i2c,frozen,0,165,307,4,True
i2c,frozen,0,176,307,4,True
i2c,frozen,0,187,307,4,True
i2c,frozen,0,198,307,4,True
i2c,frozen,0,209,307,4,True
i2c,frozen,0,220,307,4,True
i2c,frozen,0,231,307,4,True
i2c,frozen,0,242,307,4,True
i2c,frozen,0,253,304,4,True
i2c,frozen,0,264,304,4,True
i2c,frozen,0,275,304,4,True
i2c,frozen,0,286,304,4,True
i2c,frozen,0,297,304,4,True
i2c,frozen,0,308,304,4,True
i2c,frozen,0,319,304,4,True
i2c,frozen,0,330,304,4,True
i2c,frozen,0,341,304,4,True
i2c,frozen,0,352,304,4,True
i2c,frozen,0,363,304,4,True
i2c,frozen,0,374,304,4,True
i2c,frozen,0,385,304,4,True
i2c,frozen,0,396,304,4,True
i2c,frozen,0,407,304,4,True
i2c,frozen,0,418,304,4,True
i2c,frozen,0,429,304,4,True
i2c,frozen,0,440,304,4,True
i2c,frozen,0,451,304,4,True
i2c,frozen,0,462,304,4,True
i2c,frozen,0,473,304,4,True
i2c,frozen,0,484,304,4,True
i2c,frozen,0,495,304,4,True
i2c,frozen,0,506,304,4,True
i2c,frozen,0,517,304,4,True
i2c,frozen,0,528,304,4,True
i2c,frozen,0,539,304,4,True
i2c,frozen,0,550,304,4,True
i2c,frozen,0,561,304,4,True
i2c,frozen,0,572,303,4,True
i2c,frozen,0,583,303,4,True
i2c,frozen,0,594,303,4,True
i2c,frozen,0,605,303,4,True
i2c,frozen,0,616,303,4,True
i2c,frozen,0,627,303,4,True
i2c,frozen,0,638,303,4,True
i2c,frozen,0,649,303,4,True
i2c,frozen,0,660,303,4,True
i2c,frozen,0,671,303,4,True
i2c,frozen,0,682,303,4,True
i2c,frozen,0,693,303,4,True
i2c,frozen,0,704,301,4,True
i2c,frozen,0,715,301,4,True
i2c,frozen,0,726,301,4,True
i2c,frozen,0,737,301,4,True
i2c,frozen,0,748,301,4,True
i2c,frozen,0,759,301,4,True
i2c,frozen,0,770,301,4,True
i2c,frozen,0,781,301,4,True
i2c,frozen,0,792,301,4,True
i2c,frozen,0,803,301,4,True
i2c,frozen,0,814,301,4,True
i2c,frozen,0,825,301,4,True
i2c,frozen,0,836,301,4,True
i2c,frozen,0,847,301,4,True
i2c,frozen,0,858,301,4,True
i2c,frozen,0,869,301,4,True
i2c,frozen,0,880,301,4,True
i2c,frozen,0,891,301,4,True
i2c,frozen,0,902,301,4,True
i2c,frozen,0,913,301,4,True
i2c,frozen,0,924,301,4,True
i2c,frozen,0,935,301,4,True
i2c,frozen,0,946,301,4,True
i2c,frozen,0,957,301,4,True
i2c,frozen,0,968,301,4,True
i2c,frozen,0,979,301,4,True
i2c,frozen,0,990,301,4,True
i2c,frozen,0,1001,301,4,True
i2c,frozen,0,1012,301,4,True
i2c,frozen,0,1023,301,4,True
i2c,frozen,0,1034,301,4,True
i2c,frozen,0,1045,301,4,True
i2c,frozen,0,1056,301,4,True
i2c,frozen,0,1067,301,4,True
i2c,frozen,0,1078,301,4,True
i2c,frozen,0,1089,301,4,True
i2c,frozen,0,1100,301,4,True
i2c,frozen,1,11,330,4,True
i2c,frozen,1,22,330,4,True
i2c,frozen,1,33,321,4,True
i2c,frozen,1,44,319,4,True
i2c,frozen,1,55,312,4,True
i2c,frozen,1,66,312,4,True
i2c,frozen,1,77,311,4,True
i2c,frozen,1,88,311,4,True
i2c,frozen,1,99,311,4,True
i2c,frozen,1,110,311,4,True
i2c,frozen,1,121,311,4,True
i2c,frozen,1,132,311,4,True
i2c,frozen,1,143,311,4,True
i2c,frozen,1,154,311,4,True
i2c,frozen,1,165,311,4,True
i2c,frozen,1,176,311,4,True
i2c,frozen,1,187,311,4,True
i2c,frozen,1,198,311,4,True
i2c,frozen,1,209,311,4,True
i2c,frozen,1,220,311,4,True
i2c,frozen,1,231,311,4,True
i2c,frozen,1,242,311,4,True
i2c,frozen,1,253,311,4,True
i2c,frozen,1,264,311,4,True
i2c,frozen,1,275,311,4,True
i2c,frozen,1,286,311,4,True
i2c,frozen,1,297,311,4,True
i2c,frozen,1,308,311,4,True
i2c,frozen,1,319,311,4,True
i2c,frozen,1,330,311,4,True
i2c,frozen,1,341,311,4,True
i2c,frozen,1,352,311,4,True
i2c,frozen,1,363,311,4,True
i2c,frozen,1,374,311,4,True
i2c,frozen,1,385,311,4,True
i2c,frozen,1,396,311,4,True
i2c,frozen,1,407,311,4,True
i2c,frozen,1,418,311,4,True
i2c,frozen,1,429,311,4,True
i2c,frozen,1,440,311,4,True
i2c,frozen,1,451,311,4,True
i2c,frozen,1,462,311,4,True
i2c,frozen,1,473,311,4,True
i2c,frozen,1,484,311,4,True
i2c,frozen,1,495,311,4,True
i2c,frozen,1,506,311,4,True
i2c,frozen,1,517,311,4,True
i2c,frozen,1,528,311,4,True
i2c,frozen,1,539,311,4,True
i2c,frozen,1,550,311,4,True
i2c,frozen,1,561,311,4,True
i2c,frozen,1,572,311,4,True
i2c,frozen,1,583,311,4,True
i2c,frozen,1,594,311,4,True
i2c,frozen,1,605,311,4,True
i2c,frozen,1,616,311,4,True
i2c,frozen,1,627,311,4,True
i2c,frozen,1,638,311,4,True
i2c,frozen,1,649,311,4,True
i2c,frozen,1,660,311,4,True
i2c,frozen,1,671,311,4,True
i2c,frozen,1,682,311,4,True
i2c,frozen,1,693,311,4,True
i2c,frozen,1,704,311,4,True
i2c,frozen,1,715,311,4,True
i2c,frozen,1,726,311,4,True
i2c,frozen,1,737,311,4,True
i2c,frozen,1,748,311,4,True
i2c,frozen,1,759,311,4,True
i2c,frozen,1,770,307,4,True
i2c,frozen,1,781,307,4,True
i2c,frozen,1,792,307,4,True
i2c,frozen,1,803,307,4,True
i2c,frozen,1,814,307,4,True
i2c,frozen,1,825,307,4,True
i2c,frozen,1,836,307,4,True
i2c,frozen,1,847,307,4,True
i2c,frozen,1,858,307,4,True
i2c,frozen,1,869,307,4,True
i2c,frozen,1,880,307,4,True
i2c,frozen,1,891,307,4,True
i2c,frozen,1,902,307,4,True
i2c,frozen,1,913,307,4,True
i2c,frozen,1,924,307,4,True
i2c,frozen,1,935,307,4,True
i2c,frozen,1,946,307,4,True
i2c,frozen,1,957,307,4,True
i2c,frozen,1,968,307,4,True
i2c,frozen,1,979,307,4,True
i2c,frozen,1,990,307,4,True
i2c,frozen,1,1001,307,4,True
i2c,frozen,1,1012,307,4,True
i2c,frozen,1,1023,307,4,True
i2c,frozen,1,1034,307,4,True
i2c,frozen,1,1045,307,4,True
i2c,frozen,1,1056,307,4,True
i2c,frozen,1,1067,307,4,True
i2c,frozen,1,1078,307,4,True
i2c,frozen,1,1089,307,4,True
i2c,frozen,1,1100,307,4,True
i2c,frozen,2,11,323,4,True
i2c,frozen,2,22,310,4,True
i2c,frozen,2,33,310,4,True
i2c,frozen,2,44,310,4,True
i2c,frozen,2,55,310,4,True
i2c,frozen,2,66,310,4,True
i2c,frozen,2,77,310,4,True
i2c,frozen,2,88,310,4,True
i2c,frozen,2,99,310,4,True
i2c,frozen,2,110,310,4,True
i2c,frozen,2,121,310,4,True
i2c,frozen,2,132,310,4,True
i2c,frozen,2,143,310,4,True
i2c,frozen,2,154,310,4,True
i2c,frozen,2,165,310,4,True
i2c,frozen,2,176,310,4,True
i2c,frozen,2,187,310,4,True
i2c,frozen,2,198,310,4,True
i2c,frozen,2,209,310,4,True
i2c,frozen,2,220,310,4,True
i2c,frozen,2,231,310,4,True
i2c,frozen,2,242,310,4,True
i2c,frozen,2,253,310,4,True
i2c,frozen,2,264,310,4,True
i2c,frozen,2,275,310,4,True
i2c,frozen,2,286,310,4,True
i2c,frozen,2,297,310,4,True
i2c,frozen,2,308,310,4,True
i2c,frozen,2,319,310,4,True
i2c,frozen,2,330,310,4,True
i2c,frozen,2,341,310,4,True
i2c,frozen,2,352,310,4,True
i2c,frozen,2,363,310,4,True
i2c,frozen,2,374,310,4,True
i2c,frozen,2,385,310,4,True
i2c,frozen,2,396,310,4,True
i2c,frozen,2,407,310,4,True
i2c,frozen,2,418,310,4,True
i2c,frozen,2,429,310,4,True
i2c,frozen,2,440,310,4,True
i2c,frozen,2,451,310,4,True
i2c,frozen,2,462,310,4,True
i2c,frozen,2,473,310,4,True
i2c,frozen,2,484,310,4,True
i2c,frozen,2,495,310,4,True
i2c,frozen,2,506,310,4,True
i2c,frozen,2,517,310,4,True
i2c,frozen,2,528,310,4,True
i2c,frozen,2,539,310,4,True
i2c,frozen,2,550,310,4,True
i2c,frozen,2,561,310,4,True
i2c,frozen,2,572,309,4,True
i2c,frozen,2,583,309,4,True
i2c,frozen,2,594,309,4,True
i2c,frozen,2,605,309,4,True
i2c,frozen,2,616,309,4,True
i2c,frozen,2,627,309,4,True
i2c,frozen,2,638,309,4,True
i2c,frozen,2,649,309,4,True
i2c,frozen,2,660,309,4,True
i2c,frozen,2,671,309,4,True
i2c,frozen,2,682,309,4,True
i2c,frozen,2,693,309,4,True
i2c,frozen,2,704,309,4,True
i2c,frozen,2,715,309,4,True
i2c,frozen,2,726,309,4,True
i2c,frozen,2,737,309,4,True
i2c,frozen,2,748,309,4,True
i2c,frozen,2,759,309,4,True
i2c,frozen,2,770,309,4,True
i2c,frozen,2,781,307,4,True
i2c,frozen,2,792,307,4,True
i2c,frozen,2,803,307,4,True
i2c,frozen,2,814,307,4,True
i2c,frozen,2,825,307,4,True
i2c,frozen,2,836,307,4,True
i2c,frozen,2,847,307,4,True
i2c,frozen,2,858,307,4,True
i2c,frozen,2,869,307,4,True
i2c,frozen,2,880,307,4,True
i2c,frozen,2,891,306,4,True
i2c,frozen,2,902,306,4,True
i2c,frozen,2,913,306,4,True
i2c,frozen,2,924,306,4,True
i2c,frozen,2,935,306,4,True
i2c,frozen,2,946,306,4,True
i2c,frozen,2,957,306,4,True
i2c,frozen,2,968,306,4,True
i2c,frozen,2,979,306,4,True
i2c,frozen,2,990,306,4,True
i2c,frozen,2,1001,306,4,True
i2c,frozen,2,1012,306,4,True
i2c,frozen,2,1023,306,4,True
i2c,frozen,2,1034,306,4,True
i2c,frozen,2,1045,306,4,True
i2c,frozen,2,1056,306,4,True
i2c,frozen,2,1067,306,4,True
i2c,frozen,2,1078,306,4,True
i2c,frozen,2,1089,306,4,True
i2c,frozen,2,1100,306,4,True
i2c,frozen,3,11,315,4,True
i2c,frozen,3,22,313,4,True
i2c,frozen,3,33,313,4,True
i2c,frozen,3,44,313,4,True
i2c,frozen,3,55,313,4,True
i2c,frozen,3,66,312,4,True
i2c,frozen,3,77,312,4,True
i2c,frozen,3,88,310,4,True
i2c,frozen,3,99,310,4,True
i2c,frozen,3,110,310,4,True
i2c,frozen,3,121,310,4,True
i2c,frozen,3,132,310,4,True
i2c,frozen,3,143,310,4,True
i2c,frozen,3,154,310,4,True
i2c,frozen,3,165,310,4,True
i2c,frozen,3,176,310,4,True
i2c,frozen,3,187,310,4,True
i2c,frozen,3,198,310,4,True
i2c,frozen,3,209,310,4,True
i2c,frozen,3,220,310,4,True
i2c,frozen,3,231,310,4,True
i2c,frozen,3,242,310,4,True
i2c,frozen,3,253,310,4,True
i2c,frozen,3,264,310,4,True
i2c,frozen,3,275,310,4,True
i2c,frozen,3,286,310,4,True
i2c,frozen,3,297,310,4,True
i2c,frozen,3,308,310,4,True
i2c,frozen,3,319,310,4,True
i2c,frozen,3,330,310,4,True
i2c,frozen,3,341,310,4,True
i2c,frozen,3,352,310,4,True
i2c,frozen,3,363,310,4,True
i2c,frozen,3,374,310,4,True
i2c,frozen,3,385,310,4,True
i2c,frozen,3,396,310,4,True
i2c,frozen,3,407,310,4,True
i2c,frozen,3,418,310,4,True
i2c,frozen,3,429,310,4,True
i2c,frozen,3,440,310,4,True
i2c,frozen,3,451,310,4,True
i2c,frozen,3,462,310,4,True
i2c,frozen,3,473,307,4,True
i2c,frozen,3,484,307,4,True
i2c,frozen,3,495,307,4,True
i2c,frozen,3,506,307,4,True
i2c,frozen,3,517,307,4,True
i2c,frozen,3,528,307,4,True
i2c,frozen,3,539,307,4,True
i2c,frozen,3,550,307,4,True
i2c,frozen,3,561,307,4,True
i2c,frozen,3,572,307,4,True
i2c,frozen,3,583,307,4,True
i2c,frozen,3,594,307,4,True
i2c,frozen,3,605,307,4,True
i2c,frozen,3,616,307,4,True
i2c,frozen,3,627,307,4,True
i2c,frozen,3,638,307,4,True
i2c,frozen,3,649,307,4,True
i2c,frozen,3,660,307,4,True
i2c,frozen,3,671,307,4,True
i2c,frozen,3,682,307,4,True
i2c,frozen,3,693,304,4,True
i2c,frozen,3,704,304,4,True
i2c,frozen,3,715,304,4,True
i2c,frozen,3,726,304,4,True
i2c,frozen,3,737,304,4,True
i2c,frozen,3,748,304,4,True
i2c,frozen,3,759,304,4,True
i2c,frozen,3,770,304,4,True
i2c,frozen,3,781,304,4,True
i2c,frozen,3,792,304,4,True
i2c,frozen,3,803,304,4,True
i2c,frozen,3,814,304,4,True
i2c,frozen,3,825,304,4,True
i2c,frozen,3,836,304,4,True
i2c,frozen,3,847,304,4,True
i2c,frozen,3,858,304,4,True
i2c,frozen,3,869,304,4,True
i2c,frozen,3,880,304,4,True
i2c,frozen,3,891,304,4,True
i2c,frozen,3,902,304,4,True
i2c,frozen,3,913,304,4,True
i2c,frozen,3,924,304,4,True
i2c,frozen,3,935,304,4,True
i2c,frozen,3,946,304,4,True
i2c,frozen,3,957,304,4,True
i2c,frozen,3,968,304,4,True
i2c,frozen,3,979,304,4,True
i2c,frozen,3,990,304,4,True
i2c,frozen,3,1001,304,4,True
i2c,frozen,3,1012,304,4,True
i2c,frozen,3,1023,304,4,True
i2c,frozen,3,1034,304,4,True
i2c,frozen,3,1045,304,4,True
i2c,frozen,3,1056,304,4,True
i2c,frozen,3,1067,304,4,True
i2c,frozen,3,1078,304,4,True
i2c,frozen,3,1089,304,4,True
i2c,frozen,3,1100,304,4,True
i2c,frozen,4,11,326,4,True
i2c,frozen,4,22,319,4,True
i2c,frozen,4,33,319,4,True
i2c,frozen,4,44,319,4,True
i2c,frozen,4,55,319,4,True
i2c,frozen,4,66,319,4,True
i2c,frozen,4,77,312,4,True
i2c,frozen,4,88,311,4,True
i2c,frozen,4,99,311,4,True
i2c,frozen,4,110,311,4,True
i2c,frozen,4,121,311,4,True
i2c,frozen,4,132,311,4,True
i2c,frozen,4,143,311,4,True
i2c,frozen,4,154,311,4,True
i2c,frozen,4,165,311,4,True
i2c,frozen,4,176,311,4,True
i2c,frozen,4,187,311,4,True
i2c,frozen,4,198,311,4,True
i2c,frozen,4,209,308,4,True
i2c,frozen,4,220,308,4,True
i2c,frozen,4,231,308,4,True
i2c,frozen,4,242,308,4,True
i2c,frozen,4,253,308,4,True
i2c,frozen,4,264,308,4,True
i2c,frozen,4,275,308,4,True
i2c,frozen,4,286,305,4,True
i2c,frozen,4,297,305,4,True
i2c,frozen,4,308,305,4,True
i2c,frozen,4,319,305,4,True
i2c,frozen,4,330,305,4,True
i2c,frozen,4,341,305,4,True
i2c,frozen,4,352,305,4,True
i2c,frozen,4,363,305,4,True
i2c,frozen,4,374,305,4,True
i2c,frozen,4,385,305,4,True
i2c,frozen,4,396,305,4,True
i2c,frozen,4,407,305,4,True
i2c,frozen,4,418,305,4,True
i2c,frozen,4,429,305,4,True
i2c,frozen,4,440,305,4,True
i2c,frozen,4,451,305,4,True
i2c,frozen,4,462,305,4,True
i2c,frozen,4,473,305,4,True
i2c,frozen,4,484,305,4,True
i2c,frozen,4,495,305,4,True
i2c,frozen,4,506,305,4,True
i2c,frozen,4,517,305,4,True
i2c,frozen,4,528,305,4,True
i2c,frozen,4,539,305,4,True
i2c,frozen,4,550,305,4,True
i2c,frozen,4,561,305,4,True
i2c,frozen,4,572,305,4,True
i2c,frozen,4,583,305,4,True
i2c,frozen,4,594,305,4,True
i2c,frozen,4,605,305,4,True
i2c,frozen,4,616,305,4,True
i2c,frozen,4,627,305,4,True
i2c,frozen,4,638,305,4,True
i2c,frozen,4,649,305,4,True
i2c,frozen,4,660,305,4,True
i2c,frozen,4,671,305,4,True
i2c,frozen,4,682,305,4,True
i2c,frozen,4,693,305,4,True
i2c,frozen,4,704,305,4,True
i2c,frozen,4,715,305,4,True
i2c,frozen,4,726,305,4,True
i2c,frozen,4,737,305,4,True
i2c,frozen,4,748,305,4,True
i2c,frozen,4,759,305,4,True
i2c,frozen,4,770,305,4,True
i2c,frozen,4,781,305,4,True
i2c,frozen,4,792,305,4,True
i2c,frozen,4,803,305,4,True
i2c,frozen,4,814,305,4,True
i2c,frozen,4,825,305,4,True
i2c,frozen,4,836,305,4,True
i2c,frozen,4,847,305,4,True
i2c,frozen,4,858,305,4,True
i2c,frozen,4,869,305,4,True
i2c,frozen,4,880,305,4,True
i2c,frozen,4,891,305,4,True
i2c,frozen,4,902,305,4,True
i2c,frozen,4,913,305,4,True
i2c,frozen,4,924,305,4,True
i2c,frozen,4,935,305,4,True
i2c,frozen,4,946,305,4,True
i2c,frozen,4,957,305,4,True
i2c,frozen,4,968,305,4,True
i2c,frozen,4,979,305,4,True
i2c,frozen,4,990,305,4,True
i2c,frozen,4,1001,305,4,True
i2c,frozen,4,1012,305,4,True
i2c,frozen,4,1023,305,4,True
i2c,frozen,4,1034,305,4,True
i2c,frozen,4,1045,305,4,True
i2c,frozen,4,1056,305,4,True
i2c,frozen,4,1067,305,4,True
i2c,frozen,4,1078,305,4,True
i2c,frozen,4,1089,305,4,True
i2c,frozen,4,1100,305,4,True
i2c,uniform,0,11,315,4,True
i2c,uniform,0,22,315,4,True
i2c,uniform,0,33,315,4,True
i2c,uniform,0,44,315,4,True
i2c,uniform,0,55,315,4,True
i2c,uniform,0,66,310,4,True
i2c,uniform,0,77,310,4,True
i2c,uniform,0,88,310,4,True
i2c,uniform,0,99,310,4,True
i2c,uniform,0,110,310,4,True
i2c,uniform,0,121,310,4,True
i2c,uniform,0,132,310,4,True
i2c,uniform,0,143,310,4,True
i2c,uniform,0,154,310,4,True
i2c,uniform,0,165,310,4,True
i2c,uniform,0,176,310,4,True
i2c,uniform,0,187,310,4,True
i2c,uniform,0,198,310,4,True
i2c,uniform,0,209,310,4,True
i2c,uniform,0,220,310,4,True
i2c,uniform,0,231,310,4,True
i2c,uniform,0,242,310,4,True
i2c,uniform,0,253,310,4,True
i2c,uniform,0,264,310,4,True
i2c,uniform,0,275,310,4,True
i2c,uniform,0,286,309,4,True
i2c,uniform,0,297,309,4,True
i2c,uniform,0,308,309,4,True
i2c,uniform,0,319,309,4,True
i2c,uniform,0,330,309,4,True
i2c,uniform,0,341,309,4,True
i2c,uniform,0,352,309,4,True
i2c,uniform,0,363,309,4,True
i2c,uniform,0,374,309,4,True
i2c,uniform,0,385,309,4,True
i2c,uniform,0,396,309,4,True
i2c,uniform,0,407,309,4,True
i2c,uniform,0,418,309,4,True
i2c,uniform,0,429,309,4,True
i2c,uniform,0,440,309,4,True
i2c,uniform,0,451,304,4,True
i2c,uniform,0,462,304,4,True
i2c,uniform,0,473,304,4,True
i2c,uniform,0,484,304,4,True
i2c,uniform,0,495,304,4,True
i2c,uniform,0,506,304,4,True
i2c,uniform,0,517,304,4,True
i2c,uniform,0,528,304,4,True
i2c,uniform,0,539,304,4,True
i2c,uniform,0,550,304,4,True
i2c,uniform,0,561,304,4,True
i2c,uniform,0,572,304,4,True
i2c,uniform,0,583,304,4,True
i2c,uniform,0,594,304,4,True
i2c,uniform,0,605,304,4,True
i2c,uniform,0,616,304,4,True
i2c,uniform,0,627,304,4,True
i2c,uniform,0,638,304,4,True
i2c,uniform,0,649,304,4,True
i2c,uniform,0,660,304,4,True
i2c,uniform,0,671,304,4,True
i2c,uniform,0,682,304,4,True
i2c,uniform,0,693,304,4,True
i2c,uniform,0,704,304,4,True
i2c,uniform,0,715,304,4,True
i2c,uniform,0,726,304,4,True
i2c,uniform,0,737,304,4,True
i2c,uniform,0,748,304,4,True
i2c,uniform,0,759,304,4,True
i2c,uniform,0,770,304,4,True
i2c,uniform,0,781,304,4,True
i2c,uniform,0,792,304,4,True
i2c,uniform,0,803,304,4,True
i2c,uniform,0,814,304,4,True
i2c,uniform,0,825,304,4,True
i2c,uniform,0,836,304,4,True
i2c,uniform,0,847,304,4,True
i2c,uniform,0,858,304,4,True
i2c,uniform,0,869,304,4,True
i2c,uniform,0,880,304,4,True
i2c,uniform,0,891,304,4,True
i2c,uniform,0,902,304,4,True
i2c,uniform,0,913,304,4,True
i2c,uniform,0,924,304,4,True
i2c,uniform,0,935,304,4,True
i2c,uniform,0,946,304,4,True
i2c,uniform,0,957,304,4,True
i2c,uniform,0,968,304,4,True
i2c,uniform,0,979,304,4,True
i2c,uniform,0,990,304,4,True
i2c,uniform,0,1001,304,4,True
i2c,uniform,0,1012,304,4,True
i2c,uniform,0,1023,304,4,True
i2c,uniform,0,1034,304,4,True
i2c,uniform,0,1045,304,4,True
i2c,uniform,0,1056,304,4,True
i2c,uniform,0,1067,304,4,True
i2c,uniform,0,1078,304,4,True
i2c,uniform,0,1089,304,4,True
i2c,uniform,0,1100,304,4,True
i2c,uniform,1,11,334,4,True
i2c,uniform,1,22,323,4,True
i2c,uniform,1,33,315,4,True
i2c,uniform,1,44,315,4,True
i2c,uniform,1,55,306,4,True
i2c,uniform,1,66,306,4,True
i2c,uniform,1,77,306,4,True
i2c,uniform,1,88,306,4,True
i2c,uniform,1,99,306,4,True
i2c,uniform,1,110,306,4,True
i2c,uniform,1,121,306,4,True
i2c,uniform,1,132,306,4,True
i2c,uniform,1,143,306,4,True
i2c,uniform,1,154,306,4,True
i2c,uniform,1,165,306,4,True
i2c,uniform,1,176,306,4,True
i2c,uniform,1,187,306,4,True
i2c,uniform,1,198,306,4,True
i2c,uniform,1,209,306,4,True
i2c,uniform,1,220,306,4,True
i2c,uniform,1,231,306,4,True
i2c,uniform,1,242,306,4,True
i2c,uniform,1,253,306,4,True
i2c,uniform,1,264,306,4,True
i2c,uniform,1,275,306,4,True
i2c,uniform,1,286,306,4,True
i2c,uniform,1,297,306,4,True
i2c,uniform,1,308,306,4,True
i2c,uniform,1,319,306,4,True
i2c,uniform,1,330,306,4,True
i2c,uniform,1,341,306,4,True
i2c,uniform,1,352,306,4,True
i2c,uniform,1,363,306,4,True
i2c,uniform,1,374,306,4,True
i2c,uniform,1,385,306,4,True
i2c,uniform,1,396,306,4,True
i2c,uniform,1,407,306,4,True
i2c,uniform,1,418,306,4,True
i2c,uniform,1,429,306,4,True
i2c,uniform,1,440,306,4,True
i2c,uniform,1,451,306,4,True
i2c,uniform,1,462,306,4,True
i2c,uniform,1,473,306,4,True
i2c,uniform,1,484,306,4,True
i2c,uniform,1,495,306,4,True
i2c,uniform,1,506,306,4,True
i2c,uniform,1,517,306,4,True
i2c,uniform,1,528,306,4,True
i2c,uniform,1,539,306,4,True
i2c,uniform,1,550,306,4,True
i2c,uniform,1,561,306,4,True
i2c,uniform,1,572,306,4,True
i2c,uniform,1,583,306,4,True
i2c,uniform,1,594,306,4,True
i2c,uniform,1,605,306,4,True
i2c,uniform,1,616,306,4,True
i2c,uniform,1,627,306,4,True
i2c,uniform,1,638,306,4,True
i2c,uniform,1,649,306,4,True
i2c,uniform,1,660,306,4,True
i2c,uniform,1,671,304,4,True
i2c,uniform,1,682,304,4,True
i2c,uniform,1,693,304,4,True
i2c,uniform,1,704,304,4,True
i2c,uniform,1,715,304,4,True
i2c,uniform,1,726,304,4,True
i2c,uniform,1,737,304,4,True
i2c,uniform,1,748,304,4,True
i2c,uniform,1,759,304,4,True
i2c,uniform,1,770,304,4,True
i2c,uniform,1,781,304,4,True
i2c,uniform,1,792,304,4,True
i2c,uniform,1,803,304,4,True
i2c,uniform,1,814,304,4,True
i2c,uniform,1,825,304,4,True
i2c,uniform,1,836,304,4,True
i2c,uniform,1,847,304,4,True
i2c,uniform,1,858,304,4,True
i2c,uniform,1,869,304,4,True
i2c,uniform,1,880,304,4,True
i2c,uniform,1,891,304,4,True
i2c,uniform,1,902,304,4,True
i2c,uniform,1,913,304,4,True
i2c,uniform,1,924,304,4,True
i2c,uniform,1,935,304,4,True
i2c,uniform,1,946,304,4,True
i2c,uniform,1,957,304,4,True
i2c,uniform,1,968,304,4,True
i2c,uniform,1,979,304,4,True
i2c,uniform,1,990,304,4,True
i2c,uniform,1,1001,304,4,True
i2c,uniform,1,1012,304,4,True
i2c,uniform,1,1023,304,4,True
i2c,uniform,1,1034,304,4,True
i2c,uniform,1,1045,304,4,True
i2c,uniform,1,1056,304,4,True
i2c,uniform,1,1067,304,4,True
i2c,uniform,1,1078,304,4,True
i2c,uniform,1,1089,304,4,True
i2c,uniform,1,1100,304,4,True
i2c,uniform,2,11,323,4,True
i2c,uniform,2,22,316,4,True
i2c,uniform,2,33,316,4,True
i2c,uniform,2,44,315,4,True
i2c,uniform,2,55,315,4,True
i2c,uniform,2,66,315,4,True
i2c,uniform,2,77,315,4,True
i2c,uniform,2,88,315,4,True
i2c,uniform,2,99,315,4,True
i2c,uniform,2,110,315,4,True
i2c,uniform,2,121,315,4,True
i2c,uniform,2,132,315,4,True
i2c,uniform,2,143,315,4,True
i2c,uniform,2,154,315,4,True
i2c,uniform,2,165,315,4,True
i2c,uniform,2,176,315,4,True
i2c,uniform,2,187,315,4,True
i2c,uniform,2,198,315,4,True
i2c,uniform,2,209,315,4,True
i2c,uniform,2,220,315,4,True
i2c,uniform,2,231,309,4,True
i2c,uniform,2,242,309,4,True
i2c,uniform,2,253,309,4,True
i2c,uniform,2,264,309,4,True
i2c,uniform,2,275,309,4,True
i2c,uniform,2,286,309,4,True
i2c,uniform,2,297,309,4,True
i2c,uniform,2,308,309,4,True
i2c,uniform,2,319,309,4,True
i2c,uniform,2,330,309,4,True
i2c,uniform,2,341,309,4,True
i2c,uniform,2,352,309,4,True
i2c,uniform,2,363,309,4,True
i2c,uniform,2,374,309,4,True
i2c,uniform,2,385,309,4,True
i2c,uniform,2,396,309,4,True
i2c,uniform,2,407,309,4,True
i2c,uniform,2,418,309,4,True
i2c,uniform,2,429,309,4,True
i2c,uniform,2,440,309,4,True
i2c,uniform,2,451,309,4,True
i2c,uniform,2,462,309,4,True
i2c,uniform,2,473,309,4,True
i2c,uniform,2,484,309,4,True
i2c,uniform,2,495,309,4,True
i2c,uniform,2,506,309,4,True
i2c,uniform,2,517,309,4,True
i2c,uniform,2,528,309,4,True
i2c,uniform,2,539,309,4,True
i2c,uniform,2,550,309,4,True
i2c,uniform,2,561,309,4,True
i2c,uniform,2,572,309,4,True
i2c,uniform,2,583,309,4,True
i2c,uniform,2,594,309,4,True
i2c,uniform,2,605,309,4,True
i2c,uniform,2,616,309,4,True
i2c,uniform,2,627,309,4,True
i2c,uniform,2,638,309,4,True
i2c,uniform,2,649,309,4,True
i2c,uniform,2,660,309,4,True
i2c,uniform,2,671,309,4,True
i2c,uniform,2,682,309,4,True
i2c,uniform,2,693,309,4,True
i2c,uniform,2,704,309,4,True
i2c,uniform,2,715,309,4,True
i2c,uniform,2,726,309,4,True
i2c,uniform,2,737,309,4,True
i2c,uniform,2,748,309,4,True
i2c,uniform,2,759,309,4,True
i2c,uniform,2,770,309,4,True
i2c,uniform,2,781,309,4,True
i2c,uniform,2,792,309,4,True
i2c,uniform,2,803,309,4,True
i2c,uniform,2,814,309,4,True
i2c,uniform,2,825,309,4,True
i2c,uniform,2,836,309,4,True
i2c,uniform,2,847,309,4,True
i2c,uniform,2,858,309,4,True
i2c,uniform,2,869,309,4,True
i2c,uniform,2,880,309,4,True
i2c,uniform,2,891,309,4,True
i2c,uniform,2,902,309,4,True
i2c,uniform,2,913,309,4,True
i2c,uniform,2,924,309,4,True
i2c,uniform,2,935,309,4,True
i2c,uniform,2,946,309,4,True
i2c,uniform,2,957,309,4,True
i2c,uniform,2,968,308,4,True
i2c,uniform,2,979,308,4,True
i2c,uniform,2,990,308,4,True
i2c,uniform,2,1001,308,4,True
i2c,uniform,2,1012,308,4,True
i2c,uniform,2,1023,308,4,True
i2c,uniform,2,1034,308,4,True
i2c,uniform,2,1045,308,4,True
i2c,uniform,2,1056,308,4,True
i2c,uniform,2,1067,308,4,True
i2c,uniform,2,1078,308,4,True
i2c,uniform,2,1089,308,4,True
i2c,uniform,2,1100,305,4,True
i2c,uniform,3,11,315,4,True
i2c,uniform,3,22,310,4,True
i2c,uniform,3,33,310,4,True
i2c,uniform,3,44,310,4,True
i2c,uniform,3,55,310,4,True
i2c,uniform,3,66,310,4,True
i2c,uniform,3,77,310,4,True
i2c,uniform,3,88,310,4,True
i2c,uniform,3,99,310,4,True
i2c,uniform,3,110,310,4,True
i2c,uniform,3,121,310,4,True
i2c,uniform,3,132,310,4,True
i2c,uniform,3,143,310,4,True
i2c,uniform,3,154,310,4,True
i2c,uniform,3,165,310,4,True
i2c,uniform,3,176,310,4,True
i2c,uniform,3,187,310,4,True
i2c,uniform,3,198,310,4,True
i2c,uniform,3,209,310,4,True
i2c,uniform,3,220,310,4,True
i2c,uniform,3,231,310,4,True
i2c,uniform,3,242,310,4,True
i2c,uniform,3,253,310,4,True
i2c,uniform,3,264,310,4,True
i2c,uniform,3,275,310,4,True
i2c,uniform,3,286,310,4,True
i2c,uniform,3,297,310,4,True
i2c,uniform,3,308,310,4,True
i2c,uniform,3,319,310,4,True
i2c,uniform,3,330,310,4,True
i2c,uniform,3,341,310,4,True
i2c,uniform,3,352,310,4,True
i2c,uniform,3,363,310,4,True
i2c,uniform,3,374,310,4,True
i2c,uniform,3,385,310,4,True
i2c,uniform,3,396,310,4,True
i2c,uniform,3,407,310,4,True
i2c,uniform,3,418,310,4,True
i2c,uniform,3,429,310,4,True
i2c,uniform,3,440,310,4,True
i2c,uniform,3,451,310,4,True
i2c,uniform,3,462,310,4,True
i2c,uniform,3,473,307,4,True
i2c,uniform,3,484,307,4,True
i2c,uniform,3,495,307,4,True
i2c,uniform,3,506,307,4,True
i2c,uniform,3,517,307,4,True
i2c,uniform,3,528,307,4,True
i2c,uniform,3,539,307,4,True
i2c,uniform,3,550,307,4,True
i2c,uniform,3,561,307,4,True
i2c,uniform,3,572,307,4,True
i2c,uniform,3,583,307,4,True
i2c,uniform,3,594,307,4,True
i2c,uniform,3,605,307,4,True
i2c,uniform,3,616,307,4,True
i2c,uniform,3,627,307,4,True
i2c,uniform,3,638,307,4,True
i2c,uniform,3,649,307,4,True
i2c,uniform,3,660,307,4,True
i2c,uniform,3,671,307,4,True
i2c,uniform,3,682,307,4,True
i2c,uniform,3,693,304,4,True
i2c,uniform,3,704,304,4,True
i2c,uniform,3,715,304,4,True
i2c,uniform,3,726,304,4,True
i2c,uniform,3,737,304,4,True
i2c,uniform,3,748,304,4,True
i2c,uniform,3,759,304,4,True
i2c,uniform,3,770,304,4,True
i2c,uniform,3,781,304,4,True
i2c,uniform,3,792,304,4,True
i2c,uniform,3,803,304,4,True
i2c,uniform,3,814,304,4,True
i2c,uniform,3,825,304,4,True
i2c,uniform,3,836,304,4,True
i2c,uniform,3,847,304,4,True
i2c,uniform,3,858,304,4,True
i2c,uniform,3,869,304,4,True
i2c,uniform,3,880,304,4,True
i2c,uniform,3,891,304,4,True
i2c,uniform,3,902,304,4,True
i2c,uniform,3,913,304,4,True
i2c,uniform,3,924,304,4,True
i2c,uniform,3,935,304,4,True
i2c,uniform,3,946,304,4,True
i2c,uniform,3,957,304,4,True
i2c,uniform,3,968,304,4,True
i2c,uniform,3,979,304,4,True
i2c,uniform,3,990,304,4,True
i2c,uniform,3,1001,304,4,True
i2c,uniform,3,1012,304,4,True
i2c,uniform,3,1023,304,4,True
i2c,uniform,3,1034,304,4,True
i2c,uniform,3,1045,304,4,True
i2c,uniform,3,1056,304,4,True
i2c,uniform,3,1067,304,4,True
i2c,uniform,3,1078,304,4,True
i2c,uniform,3,1089,304,4,True
i2c,uniform,3,1100,304,4,True
i2c,uniform,4,11,326,4,True
i2c,uniform,4,22,319,4,True
i2c,uniform,4,33,319,4,True
i2c,uniform,4,44,319,4,True
i2c,uniform,4,55,318,4,True
i2c,uniform,4,66,318,4,True
i2c,uniform,4,77,312,4,True
i2c,uniform,4,88,311,4,True
i2c,uniform,4,99,311,4,True
i2c,uniform,4,110,311,4,True
i2c,uniform,4,121,311,4,True
i2c,uniform,4,132,311,4,True
i2c,uniform,4,143,311,4,True
i2c,uniform,4,154,311,4,True
i2c,uniform,4,165,311,4,True
i2c,uniform,4,176,311,4,True
i2c,uniform,4,187,311,4,True
i2c,uniform,4,198,311,4,True
i2c,uniform,4,209,311,4,True
i2c,uniform,4,220,311,4,True
i2c,uniform,4,231,311,4,True
i2c,uniform,4,242,311,4,True
i2c,uniform,4,253,311,4,True
i2c,uniform,4,264,311,4,True
i2c,uniform,4,275,311,4,True
i2c,uniform,4,286,311,4,True
i2c,uniform,4,297,311,4,True
i2c,uniform,4,308,311,4,True
i2c,uniform,4,319,308,4,True
i2c,uniform,4,330,308,4,True
i2c,uniform,4,341,308,4,True
i2c,uniform,4,352,308,4,True
i2c,uniform,4,363,308,4,True
i2c,uniform,4,374,308,4,True
i2c,uniform,4,385,308,4,True
i2c,uniform,4,396,308,4,True
i2c,uniform,4,407,308,4,True
i2c,uniform,4,418,308,4,True
i2c,uniform,4,429,308,4,True
i2c,uniform,4,440,308,4,True
i2c,uniform,4,451,308,4,True
i2c,uniform,4,462,308,4,True
i2c,uniform,4,473,308,4,True
i2c,uniform,4,484,308,4,True
i2c,uniform,4,495,308,4,True
i2c,uniform,4,506,308,4,True
i2c,uniform,4,517,308,4,True
i2c,uniform,4,528,308,4,True
i2c,uniform,4,539,308,4,True
i2c,uniform,4,550,308,4,True
i2c,uniform,4,561,308,4,True
i2c,uniform,4,572,308,4,True
i2c,uniform,4,583,308,4,True
i2c,uniform,4,594,308,4,True
i2c,uniform,4,605,308,4,True
i2c,uniform,4,616,308,4,True
i2c,uniform,4,627,308,4,True
i2c,uniform,4,638,308,4,True
i2c,uniform,4,649,308,4,True
i2c,uniform,4,660,308,4,True
i2c,uniform,4,671,308,4,True
i2c,uniform,4,682,308,4,True
i2c,uniform,4,693,308,4,True
i2c,uniform,4,704,308,4,True
i2c,uniform,4,715,308,4,True
i2c,uniform,4,726,308,4,True
i2c,uniform,4,737,308,4,True
i2c,uniform,4,748,308,4,True
i2c,uniform,4,759,308,4,True
i2c,uniform,4,770,308,4,True
i2c,uniform,4,781,308,4,True
i2c,uniform,4,792,308,4,True
i2c,uniform,4,803,308,4,True
i2c,uniform,4,814,308,4,True
i2c,uniform,4,825,308,4,True
i2c,uniform,4,836,308,4,True
i2c,uniform,4,847,308,4,True
i2c,uniform,4,858,308,4,True
i2c,uniform,4,869,308,4,True
i2c,uniform,4,880,306,4,True
i2c,uniform,4,891,306,4,True
i2c,uniform,4,902,306,4,True
i2c,uniform,4,913,306,4,True
i2c,uniform,4,924,306,4,True
i2c,uniform,4,935,306,4,True
i2c,uniform,4,946,306,4,True
i2c,uniform,4,957,306,4,True
i2c,uniform,4,968,306,4,True
i2c,uniform,4,979,306,4,True
i2c,uniform,4,990,306,4,True
i2c,uniform,4,1001,306,4,True
i2c,uniform,4,1012,306,4,True
i2c,uniform,4,1023,306,4,True
i2c,uniform,4,1034,306,4,True
i2c,uniform,4,1045,306,4,True
i2c,uniform,4,1056,306,4,True
i2c,uniform,4,1067,306,4,True
i2c,uniform,4,1078,306,4,True
i2c,uniform,4,1089,306,4,True
i2c,uniform,4,1100,306,4,True
i2c,greedy,0,11,314,4,True
i2c,greedy,0,22,314,4,True
i2c,greedy,0,33,314,4,True
i2c,greedy,0,44,314,4,True
i2c,greedy,0,55,314,4,True
i2c,greedy,0,66,314,4,True
i2c,greedy,0,77,314,4,True
i2c,greedy,0,88,314,4,True
i2c,greedy,0,99,314,4,True
i2c,greedy,0,110,314,4,True
i2c,greedy,0,121,314,4,True
i2c,greedy,0,132,314,4,True
i2c,greedy,0,143,314,4,True
i2c,greedy,0,154,314,4,True
i2c,greedy,0,165,314,4,True
i2c,greedy,0,176,314,4,True
i2c,greedy,0,187,314,4,True
i2c,greedy,0,198,314,4,True
i2c,greedy,0,209,314,4,True
i2c,greedy,0,220,314,4,True
i2c,greedy,0,231,314,4,True
i2c,greedy,0,242,314,4,True
i2c,greedy,0,253,314,4,True
i2c,greedy,0,264,314,4,True
i2c,greedy,0,275,314,4,True
i2c,greedy,0,286,314,4,True
i2c,greedy,0,297,314,4,True
i2c,greedy,0,308,314,4,True
i2c,greedy,0,319,314,4,True
i2c,greedy,0,330,314,4,True
i2c,greedy,0,341,314,4,True
i2c,greedy,0,352,314,4,True
i2c,greedy,0,363,314,4,True
i2c,greedy,0,374,314,4,True
i2c,greedy,0,385,314,4,True
i2c,greedy,0,396,314,4,True
i2c,greedy,0,407,314,4,True
i2c,greedy,0,418,314,4,True
i2c,greedy,0,429,314,4,True
i2c,greedy,0,440,314,4,True
i2c,greedy,0,451,314,4,True
i2c,greedy,0,462,314,4,True
i2c,greedy,0,473,314,4,True
i2c,greedy,0,484,314,4,True
i2c,greedy,0,495,314,4,True
i2c,greedy,0,506,314,4,True
i2c,greedy,0,517,314,4,True
i2c,greedy,0,528,314,4,True
i2c,greedy,0,539,314,4,True
i2c,greedy,0,550,314,4,True
i2c,greedy,0,561,314,4,True
i2c,greedy,0,572,314,4,True
i2c,greedy,0,583,314,4,True
i2c,greedy,0,594,314,4,True
i2c,greedy,0,605,314,4,True
i2c,greedy,0,616,314,4,True
i2c,greedy,0,627,314,4,True
i2c,greedy,0,638,314,4,True
i2c,greedy,0,649,314,4,True
i2c,greedy,0,660,314,4,True
i2c,greedy,0,671,314,4,True
i2c,greedy,0,682,314,4,True
i2c,greedy,0,693,314,4,True
i2c,greedy,0,704,314,4,True
i2c,greedy,0,715,314,4,True
i2c,greedy,0,726,314,4,True
i2c,greedy,0,737,314,4,True
i2c,greedy,0,748,314,4,True
i2c,greedy,0,759,314,4,True
i2c,greedy,0,770,314,4,True
i2c,greedy,0,781,314,4,True
i2c,greedy,0,792,314,4,True
i2c,greedy,0,803,314,4,True
i2c,greedy,0,814,314,4,True
i2c,greedy,0,825,314,4,True
i2c,greedy,0,836,314,4,True
i2c,greedy,0,847,314,4,True
i2c,greedy,0,858,314,4,True
i2c,greedy,0,869,314,4,True
i2c,greedy,0,880,314,4,True
i2c,greedy,0,891,314,4,True
i2c,greedy,0,902,314,4,True
i2c,greedy,0,913,314,4,True
i2c,greedy,0,924,314,4,True
i2c,greedy,0,935,314,4,True
i2c,greedy,0,946,314,4,True
i2c,greedy,0,957,314,4,True
i2c,greedy,0,968,314,4,True
i2c,greedy,0,979,314,4,True
i2c,greedy,0,990,314,4,True
i2c,greedy,0,1001,314,4,True
i2c,greedy,0,1012,314,4,True
i2c,greedy,0,1023,314,4,True
i2c,greedy,0,1034,314,4,True
i2c,greedy,0,1045,314,4,True
i2c,greedy,0,1056,314,4,True
i2c,greedy,0,1067,314,4,True
i2c,greedy,0,1078,314,4,True
i2c,greedy,0,1089,314,4,True
i2c,greedy,0,1100,314,4,True
i2c,greedy,1,11,314,4,True
i2c,greedy,1,22,314,4,True
i2c,greedy,1,33,314,4,True
i2c,greedy,1,44,314,4,True
i2c,greedy,1,55,314,4,True
i2c,greedy,1,66,314,4,True
i2c,greedy,1,77,314,4,True
i2c,greedy,1,88,314,4,True
i2c,greedy,1,99,314,4,True
i2c,greedy,1,110,314,4,True
i2c,greedy,1,121,314,4,True
i2c,greedy,1,132,314,4,True
i2c,greedy,1,143,314,4,True
i2c,greedy,1,154,314,4,True
i2c,greedy,1,165,314,4,True
i2c,greedy,1,176,314,4,True
i2c,greedy,1,187,314,4,True
i2c,greedy,1,198,314,4,True
i2c,greedy,1,209,314,4,True
i2c,greedy,1,220,314,4,True
i2c,greedy,1,231,314,4,True
i2c,greedy,1,242,314,4,True
i2c,greedy,1,253,314,4,True
i2c,greedy,1,264,314,4,True
i2c,greedy,1,275,314,4,True
i2c,greedy,1,286,314,4,True
i2c,greedy,1,297,314,4,True
i2c,greedy,1,308,314,4,True
i2c,greedy,1,319,314,4,True
i2c,greedy,1,330,314,4,True
i2c,greedy,1,341,314,4,True
i2c,greedy,1,352,314,4,True
i2c,greedy,1,363,314,4,True
i2c,greedy,1,374,314,4,True
i2c,greedy,1,385,314,4,True
i2c,greedy,1,396,314,4,True
i2c,greedy,1,407,314,4,True
i2c,greedy,1,418,314,4,True
i2c,greedy,1,429,314,4,True
i2c,greedy,1,440,314,4,True
i2c,greedy,1,451,314,4,True
i2c,greedy,1,462,314,4,True
i2c,greedy,1,473,314,4,True
i2c,greedy,1,484,314,4,True
i2c,greedy,1,495,314,4,True
i2c,greedy,1,506,314,4,True
i2c,greedy,1,517,314,4,True
i2c,greedy,1,528,314,4,True
i2c,greedy,1,539,314,4,True
i2c,greedy,1,550,314,4,True
i2c,greedy,1,561,314,4,True
i2c,greedy,1,572,314,4,True
i2c,greedy,1,583,314,4,True
i2c,greedy,1,594,314,4,True
i2c,greedy,1,605,314,4,True
i2c,greedy,1,616,314,4,True
i2c,greedy,1,627,314,4,True
i2c,greedy,1,638,314,4,True
i2c,greedy,1,649,314,4,True
i2c,greedy,1,660,314,4,True
i2c,greedy,1,671,314,4,True
i2c,greedy,1,682,314,4,True
i2c,greedy,1,693,314,4,True
i2c,greedy,1,704,314,4,True
i2c,greedy,1,715,314,4,True
i2c,greedy,1,726,314,4,True
i2c,greedy,1,737,314,4,True
i2c,greedy,1,748,314,4,True
i2c,greedy,1,759,314,4,True
i2c,greedy,1,770,314,4,True
i2c,greedy,1,781,314,4,True
i2c,greedy,1,792,314,4,True
i2c,greedy,1,803,314,4,True
i2c,greedy,1,814,314,4,True
i2c,greedy,1,825,314,4,True
i2c,greedy,1,836,314,4,True
i2c,greedy,1,847,314,4,True
i2c,greedy,1,858,314,4,True
i2c,greedy,1,869,314,4,True
i2c,greedy,1,880,314,4,True
i2c,greedy,1,891,314,4,True
i2c,greedy,1,902,314,4,True
i2c,greedy,1,913,314,4,True
i2c,greedy,1,924,314,4,True
i2c,greedy,1,935,314,4,True
i2c,greedy,1,946,314,4,True
i2c,greedy,1,957,314,4,True
i2c,greedy,1,968,314,4,True
i2c,greedy,1,979,314,4,True
i2c,greedy,1,990,314,4,True
i2c,greedy,1,1001,314,4,True
i2c,greedy,1,1012,314,4,True
i2c,greedy,1,1023,314,4,True
i2c,greedy,1,1034,314,4,True
i2c,greedy,1,1045,314,4,True
i2c,greedy,1,1056,314,4,True
i2c,greedy,1,1067,314,4,True
i2c,greedy,1,1078,314,4,True
i2c,greedy,1,1089,314,4,True
i2c,greedy,1,1100,314,4,True
i2c,greedy,2,11,314,4,True
i2c,greedy,2,22,314,4,True
i2c,greedy,2,33,314,4,True
i2c,greedy,2,44,314,4,True
i2c,greedy,2,55,314,4,True
i2c,greedy,2,66,314,4,True
i2c,greedy,2,77,314,4,True
i2c,greedy,2,88,314,4,True
i2c,greedy,2,99,314,4,True
i2c,greedy,2,110,314,4,True
i2c,greedy,2,121,314,4,True
i2c,greedy,2,132,314,4,True
i2c,greedy,2,143,314,4,True
i2c,greedy,2,154,314,4,True
i2c,greedy,2,165,314,4,True
i2c,greedy,2,176,314,4,True
i2c,greedy,2,187,314,4,True
i2c,greedy,2,198,314,4,True
i2c,greedy,2,209,314,4,True
i2c,greedy,2,220,314,4,True
i2c,greedy,2,231,314,4,True
i2c,greedy,2,242,314,4,True
i2c,greedy,2,253,314,4,True
i2c,greedy,2,264,314,4,True
i2c,greedy,2,275,314,4,True
i2c,greedy,2,286,314,4,True
i2c,greedy,2,297,314,4,True
i2c,greedy,2,308,314,4,True
i2c,greedy,2,319,314,4,True
i2c,greedy,2,330,314,4,True
i2c,greedy,2,341,314,4,True
i2c,greedy,2,352,314,4,True
i2c,greedy,2,363,314,4,True
i2c,greedy,2,374,314,4,True
i2c,greedy,2,385,314,4,True
i2c,greedy,2,396,314,4,True
i2c,greedy,2,407,314,4,True
i2c,greedy,2,418,314,4,True
i2c,greedy,2,429,314,4,True
i2c,greedy,2,440,314,4,True
i2c,greedy,2,451,314,4,True
i2c,greedy,2,462,314,4,True
i2c,greedy,2,473,314,4,True
i2c,greedy,2,484,314,4,True
i2c,greedy,2,495,314,4,True
i2c,greedy,2,506,314,4,True
i2c,greedy,2,517,314,4,True
i2c,greedy,2,528,314,4,True
i2c,greedy,2,539,314,4,True
i2c,greedy,2,550,314,4,True
i2c,greedy,2,561,314,4,True
i2c,greedy,2,572,314,4,True
i2c,greedy,2,583,314,4,True
i2c,greedy,2,594,314,4,True
i2c,greedy,2,605,314,4,True
i2c,greedy,2,616,314,4,True
i2c,greedy,2,627,314,4,True
i2c,greedy,2,638,314,4,True
i2c,greedy,2,649,314,4,True
i2c,greedy,2,660,314,4,True
i2c,greedy,2,671,314,4,True
i2c,greedy,2,682,314,4,True
i2c,greedy,2,693,314,4,True
i2c,greedy,2,704,314,4,True
i2c,greedy,2,715,314,4,True
i2c,greedy,2,726,314,4,True
i2c,greedy,2,737,314,4,True
i2c,greedy,2,748,314,4,True
i2c,greedy,2,759,314,4,True
i2c,greedy,2,770,314,4,True
i2c,greedy,2,781,314,4,True
i2c,greedy,2,792,314,4,True
i2c,greedy,2,803,314,4,True
i2c,greedy,2,814,314,4,True
i2c,greedy,2,825,314,4,True
i2c,greedy,2,836,314,4,True
i2c,greedy,2,847,314,4,True
i2c,greedy,2,858,314,4,True
i2c,greedy,2,869,314,4,True
i2c,greedy,2,880,314,4,True
i2c,greedy,2,891,314,4,True
i2c,greedy,2,902,314,4,True
i2c,greedy,2,913,314,4,True
i2c,greedy,2,924,314,4,True
i2c,greedy,2,935,314,4,True
i2c,greedy,2,946,314,4,True
i2c,greedy,2,957,314,4,True
i2c,greedy,2,968,314,4,True
i2c,greedy,2,979,314,4,True
i2c,greedy,2,990,314,4,True
i2c,greedy,2,1001,314,4,True
i2c,greedy,2,1012,314,4,True
i2c,greedy,2,1023,314,4,True
i2c,greedy,2,1034,314,4,True
i2c,greedy,2,1045,314,4,True
i2c,greedy,2,1056,314,4,True
i2c,greedy,2,1067,314,4,True
i2c,greedy,2,1078,314,4,True
i2c,greedy,2,1089,314,4,True
i2c,greedy,2,1100,314,4,True
i2c,greedy,3,11,314,4,True
i2c,greedy,3,22,314,4,True
i2c,greedy,3,33,314,4,True
i2c,greedy,3,44,314,4,True
i2c,greedy,3,55,314,4,True
i2c,greedy,3,66,314,4,True
i2c,greedy,3,77,314,4,True
i2c,greedy,3,88,314,4,True
i2c,greedy,3,99,314,4,True
i2c,greedy,3,110,314,4,True
i2c,greedy,3,121,314,4,True
i2c,greedy,3,132,314,4,True
i2c,greedy,3,143,314,4,True
i2c,greedy,3,154,314,4,True
i2c,greedy,3,165,314,4,True
i2c,greedy,3,176,314,4,True
i2c,greedy,3,187,314,4,True
i2c,greedy,3,198,314,4,True
i2c,greedy,3,209,314,4,True
i2c,greedy,3,220,314,4,True
i2c,greedy,3,231,314,4,True
i2c,greedy,3,242,314,4,True
i2c,greedy,3,253,314,4,True
i2c,greedy,3,264,314,4,True
i2c,greedy,3,275,314,4,True
i2c,greedy,3,286,314,4,True
i2c,greedy,3,297,314,4,True
i2c,greedy,3,308,314,4,True
i2c,greedy,3,319,314,4,True
i2c,greedy,3,330,314,4,True
i2c,greedy,3,341,314,4,True
i2c,greedy,3,352,314,4,True
i2c,greedy,3,363,314,4,True
i2c,greedy,3,374,314,4,True
i2c,greedy,3,385,314,4,True
i2c,greedy,3,396,314,4,True
i2c,greedy,3,407,314,4,True
i2c,greedy,3,418,314,4,True
i2c,greedy,3,429,314,4,True
i2c,greedy,3,440,314,4,True
i2c,greedy,3,451,314,4,True
i2c,greedy,3,462,314,4,True
i2c,greedy,3,473,314,4,True
i2c,greedy,3,484,314,4,True
i2c,greedy,3,495,314,4,True
i2c,greedy,3,506,314,4,True
i2c,greedy,3,517,314,4,True
i2c,greedy,3,528,314,4,True
i2c,greedy,3,539,314,4,True
i2c,greedy,3,550,314,4,True
i2c,greedy,3,561,314,4,True
i2c,greedy,3,572,314,4,True
i2c,greedy,3,583,314,4,True
i2c,greedy,3,594,314,4,True
i2c,greedy,3,605,314,4,True
i2c,greedy,3,616,314,4,True
i2c,greedy,3,627,314,4,True
i2c,greedy,3,638,314,4,True
i2c,greedy,3,649,314,4,True
i2c,greedy,3,660,314,4,True
i2c,greedy,3,671,314,4,True
i2c,greedy,3,682,314,4,True
i2c,greedy,3,693,314,4,True
i2c,greedy,3,704,314,4,True
i2c,greedy,3,715,314,4,True
i2c,greedy,3,726,314,4,True
i2c,greedy,3,737,314,4,True
i2c,greedy,3,748,314,4,True
i2c,greedy,3,759,314,4,True
i2c,greedy,3,770,314,4,True
i2c,greedy,3,781,314,4,True
i2c,greedy,3,792,314,4,True
i2c,greedy,3,803,314,4,True
i2c,greedy,3,814,314,4,True
i2c,greedy,3,825,314,4,True
i2c,greedy,3,836,314,4,True
i2c,greedy,3,847,314,4,True
i2c,greedy,3,858,314,4,True
i2c,greedy,3,869,314,4,True
i2c,greedy,3,880,314,4,True
i2c,greedy,3,891,314,4,True
i2c,greedy,3,902,314,4,True
i2c,greedy,3,913,314,4,True
i2c,greedy,3,924,314,4,True
i2c,greedy,3,935,314,4,True
i2c,greedy,3,946,314,4,True
i2c,greedy,3,957,314,4,True
i2c,greedy,3,968,314,4,True
i2c,greedy,3,979,314,4,True
i2c,greedy,3,990,314,4,True
i2c,greedy,3,1001,314,4,True
i2c,greedy,3,1012,314,4,True
i2c,greedy,3,1023,314,4,True
i2c,greedy,3,1034,314,4,True
i2c,greedy,3,1045,314,4,True
i2c,greedy,3,1056,314,4,True
i2c,greedy,3,1067,314,4,True
i2c,greedy,3,1078,314,4,True
i2c,greedy,3,1089,314,4,True
i2c,greedy,3,1100,314,4,True
i2c,greedy,4,11,314,4,True
i2c,greedy,4,22,314,4,True
i2c,greedy,4,33,314,4,True
i2c,greedy,4,44,314,4,True
i2c,greedy,4,55,314,4,True
i2c,greedy,4,66,314,4,True
i2c,greedy,4,77,314,4,True
i2c,greedy,4,88,314,4,True
i2c,greedy,4,99,314,4,True
i2c,greedy,4,110,314,4,True
i2c,greedy,4,121,314,4,True
i2c,greedy,4,132,314,4,True
i2c,greedy,4,143,314,4,True
i2c,greedy,4,154,314,4,True
i2c,greedy,4,165,314,4,True
i2c,greedy,4,176,314,4,True
i2c,greedy,4,187,314,4,True
i2c,greedy,4,198,314,4,True
i2c,greedy,4,209,314,4,True
i2c,greedy,4,220,314,4,True
i2c,greedy,4,231,314,4,True
i2c,greedy,4,242,314,4,True
i2c,greedy,4,253,314,4,True
i2c,greedy,4,264,314,4,True
i2c,greedy,4,275,314,4,True
i2c,greedy,4,286,314,4,True
i2c,greedy,4,297,314,4,True
i2c,greedy,4,308,314,4,True
i2c,greedy,4,319,314,4,True
i2c,greedy,4,330,314,4,True
i2c,greedy,4,341,314,4,True
i2c,greedy,4,352,314,4,True
i2c,greedy,4,363,314,4,True
i2c,greedy,4,374,314,4,True
i2c,greedy,4,385,314,4,True
i2c,greedy,4,396,314,4,True
i2c,greedy,4,407,314,4,True
i2c,greedy,4,418,314,4,True
i2c,greedy,4,429,314,4,True
i2c,greedy,4,440,314,4,True
i2c,greedy,4,451,314,4,True
i2c,greedy,4,462,314,4,True
i2c,greedy,4,473,314,4,True
i2c,greedy,4,484,314,4,True
i2c,greedy,4,495,314,4,True
i2c,greedy,4,506,314,4,True
i2c,greedy,4,517,314,4,True
i2c,greedy,4,528,314,4,True
i2c,greedy,4,539,314,4,True
i2c,greedy,4,550,314,4,True
i2c,greedy,4,561,314,4,True
i2c,greedy,4,572,314,4,True
i2c,greedy,4,583,314,4,True
i2c,greedy,4,594,314,4,True
i2c,greedy,4,605,314,4,True
i2c,greedy,4,616,314,4,True
i2c,greedy,4,627,314,4,True
i2c,greedy,4,638,314,4,True
i2c,greedy,4,649,314,4,True
i2c,greedy,4,660,314,4,True
i2c,greedy,4,671,314,4,True
i2c,greedy,4,682,314,4,True
i2c,greedy,4,693,314,4,True
i2c,greedy,4,704,314,4,True
i2c,greedy,4,715,314,4,True
i2c,greedy,4,726,314,4,True
i2c,greedy,4,737,314,4,True
i2c,greedy,4,748,314,4,True
i2c,greedy,4,759,314,4,True
i2c,greedy,4,770,314,4,True
i2c,greedy,4,781,314,4,True
i2c,greedy,4,792,314,4,True
i2c,greedy,4,803,314,4,True
i2c,greedy,4,814,314,4,True
i2c,greedy,4,825,314,4,True
i2c,greedy,4,836,314,4,True
i2c,greedy,4,847,314,4,True
i2c,greedy,4,858,314,4,True
i2c,greedy,4,869,314,4,True
i2c,greedy,4,880,314,4,True
i2c,greedy,4,891,314,4,True
i2c,greedy,4,902,314,4,True
i2c,greedy,4,913,314,4,True
i2c,greedy,4,924,314,4,True
i2c,greedy,4,935,314,4,True
i2c,greedy,4,946,314,4,True
i2c,greedy,4,957,314,4,True
i2c,greedy,4,968,314,4,True
i2c,greedy,4,979,314,4,True
i2c,greedy,4,990,314,4,True
i2c,greedy,4,1001,314,4,True
i2c,greedy,4,1012,314,4,True
i2c,greedy,4,1023,314,4,True
i2c,greedy,4,1034,314,4,True
i2c,greedy,4,1045,314,4,True
i2c,greedy,4,1056,314,4,True
i2c,greedy,4,1067,314,4,True
i2c,greedy,4,1078,314,4,True
i2c,greedy,4,1089,314,4,True
i2c,greedy,4,1100,314,4,True
